solid hall
  facet normal -1 0 0
    outer loop
      vertex 0.000 0.000 0.000
      vertex 0.000 0.000 6.600
      vertex 0.000 34.800 6.600
    endloop
  endfacet
  facet normal -1 0 0
    outer loop
      vertex 0.000 0.000 0.000
      vertex 0.000 34.800 6.600
      vertex 0.000 34.800 0.000
    endloop
  endfacet
  facet normal 1 0 0
    outer loop
      vertex 21.300 0.000 0.000
      vertex 21.300 34.800 0.000
      vertex 21.300 34.800 6.600
    endloop
  endfacet
  facet normal 1 0 0
    outer loop
      vertex 21.300 0.000 0.000
      vertex 21.300 34.800 6.600
      vertex 21.300 0.000 6.600
    endloop
  endfacet
  facet normal 0 -1 0
    outer loop
      vertex 0.000 0.000 0.000
      vertex 21.300 0.000 0.000
      vertex 21.300 0.000 6.600
    endloop
  endfacet
  facet normal 0 -1 0
    outer loop
      vertex 0.000 0.000 0.000
      vertex 21.300 0.000 6.600
      vertex 0.000 0.000 6.600
    endloop
  endfacet
  facet normal 0 1 0
    outer loop
      vertex 0.000 34.800 0.000
      vertex 0.000 34.800 6.600
      vertex 21.300 34.800 6.600
    endloop
  endfacet
  facet normal 0 1 0
    outer loop
      vertex 0.000 34.800 0.000
      vertex 21.300 34.800 6.600
      vertex 21.300 34.800 0.000
    endloop
  endfacet
  facet normal 0 0 -1
    outer loop
      vertex 0.000 0.000 0.000
      vertex 0.000 34.800 0.000
      vertex 21.300 34.800 0.000
    endloop
  endfacet
  facet normal 0 0 -1
    outer loop
      vertex 0.000 0.000 0.000
      vertex 21.300 34.800 0.000
      vertex 21.300 0.000 0.000
    endloop
  endfacet
  facet normal 0 0 1
    outer loop
      vertex 0.000 0.000 6.600
      vertex 21.300 0.000 6.600
      vertex 21.300 34.800 6.600
    endloop
  endfacet
  facet normal 0 0 1
    outer loop
      vertex 0.000 0.000 6.600
      vertex 21.300 34.800 6.600
      vertex 0.000 34.800 6.600
    endloop
  endfacet
endsolid hall
solid deck
  facet normal 0 0 1
    outer loop
      vertex 0.000 0.000 1.000
      vertex 21.300 0.000 1.000
      vertex 21.300 34.800 1.000
    endloop
  endfacet
  facet normal 0 0 1
    outer loop
      vertex 0.000 0.000 1.000
      vertex 21.300 34.800 1.000
      vertex 0.000 34.800 1.000
    endloop
  endfacet
endsolid deck
solid ceiling
  facet normal 0 0 1
    outer loop
      vertex 4.500 0.000 5.000
      vertex 17.100 0.000 5.000
      vertex 17.100 34.800 5.000
    endloop
  endfacet
  facet normal 0 0 1
    outer loop
      vertex 4.500 0.000 5.000
      vertex 17.100 34.800 5.000
      vertex 4.500 34.800 5.000
    endloop
  endfacet
endsolid ceiling
solid wall:gallery_w
  facet normal 1 0 0
    outer loop
      vertex 4.500 0.000 0.000
      vertex 4.500 34.800 0.000
      vertex 4.500 34.800 6.600
    endloop
  endfacet
  facet normal 1 0 0
    outer loop
      vertex 4.500 0.000 0.000
      vertex 4.500 34.800 6.600
      vertex 4.500 0.000 6.600
    endloop
  endfacet
endsolid wall:gallery_w
solid mesh:gallery_w_plenum
  facet normal 1 0 0
    outer loop
      vertex 4.500 0.000 0.000
      vertex 4.500 34.800 0.000
      vertex 4.500 34.800 1.000
    endloop
  endfacet
  facet normal 1 0 0
    outer loop
      vertex 4.500 0.000 0.000
      vertex 4.500 34.800 1.000
      vertex 4.500 0.000 1.000
    endloop
  endfacet
endsolid mesh:gallery_w_plenum
solid mesh:gallery_w_return
  facet normal 1 0 0
    outer loop
      vertex 4.500 0.000 5.000
      vertex 4.500 34.800 5.000
      vertex 4.500 34.800 6.600
    endloop
  endfacet
  facet normal 1 0 0
    outer loop
      vertex 4.500 0.000 5.000
      vertex 4.500 34.800 6.600
      vertex 4.500 0.000 6.600
    endloop
  endfacet
endsolid mesh:gallery_w_return
solid wall:gallery_e
  facet normal 1 0 0
    outer loop
      vertex 17.100 0.000 0.000
      vertex 17.100 34.800 0.000
      vertex 17.100 34.800 6.600
    endloop
  endfacet
  facet normal 1 0 0
    outer loop
      vertex 17.100 0.000 0.000
      vertex 17.100 34.800 6.600
      vertex 17.100 0.000 6.600
    endloop
  endfacet
endsolid wall:gallery_e
solid mesh:gallery_e_plenum
  facet normal 1 0 0
    outer loop
      vertex 17.100 0.000 0.000
      vertex 17.100 34.800 0.000
      vertex 17.100 34.800 1.000
    endloop
  endfacet
  facet normal 1 0 0
    outer loop
      vertex 17.100 0.000 0.000
      vertex 17.100 34.800 1.000
      vertex 17.100 0.000 1.000
    endloop
  endfacet
endsolid mesh:gallery_e_plenum
solid mesh:gallery_e_return
  facet normal 1 0 0
    outer loop
      vertex 17.100 0.000 5.000
      vertex 17.100 34.800 5.000
      vertex 17.100 34.800 6.600
    endloop
  endfacet
  facet normal 1 0 0
    outer loop
      vertex 17.100 0.000 5.000
      vertex 17.100 34.800 6.600
      vertex 17.100 0.000 6.600
    endloop
  endfacet
endsolid mesh:gallery_e_return
solid rack:F1-01:+y
  facet normal -1 0 0
    outer loop
      vertex 5.700 30.600 1.000
      vertex 5.700 30.600 3.200
      vertex 5.700 31.800 3.200
    endloop
  endfacet
  facet normal -1 0 0
    outer loop
      vertex 5.700 30.600 1.000
      vertex 5.700 31.800 3.200
      vertex 5.700 31.800 1.000
    endloop
  endfacet
  facet normal 1 0 0
    outer loop
      vertex 6.300 30.600 1.000
      vertex 6.300 31.800 1.000
      vertex 6.300 31.800 3.200
    endloop
  endfacet
  facet normal 1 0 0
    outer loop
      vertex 6.300 30.600 1.000
      vertex 6.300 31.800 3.200
      vertex 6.300 30.600 3.200
    endloop
  endfacet
  facet normal 0 -1 0
    outer loop
      vertex 5.700 30.600 1.000
      vertex 6.300 30.600 1.000
      vertex 6.300 30.600 3.200
    endloop
  endfacet
  facet normal 0 -1 0
    outer loop
      vertex 5.700 30.600 1.000
      vertex 6.300 30.600 3.200
      vertex 5.700 30.600 3.200
    endloop
  endfacet
  facet normal 0 1 0
    outer loop
      vertex 5.700 31.800 1.000
      vertex 5.700 31.800 3.200
      vertex 6.300 31.800 3.200
    endloop
  endfacet
  facet normal 0 1 0
    outer loop
      vertex 5.700 31.800 1.000
      vertex 6.300 31.800 3.200
      vertex 6.300 31.800 1.000
    endloop
  endfacet
  facet normal 0 0 -1
    outer loop
      vertex 5.700 30.600 1.000
      vertex 5.700 31.800 1.000
      vertex 6.300 31.800 1.000
    endloop
  endfacet
  facet normal 0 0 -1
    outer loop
      vertex 5.700 30.600 1.000
      vertex 6.300 31.800 1.000
      vertex 6.300 30.600 1.000
    endloop
  endfacet
  facet normal 0 0 1
    outer loop
      vertex 5.700 30.600 3.200
      vertex 6.300 30.600 3.200
      vertex 6.300 31.800 3.200
    endloop
  endfacet
  facet normal 0 0 1
    outer loop
      vertex 5.700 30.600 3.200
      vertex 6.300 31.800 3.200
      vertex 5.700 31.800 3.200
    endloop
  endfacet
endsolid rack:F1-01:+y
solid rack:F1-02:+y
  facet normal -1 0 0
    outer loop
      vertex 6.300 30.600 1.000
      vertex 6.300 30.600 3.200
      vertex 6.300 31.800 3.200
    endloop
  endfacet
  facet normal -1 0 0
    outer loop
      vertex 6.300 30.600 1.000
      vertex 6.300 31.800 3.200
      vertex 6.300 31.800 1.000
    endloop
  endfacet
  facet normal 1 0 0
    outer loop
      vertex 6.900 30.600 1.000
      vertex 6.900 31.800 1.000
      vertex 6.900 31.800 3.200
    endloop
  endfacet
  facet normal 1 0 0
    outer loop
      vertex 6.900 30.600 1.000
      vertex 6.900 31.800 3.200
      vertex 6.900 30.600 3.200
    endloop
  endfacet
  facet normal 0 -1 0
    outer loop
      vertex 6.300 30.600 1.000
      vertex 6.900 30.600 1.000
      vertex 6.900 30.600 3.200
    endloop
  endfacet
  facet normal 0 -1 0
    outer loop
      vertex 6.300 30.600 1.000
      vertex 6.900 30.600 3.200
      vertex 6.300 30.600 3.200
    endloop
  endfacet
  facet normal 0 1 0
    outer loop
      vertex 6.300 31.800 1.000
      vertex 6.300 31.800 3.200
      vertex 6.900 31.800 3.200
    endloop
  endfacet
  facet normal 0 1 0
    outer loop
      vertex 6.300 31.800 1.000
      vertex 6.900 31.800 3.200
      vertex 6.900 31.800 1.000
    endloop
  endfacet
  facet normal 0 0 -1
    outer loop
      vertex 6.300 30.600 1.000
      vertex 6.300 31.800 1.000
      vertex 6.900 31.800 1.000
    endloop
  endfacet
  facet normal 0 0 -1
    outer loop
      vertex 6.300 30.600 1.000
      vertex 6.900 31.800 1.000
      vertex 6.900 30.600 1.000
    endloop
  endfacet
  facet normal 0 0 1
    outer loop
      vertex 6.300 30.600 3.200
      vertex 6.900 30.600 3.200
      vertex 6.900 31.800 3.200
    endloop
  endfacet
  facet normal 0 0 1
    outer loop
      vertex 6.300 30.600 3.200
      vertex 6.900 31.800 3.200
      vertex 6.300 31.800 3.200
    endloop
  endfacet
endsolid rack:F1-02:+y
solid rack:F1-03:+y
  facet normal -1 0 0
    outer loop
      vertex 6.900 30.600 1.000
      vertex 6.900 30.600 3.200
      vertex 6.900 31.800 3.200
    endloop
  endfacet
  facet normal -1 0 0
    outer loop
      vertex 6.900 30.600 1.000
      vertex 6.900 31.800 3.200
      vertex 6.900 31.800 1.000
    endloop
  endfacet
  facet normal 1 0 0
    outer loop
      vertex 7.500 30.600 1.000
      vertex 7.500 31.800 1.000
      vertex 7.500 31.800 3.200
    endloop
  endfacet
  facet normal 1 0 0
    outer loop
      vertex 7.500 30.600 1.000
      vertex 7.500 31.800 3.200
      vertex 7.500 30.600 3.200
    endloop
  endfacet
  facet normal 0 -1 0
    outer loop
      vertex 6.900 30.600 1.000
      vertex 7.500 30.600 1.000
      vertex 7.500 30.600 3.200
    endloop
  endfacet
  facet normal 0 -1 0
    outer loop
      vertex 6.900 30.600 1.000
      vertex 7.500 30.600 3.200
      vertex 6.900 30.600 3.200
    endloop
  endfacet
  facet normal 0 1 0
    outer loop
      vertex 6.900 31.800 1.000
      vertex 6.900 31.800 3.200
      vertex 7.500 31.800 3.200
    endloop
  endfacet
  facet normal 0 1 0
    outer loop
      vertex 6.900 31.800 1.000
      vertex 7.500 31.800 3.200
      vertex 7.500 31.800 1.000
    endloop
  endfacet
  facet normal 0 0 -1
    outer loop
      vertex 6.900 30.600 1.000
      vertex 6.900 31.800 1.000
      vertex 7.500 31.800 1.000
    endloop
  endfacet
  facet normal 0 0 -1
    outer loop
      vertex 6.900 30.600 1.000
      vertex 7.500 31.800 1.000
      vertex 7.500 30.600 1.000
    endloop
  endfacet
  facet normal 0 0 1
    outer loop
      vertex 6.900 30.600 3.200
      vertex 7.500 30.600 3.200
      vertex 7.500 31.800 3.200
    endloop
  endfacet
  facet normal 0 0 1
    outer loop
      vertex 6.900 30.600 3.200
      vertex 7.500 31.800 3.200
      vertex 6.900 31.800 3.200
    endloop
  endfacet
endsolid rack:F1-03:+y
solid rack:F1-04:+y
  facet normal -1 0 0
    outer loop
      vertex 7.500 30.600 1.000
      vertex 7.500 30.600 3.200
      vertex 7.500 31.800 3.200
    endloop
  endfacet
  facet normal -1 0 0
    outer loop
      vertex 7.500 30.600 1.000
      vertex 7.500 31.800 3.200
      vertex 7.500 31.800 1.000
    endloop
  endfacet
  facet normal 1 0 0
    outer loop
      vertex 8.100 30.600 1.000
      vertex 8.100 31.800 1.000
      vertex 8.100 31.800 3.200
    endloop
  endfacet
  facet normal 1 0 0
    outer loop
      vertex 8.100 30.600 1.000
      vertex 8.100 31.800 3.200
      vertex 8.100 30.600 3.200
    endloop
  endfacet
  facet normal 0 -1 0
    outer loop
      vertex 7.500 30.600 1.000
      vertex 8.100 30.600 1.000
      vertex 8.100 30.600 3.200
    endloop
  endfacet
  facet normal 0 -1 0
    outer loop
      vertex 7.500 30.600 1.000
      vertex 8.100 30.600 3.200
      vertex 7.500 30.600 3.200
    endloop
  endfacet
  facet normal 0 1 0
    outer loop
      vertex 7.500 31.800 1.000
      vertex 7.500 31.800 3.200
      vertex 8.100 31.800 3.200
    endloop
  endfacet
  facet normal 0 1 0
    outer loop
      vertex 7.500 31.800 1.000
      vertex 8.100 31.800 3.200
      vertex 8.100 31.800 1.000
    endloop
  endfacet
  facet normal 0 0 -1
    outer loop
      vertex 7.500 30.600 1.000
      vertex 7.500 31.800 1.000
      vertex 8.100 31.800 1.000
    endloop
  endfacet
  facet normal 0 0 -1
    outer loop
      vertex 7.500 30.600 1.000
      vertex 8.100 31.800 1.000
      vertex 8.100 30.600 1.000
    endloop
  endfacet
  facet normal 0 0 1
    outer loop
      vertex 7.500 30.600 3.200
      vertex 8.100 30.600 3.200
      vertex 8.100 31.800 3.200
    endloop
  endfacet
  facet normal 0 0 1
    outer loop
      vertex 7.500 30.600 3.200
      vertex 8.100 31.800 3.200
      vertex 7.500 31.800 3.200
    endloop
  endfacet
endsolid rack:F1-04:+y
solid rack:F1-05:+y
  facet normal -1 0 0
    outer loop
      vertex 8.100 30.600 1.000
      vertex 8.100 30.600 3.200
      vertex 8.100 31.800 3.200
    endloop
  endfacet
  facet normal -1 0 0
    outer loop
      vertex 8.100 30.600 1.000
      vertex 8.100 31.800 3.200
      vertex 8.100 31.800 1.000
    endloop
  endfacet
  facet normal 1 0 0
    outer loop
      vertex 8.700 30.600 1.000
      vertex 8.700 31.800 1.000
      vertex 8.700 31.800 3.200
    endloop
  endfacet
  facet normal 1 0 0
    outer loop
      vertex 8.700 30.600 1.000
      vertex 8.700 31.800 3.200
      vertex 8.700 30.600 3.200
    endloop
  endfacet
  facet normal 0 -1 0
    outer loop
      vertex 8.100 30.600 1.000
      vertex 8.700 30.600 1.000
      vertex 8.700 30.600 3.200
    endloop
  endfacet
  facet normal 0 -1 0
    outer loop
      vertex 8.100 30.600 1.000
      vertex 8.700 30.600 3.200
      vertex 8.100 30.600 3.200
    endloop
  endfacet
  facet normal 0 1 0
    outer loop
      vertex 8.100 31.800 1.000
      vertex 8.100 31.800 3.200
      vertex 8.700 31.800 3.200
    endloop
  endfacet
  facet normal 0 1 0
    outer loop
      vertex 8.100 31.800 1.000
      vertex 8.700 31.800 3.200
      vertex 8.700 31.800 1.000
    endloop
  endfacet
  facet normal 0 0 -1
    outer loop
      vertex 8.100 30.600 1.000
      vertex 8.100 31.800 1.000
      vertex 8.700 31.800 1.000
    endloop
  endfacet
  facet normal 0 0 -1
    outer loop
      vertex 8.100 30.600 1.000
      vertex 8.700 31.800 1.000
      vertex 8.700 30.600 1.000
    endloop
  endfacet
  facet normal 0 0 1
    outer loop
      vertex 8.100 30.600 3.200
      vertex 8.700 30.600 3.200
      vertex 8.700 31.800 3.200
    endloop
  endfacet
  facet normal 0 0 1
    outer loop
      vertex 8.100 30.600 3.200
      vertex 8.700 31.800 3.200
      vertex 8.100 31.800 3.200
    endloop
  endfacet
endsolid rack:F1-05:+y
solid rack:F1-06:+y
  facet normal -1 0 0
    outer loop
      vertex 8.700 30.600 1.000
      vertex 8.700 30.600 3.200
      vertex 8.700 31.800 3.200
    endloop
  endfacet
  facet normal -1 0 0
    outer loop
      vertex 8.700 30.600 1.000
      vertex 8.700 31.800 3.200
      vertex 8.700 31.800 1.000
    endloop
  endfacet
  facet normal 1 0 0
    outer loop
      vertex 9.300 30.600 1.000
      vertex 9.300 31.800 1.000
      vertex 9.300 31.800 3.200
    endloop
  endfacet
  facet normal 1 0 0
    outer loop
      vertex 9.300 30.600 1.000
      vertex 9.300 31.800 3.200
      vertex 9.300 30.600 3.200
    endloop
  endfacet
  facet normal 0 -1 0
    outer loop
      vertex 8.700 30.600 1.000
      vertex 9.300 30.600 1.000
      vertex 9.300 30.600 3.200
    endloop
  endfacet
  facet normal 0 -1 0
    outer loop
      vertex 8.700 30.600 1.000
      vertex 9.300 30.600 3.200
      vertex 8.700 30.600 3.200
    endloop
  endfacet
  facet normal 0 1 0
    outer loop
      vertex 8.700 31.800 1.000
      vertex 8.700 31.800 3.200
      vertex 9.300 31.800 3.200
    endloop
  endfacet
  facet normal 0 1 0
    outer loop
      vertex 8.700 31.800 1.000
      vertex 9.300 31.800 3.200
      vertex 9.300 31.800 1.000
    endloop
  endfacet
  facet normal 0 0 -1
    outer loop
      vertex 8.700 30.600 1.000
      vertex 8.700 31.800 1.000
      vertex 9.300 31.800 1.000
    endloop
  endfacet
  facet normal 0 0 -1
    outer loop
      vertex 8.700 30.600 1.000
      vertex 9.300 31.800 1.000
      vertex 9.300 30.600 1.000
    endloop
  endfacet
  facet normal 0 0 1
    outer loop
      vertex 8.700 30.600 3.200
      vertex 9.300 30.600 3.200
      vertex 9.300 31.800 3.200
    endloop
  endfacet
  facet normal 0 0 1
    outer loop
      vertex 8.700 30.600 3.200
      vertex 9.300 31.800 3.200
      vertex 8.700 31.800 3.200
    endloop
  endfacet
endsolid rack:F1-06:+y
solid rack:F1-07:+y
  facet normal -1 0 0
    outer loop
      vertex 9.300 30.600 1.000
      vertex 9.300 30.600 3.200
      vertex 9.300 31.800 3.200
    endloop
  endfacet
  facet normal -1 0 0
    outer loop
      vertex 9.300 30.600 1.000
      vertex 9.300 31.800 3.200
      vertex 9.300 31.800 1.000
    endloop
  endfacet
  facet normal 1 0 0
    outer loop
      vertex 9.900 30.600 1.000
      vertex 9.900 31.800 1.000
      vertex 9.900 31.800 3.200
    endloop
  endfacet
  facet normal 1 0 0
    outer loop
      vertex 9.900 30.600 1.000
      vertex 9.900 31.800 3.200
      vertex 9.900 30.600 3.200
    endloop
  endfacet
  facet normal 0 -1 0
    outer loop
      vertex 9.300 30.600 1.000
      vertex 9.900 30.600 1.000
      vertex 9.900 30.600 3.200
    endloop
  endfacet
  facet normal 0 -1 0
    outer loop
      vertex 9.300 30.600 1.000
      vertex 9.900 30.600 3.200
      vertex 9.300 30.600 3.200
    endloop
  endfacet
  facet normal 0 1 0
    outer loop
      vertex 9.300 31.800 1.000
      vertex 9.300 31.800 3.200
      vertex 9.900 31.800 3.200
    endloop
  endfacet
  facet normal 0 1 0
    outer loop
      vertex 9.300 31.800 1.000
      vertex 9.900 31.800 3.200
      vertex 9.900 31.800 1.000
    endloop
  endfacet
  facet normal 0 0 -1
    outer loop
      vertex 9.300 30.600 1.000
      vertex 9.300 31.800 1.000
      vertex 9.900 31.800 1.000
    endloop
  endfacet
  facet normal 0 0 -1
    outer loop
      vertex 9.300 30.600 1.000
      vertex 9.900 31.800 1.000
      vertex 9.900 30.600 1.000
    endloop
  endfacet
  facet normal 0 0 1
    outer loop
      vertex 9.300 30.600 3.200
      vertex 9.900 30.600 3.200
      vertex 9.900 31.800 3.200
    endloop
  endfacet
  facet normal 0 0 1
    outer loop
      vertex 9.300 30.600 3.200
      vertex 9.900 31.800 3.200
      vertex 9.300 31.800 3.200
    endloop
  endfacet
endsolid rack:F1-07:+y
solid rack:F1-08:+y
  facet normal -1 0 0
    outer loop
      vertex 9.900 30.600 1.000
      vertex 9.900 30.600 3.200
      vertex 9.900 31.800 3.200
    endloop
  endfacet
  facet normal -1 0 0
    outer loop
      vertex 9.900 30.600 1.000
      vertex 9.900 31.800 3.200
      vertex 9.900 31.800 1.000
    endloop
  endfacet
  facet normal 1 0 0
    outer loop
      vertex 10.500 30.600 1.000
      vertex 10.500 31.800 1.000
      vertex 10.500 31.800 3.200
    endloop
  endfacet
  facet normal 1 0 0
    outer loop
      vertex 10.500 30.600 1.000
      vertex 10.500 31.800 3.200
      vertex 10.500 30.600 3.200
    endloop
  endfacet
  facet normal 0 -1 0
    outer loop
      vertex 9.900 30.600 1.000
      vertex 10.500 30.600 1.000
      vertex 10.500 30.600 3.200
    endloop
  endfacet
  facet normal 0 -1 0
    outer loop
      vertex 9.900 30.600 1.000
      vertex 10.500 30.600 3.200
      vertex 9.900 30.600 3.200
    endloop
  endfacet
  facet normal 0 1 0
    outer loop
      vertex 9.900 31.800 1.000
      vertex 9.900 31.800 3.200
      vertex 10.500 31.800 3.200
    endloop
  endfacet
  facet normal 0 1 0
    outer loop
      vertex 9.900 31.800 1.000
      vertex 10.500 31.800 3.200
      vertex 10.500 31.800 1.000
    endloop
  endfacet
  facet normal 0 0 -1
    outer loop
      vertex 9.900 30.600 1.000
      vertex 9.900 31.800 1.000
      vertex 10.500 31.800 1.000
    endloop
  endfacet
  facet normal 0 0 -1
    outer loop
      vertex 9.900 30.600 1.000
      vertex 10.500 31.800 1.000
      vertex 10.500 30.600 1.000
    endloop
  endfacet
  facet normal 0 0 1
    outer loop
      vertex 9.900 30.600 3.200
      vertex 10.500 30.600 3.200
      vertex 10.500 31.800 3.200
    endloop
  endfacet
  facet normal 0 0 1
    outer loop
      vertex 9.900 30.600 3.200
      vertex 10.500 31.800 3.200
      vertex 9.900 31.800 3.200
    endloop
  endfacet
endsolid rack:F1-08:+y
solid rack:F1-09:+y
  facet normal -1 0 0
    outer loop
      vertex 10.500 30.600 1.000
      vertex 10.500 30.600 3.200
      vertex 10.500 31.800 3.200
    endloop
  endfacet
  facet normal -1 0 0
    outer loop
      vertex 10.500 30.600 1.000
      vertex 10.500 31.800 3.200
      vertex 10.500 31.800 1.000
    endloop
  endfacet
  facet normal 1 0 0
    outer loop
      vertex 11.100 30.600 1.000
      vertex 11.100 31.800 1.000
      vertex 11.100 31.800 3.200
    endloop
  endfacet
  facet normal 1 0 0
    outer loop
      vertex 11.100 30.600 1.000
      vertex 11.100 31.800 3.200
      vertex 11.100 30.600 3.200
    endloop
  endfacet
  facet normal 0 -1 0
    outer loop
      vertex 10.500 30.600 1.000
      vertex 11.100 30.600 1.000
      vertex 11.100 30.600 3.200
    endloop
  endfacet
  facet normal 0 -1 0
    outer loop
      vertex 10.500 30.600 1.000
      vertex 11.100 30.600 3.200
      vertex 10.500 30.600 3.200
    endloop
  endfacet
  facet normal 0 1 0
    outer loop
      vertex 10.500 31.800 1.000
      vertex 10.500 31.800 3.200
      vertex 11.100 31.800 3.200
    endloop
  endfacet
  facet normal 0 1 0
    outer loop
      vertex 10.500 31.800 1.000
      vertex 11.100 31.800 3.200
      vertex 11.100 31.800 1.000
    endloop
  endfacet
  facet normal 0 0 -1
    outer loop
      vertex 10.500 30.600 1.000
      vertex 10.500 31.800 1.000
      vertex 11.100 31.800 1.000
    endloop
  endfacet
  facet normal 0 0 -1
    outer loop
      vertex 10.500 30.600 1.000
      vertex 11.100 31.800 1.000
      vertex 11.100 30.600 1.000
    endloop
  endfacet
  facet normal 0 0 1
    outer loop
      vertex 10.500 30.600 3.200
      vertex 11.100 30.600 3.200
      vertex 11.100 31.800 3.200
    endloop
  endfacet
  facet normal 0 0 1
    outer loop
      vertex 10.500 30.600 3.200
      vertex 11.100 31.800 3.200
      vertex 10.500 31.800 3.200
    endloop
  endfacet
endsolid rack:F1-09:+y
solid rack:F1-10:+y
  facet normal -1 0 0
    outer loop
      vertex 11.100 30.600 1.000
      vertex 11.100 30.600 3.200
      vertex 11.100 31.800 3.200
    endloop
  endfacet
  facet normal -1 0 0
    outer loop
      vertex 11.100 30.600 1.000
      vertex 11.100 31.800 3.200
      vertex 11.100 31.800 1.000
    endloop
  endfacet
  facet normal 1 0 0
    outer loop
      vertex 11.700 30.600 1.000
      vertex 11.700 31.800 1.000
      vertex 11.700 31.800 3.200
    endloop
  endfacet
  facet normal 1 0 0
    outer loop
      vertex 11.700 30.600 1.000
      vertex 11.700 31.800 3.200
      vertex 11.700 30.600 3.200
    endloop
  endfacet
  facet normal 0 -1 0
    outer loop
      vertex 11.100 30.600 1.000
      vertex 11.700 30.600 1.000
      vertex 11.700 30.600 3.200
    endloop
  endfacet
  facet normal 0 -1 0
    outer loop
      vertex 11.100 30.600 1.000
      vertex 11.700 30.600 3.200
      vertex 11.100 30.600 3.200
    endloop
  endfacet
  facet normal 0 1 0
    outer loop
      vertex 11.100 31.800 1.000
      vertex 11.100 31.800 3.200
      vertex 11.700 31.800 3.200
    endloop
  endfacet
  facet normal 0 1 0
    outer loop
      vertex 11.100 31.800 1.000
      vertex 11.700 31.800 3.200
      vertex 11.700 31.800 1.000
    endloop
  endfacet
  facet normal 0 0 -1
    outer loop
      vertex 11.100 30.600 1.000
      vertex 11.100 31.800 1.000
      vertex 11.700 31.800 1.000
    endloop
  endfacet
  facet normal 0 0 -1
    outer loop
      vertex 11.100 30.600 1.000
      vertex 11.700 31.800 1.000
      vertex 11.700 30.600 1.000
    endloop
  endfacet
  facet normal 0 0 1
    outer loop
      vertex 11.100 30.600 3.200
      vertex 11.700 30.600 3.200
      vertex 11.700 31.800 3.200
    endloop
  endfacet
  facet normal 0 0 1
    outer loop
      vertex 11.100 30.600 3.200
      vertex 11.700 31.800 3.200
      vertex 11.100 31.800 3.200
    endloop
  endfacet
endsolid rack:F1-10:+y
solid rack:F1-11:+y
  facet normal -1 0 0
    outer loop
      vertex 11.700 30.600 1.000
      vertex 11.700 30.600 3.200
      vertex 11.700 31.800 3.200
    endloop
  endfacet
  facet normal -1 0 0
    outer loop
      vertex 11.700 30.600 1.000
      vertex 11.700 31.800 3.200
      vertex 11.700 31.800 1.000
    endloop
  endfacet
  facet normal 1 0 0
    outer loop
      vertex 12.300 30.600 1.000
      vertex 12.300 31.800 1.000
      vertex 12.300 31.800 3.200
    endloop
  endfacet
  facet normal 1 0 0
    outer loop
      vertex 12.300 30.600 1.000
      vertex 12.300 31.800 3.200
      vertex 12.300 30.600 3.200
    endloop
  endfacet
  facet normal 0 -1 0
    outer loop
      vertex 11.700 30.600 1.000
      vertex 12.300 30.600 1.000
      vertex 12.300 30.600 3.200
    endloop
  endfacet
  facet normal 0 -1 0
    outer loop
      vertex 11.700 30.600 1.000
      vertex 12.300 30.600 3.200
      vertex 11.700 30.600 3.200
    endloop
  endfacet
  facet normal 0 1 0
    outer loop
      vertex 11.700 31.800 1.000
      vertex 11.700 31.800 3.200
      vertex 12.300 31.800 3.200
    endloop
  endfacet
  facet normal 0 1 0
    outer loop
      vertex 11.700 31.800 1.000
      vertex 12.300 31.800 3.200
      vertex 12.300 31.800 1.000
    endloop
  endfacet
  facet normal 0 0 -1
    outer loop
      vertex 11.700 30.600 1.000
      vertex 11.700 31.800 1.000
      vertex 12.300 31.800 1.000
    endloop
  endfacet
  facet normal 0 0 -1
    outer loop
      vertex 11.700 30.600 1.000
      vertex 12.300 31.800 1.000
      vertex 12.300 30.600 1.000
    endloop
  endfacet
  facet normal 0 0 1
    outer loop
      vertex 11.700 30.600 3.200
      vertex 12.300 30.600 3.200
      vertex 12.300 31.800 3.200
    endloop
  endfacet
  facet normal 0 0 1
    outer loop
      vertex 11.700 30.600 3.200
      vertex 12.300 31.800 3.200
      vertex 11.700 31.800 3.200
    endloop
  endfacet
endsolid rack:F1-11:+y
solid rack:F1-12:+y
  facet normal -1 0 0
    outer loop
      vertex 12.300 30.600 1.000
      vertex 12.300 30.600 3.200
      vertex 12.300 31.800 3.200
    endloop
  endfacet
  facet normal -1 0 0
    outer loop
      vertex 12.300 30.600 1.000
      vertex 12.300 31.800 3.200
      vertex 12.300 31.800 1.000
    endloop
  endfacet
  facet normal 1 0 0
    outer loop
      vertex 12.900 30.600 1.000
      vertex 12.900 31.800 1.000
      vertex 12.900 31.800 3.200
    endloop
  endfacet
  facet normal 1 0 0
    outer loop
      vertex 12.900 30.600 1.000
      vertex 12.900 31.800 3.200
      vertex 12.900 30.600 3.200
    endloop
  endfacet
  facet normal 0 -1 0
    outer loop
      vertex 12.300 30.600 1.000
      vertex 12.900 30.600 1.000
      vertex 12.900 30.600 3.200
    endloop
  endfacet
  facet normal 0 -1 0
    outer loop
      vertex 12.300 30.600 1.000
      vertex 12.900 30.600 3.200
      vertex 12.300 30.600 3.200
    endloop
  endfacet
  facet normal 0 1 0
    outer loop
      vertex 12.300 31.800 1.000
      vertex 12.300 31.800 3.200
      vertex 12.900 31.800 3.200
    endloop
  endfacet
  facet normal 0 1 0
    outer loop
      vertex 12.300 31.800 1.000
      vertex 12.900 31.800 3.200
      vertex 12.900 31.800 1.000
    endloop
  endfacet
  facet normal 0 0 -1
    outer loop
      vertex 12.300 30.600 1.000
      vertex 12.300 31.800 1.000
      vertex 12.900 31.800 1.000
    endloop
  endfacet
  facet normal 0 0 -1
    outer loop
      vertex 12.300 30.600 1.000
      vertex 12.900 31.800 1.000
      vertex 12.900 30.600 1.000
    endloop
  endfacet
  facet normal 0 0 1
    outer loop
      vertex 12.300 30.600 3.200
      vertex 12.900 30.600 3.200
      vertex 12.900 31.800 3.200
    endloop
  endfacet
  facet normal 0 0 1
    outer loop
      vertex 12.300 30.600 3.200
      vertex 12.900 31.800 3.200
      vertex 12.300 31.800 3.200
    endloop
  endfacet
endsolid rack:F1-12:+y
solid rack:F1-13:+y
  facet normal -1 0 0
    outer loop
      vertex 12.900 30.600 1.000
      vertex 12.900 30.600 3.200
      vertex 12.900 31.800 3.200
    endloop
  endfacet
  facet normal -1 0 0
    outer loop
      vertex 12.900 30.600 1.000
      vertex 12.900 31.800 3.200
      vertex 12.900 31.800 1.000
    endloop
  endfacet
  facet normal 1 0 0
    outer loop
      vertex 13.500 30.600 1.000
      vertex 13.500 31.800 1.000
      vertex 13.500 31.800 3.200
    endloop
  endfacet
  facet normal 1 0 0
    outer loop
      vertex 13.500 30.600 1.000
      vertex 13.500 31.800 3.200
      vertex 13.500 30.600 3.200
    endloop
  endfacet
  facet normal 0 -1 0
    outer loop
      vertex 12.900 30.600 1.000
      vertex 13.500 30.600 1.000
      vertex 13.500 30.600 3.200
    endloop
  endfacet
  facet normal 0 -1 0
    outer loop
      vertex 12.900 30.600 1.000
      vertex 13.500 30.600 3.200
      vertex 12.900 30.600 3.200
    endloop
  endfacet
  facet normal 0 1 0
    outer loop
      vertex 12.900 31.800 1.000
      vertex 12.900 31.800 3.200
      vertex 13.500 31.800 3.200
    endloop
  endfacet
  facet normal 0 1 0
    outer loop
      vertex 12.900 31.800 1.000
      vertex 13.500 31.800 3.200
      vertex 13.500 31.800 1.000
    endloop
  endfacet
  facet normal 0 0 -1
    outer loop
      vertex 12.900 30.600 1.000
      vertex 12.900 31.800 1.000
      vertex 13.500 31.800 1.000
    endloop
  endfacet
  facet normal 0 0 -1
    outer loop
      vertex 12.900 30.600 1.000
      vertex 13.500 31.800 1.000
      vertex 13.500 30.600 1.000
    endloop
  endfacet
  facet normal 0 0 1
    outer loop
      vertex 12.900 30.600 3.200
      vertex 13.500 30.600 3.200
      vertex 13.500 31.800 3.200
    endloop
  endfacet
  facet normal 0 0 1
    outer loop
      vertex 12.900 30.600 3.200
      vertex 13.500 31.800 3.200
      vertex 12.900 31.800 3.200
    endloop
  endfacet
endsolid rack:F1-13:+y
solid rack:F1-14:+y
  facet normal -1 0 0
    outer loop
      vertex 13.500 30.600 1.000
      vertex 13.500 30.600 3.200
      vertex 13.500 31.800 3.200
    endloop
  endfacet
  facet normal -1 0 0
    outer loop
      vertex 13.500 30.600 1.000
      vertex 13.500 31.800 3.200
      vertex 13.500 31.800 1.000
    endloop
  endfacet
  facet normal 1 0 0
    outer loop
      vertex 14.100 30.600 1.000
      vertex 14.100 31.800 1.000
      vertex 14.100 31.800 3.200
    endloop
  endfacet
  facet normal 1 0 0
    outer loop
      vertex 14.100 30.600 1.000
      vertex 14.100 31.800 3.200
      vertex 14.100 30.600 3.200
    endloop
  endfacet
  facet normal 0 -1 0
    outer loop
      vertex 13.500 30.600 1.000
      vertex 14.100 30.600 1.000
      vertex 14.100 30.600 3.200
    endloop
  endfacet
  facet normal 0 -1 0
    outer loop
      vertex 13.500 30.600 1.000
      vertex 14.100 30.600 3.200
      vertex 13.500 30.600 3.200
    endloop
  endfacet
  facet normal 0 1 0
    outer loop
      vertex 13.500 31.800 1.000
      vertex 13.500 31.800 3.200
      vertex 14.100 31.800 3.200
    endloop
  endfacet
  facet normal 0 1 0
    outer loop
      vertex 13.500 31.800 1.000
      vertex 14.100 31.800 3.200
      vertex 14.100 31.800 1.000
    endloop
  endfacet
  facet normal 0 0 -1
    outer loop
      vertex 13.500 30.600 1.000
      vertex 13.500 31.800 1.000
      vertex 14.100 31.800 1.000
    endloop
  endfacet
  facet normal 0 0 -1
    outer loop
      vertex 13.500 30.600 1.000
      vertex 14.100 31.800 1.000
      vertex 14.100 30.600 1.000
    endloop
  endfacet
  facet normal 0 0 1
    outer loop
      vertex 13.500 30.600 3.200
      vertex 14.100 30.600 3.200
      vertex 14.100 31.800 3.200
    endloop
  endfacet
  facet normal 0 0 1
    outer loop
      vertex 13.500 30.600 3.200
      vertex 14.100 31.800 3.200
      vertex 13.500 31.800 3.200
    endloop
  endfacet
endsolid rack:F1-14:+y
solid rack:F1-15:+y
  facet normal -1 0 0
    outer loop
      vertex 14.100 30.600 1.000
      vertex 14.100 30.600 3.200
      vertex 14.100 31.800 3.200
    endloop
  endfacet
  facet normal -1 0 0
    outer loop
      vertex 14.100 30.600 1.000
      vertex 14.100 31.800 3.200
      vertex 14.100 31.800 1.000
    endloop
  endfacet
  facet normal 1 0 0
    outer loop
      vertex 14.700 30.600 1.000
      vertex 14.700 31.800 1.000
      vertex 14.700 31.800 3.200
    endloop
  endfacet
  facet normal 1 0 0
    outer loop
      vertex 14.700 30.600 1.000
      vertex 14.700 31.800 3.200
      vertex 14.700 30.600 3.200
    endloop
  endfacet
  facet normal 0 -1 0
    outer loop
      vertex 14.100 30.600 1.000
      vertex 14.700 30.600 1.000
      vertex 14.700 30.600 3.200
    endloop
  endfacet
  facet normal 0 -1 0
    outer loop
      vertex 14.100 30.600 1.000
      vertex 14.700 30.600 3.200
      vertex 14.100 30.600 3.200
    endloop
  endfacet
  facet normal 0 1 0
    outer loop
      vertex 14.100 31.800 1.000
      vertex 14.100 31.800 3.200
      vertex 14.700 31.800 3.200
    endloop
  endfacet
  facet normal 0 1 0
    outer loop
      vertex 14.100 31.800 1.000
      vertex 14.700 31.800 3.200
      vertex 14.700 31.800 1.000
    endloop
  endfacet
  facet normal 0 0 -1
    outer loop
      vertex 14.100 30.600 1.000
      vertex 14.100 31.800 1.000
      vertex 14.700 31.800 1.000
    endloop
  endfacet
  facet normal 0 0 -1
    outer loop
      vertex 14.100 30.600 1.000
      vertex 14.700 31.800 1.000
      vertex 14.700 30.600 1.000
    endloop
  endfacet
  facet normal 0 0 1
    outer loop
      vertex 14.100 30.600 3.200
      vertex 14.700 30.600 3.200
      vertex 14.700 31.800 3.200
    endloop
  endfacet
  facet normal 0 0 1
    outer loop
      vertex 14.100 30.600 3.200
      vertex 14.700 31.800 3.200
      vertex 14.100 31.800 3.200
    endloop
  endfacet
endsolid rack:F1-15:+y
solid rack:F1-16:+y
  facet normal -1 0 0
    outer loop
      vertex 14.700 30.600 1.000
      vertex 14.700 30.600 3.200
      vertex 14.700 31.800 3.200
    endloop
  endfacet
  facet normal -1 0 0
    outer loop
      vertex 14.700 30.600 1.000
      vertex 14.700 31.800 3.200
      vertex 14.700 31.800 1.000
    endloop
  endfacet
  facet normal 1 0 0
    outer loop
      vertex 15.300 30.600 1.000
      vertex 15.300 31.800 1.000
      vertex 15.300 31.800 3.200
    endloop
  endfacet
  facet normal 1 0 0
    outer loop
      vertex 15.300 30.600 1.000
      vertex 15.300 31.800 3.200
      vertex 15.300 30.600 3.200
    endloop
  endfacet
  facet normal 0 -1 0
    outer loop
      vertex 14.700 30.600 1.000
      vertex 15.300 30.600 1.000
      vertex 15.300 30.600 3.200
    endloop
  endfacet
  facet normal 0 -1 0
    outer loop
      vertex 14.700 30.600 1.000
      vertex 15.300 30.600 3.200
      vertex 14.700 30.600 3.200
    endloop
  endfacet
  facet normal 0 1 0
    outer loop
      vertex 14.700 31.800 1.000
      vertex 14.700 31.800 3.200
      vertex 15.300 31.800 3.200
    endloop
  endfacet
  facet normal 0 1 0
    outer loop
      vertex 14.700 31.800 1.000
      vertex 15.300 31.800 3.200
      vertex 15.300 31.800 1.000
    endloop
  endfacet
  facet normal 0 0 -1
    outer loop
      vertex 14.700 30.600 1.000
      vertex 14.700 31.800 1.000
      vertex 15.300 31.800 1.000
    endloop
  endfacet
  facet normal 0 0 -1
    outer loop
      vertex 14.700 30.600 1.000
      vertex 15.300 31.800 1.000
      vertex 15.300 30.600 1.000
    endloop
  endfacet
  facet normal 0 0 1
    outer loop
      vertex 14.700 30.600 3.200
      vertex 15.300 30.600 3.200
      vertex 15.300 31.800 3.200
    endloop
  endfacet
  facet normal 0 0 1
    outer loop
      vertex 14.700 30.600 3.200
      vertex 15.300 31.800 3.200
      vertex 14.700 31.800 3.200
    endloop
  endfacet
endsolid rack:F1-16:+y
solid rack:F1-17:+y
  facet normal -1 0 0
    outer loop
      vertex 15.300 30.600 1.000
      vertex 15.300 30.600 3.200
      vertex 15.300 31.800 3.200
    endloop
  endfacet
  facet normal -1 0 0
    outer loop
      vertex 15.300 30.600 1.000
      vertex 15.300 31.800 3.200
      vertex 15.300 31.800 1.000
    endloop
  endfacet
  facet normal 1 0 0
    outer loop
      vertex 15.900 30.600 1.000
      vertex 15.900 31.800 1.000
      vertex 15.900 31.800 3.200
    endloop
  endfacet
  facet normal 1 0 0
    outer loop
      vertex 15.900 30.600 1.000
      vertex 15.900 31.800 3.200
      vertex 15.900 30.600 3.200
    endloop
  endfacet
  facet normal 0 -1 0
    outer loop
      vertex 15.300 30.600 1.000
      vertex 15.900 30.600 1.000
      vertex 15.900 30.600 3.200
    endloop
  endfacet
  facet normal 0 -1 0
    outer loop
      vertex 15.300 30.600 1.000
      vertex 15.900 30.600 3.200
      vertex 15.300 30.600 3.200
    endloop
  endfacet
  facet normal 0 1 0
    outer loop
      vertex 15.300 31.800 1.000
      vertex 15.300 31.800 3.200
      vertex 15.900 31.800 3.200
    endloop
  endfacet
  facet normal 0 1 0
    outer loop
      vertex 15.300 31.800 1.000
      vertex 15.900 31.800 3.200
      vertex 15.900 31.800 1.000
    endloop
  endfacet
  facet normal 0 0 -1
    outer loop
      vertex 15.300 30.600 1.000
      vertex 15.300 31.800 1.000
      vertex 15.900 31.800 1.000
    endloop
  endfacet
  facet normal 0 0 -1
    outer loop
      vertex 15.300 30.600 1.000
      vertex 15.900 31.800 1.000
      vertex 15.900 30.600 1.000
    endloop
  endfacet
  facet normal 0 0 1
    outer loop
      vertex 15.300 30.600 3.200
      vertex 15.900 30.600 3.200
      vertex 15.900 31.800 3.200
    endloop
  endfacet
  facet normal 0 0 1
    outer loop
      vertex 15.300 30.600 3.200
      vertex 15.900 31.800 3.200
      vertex 15.300 31.800 3.200
    endloop
  endfacet
endsolid rack:F1-17:+y
solid rack:F2-01:-y
  facet normal -1 0 0
    outer loop
      vertex 5.700 27.600 1.000
      vertex 5.700 27.600 3.200
      vertex 5.700 28.800 3.200
    endloop
  endfacet
  facet normal -1 0 0
    outer loop
      vertex 5.700 27.600 1.000
      vertex 5.700 28.800 3.200
      vertex 5.700 28.800 1.000
    endloop
  endfacet
  facet normal 1 0 0
    outer loop
      vertex 6.300 27.600 1.000
      vertex 6.300 28.800 1.000
      vertex 6.300 28.800 3.200
    endloop
  endfacet
  facet normal 1 0 0
    outer loop
      vertex 6.300 27.600 1.000
      vertex 6.300 28.800 3.200
      vertex 6.300 27.600 3.200
    endloop
  endfacet
  facet normal 0 -1 0
    outer loop
      vertex 5.700 27.600 1.000
      vertex 6.300 27.600 1.000
      vertex 6.300 27.600 3.200
    endloop
  endfacet
  facet normal 0 -1 0
    outer loop
      vertex 5.700 27.600 1.000
      vertex 6.300 27.600 3.200
      vertex 5.700 27.600 3.200
    endloop
  endfacet
  facet normal 0 1 0
    outer loop
      vertex 5.700 28.800 1.000
      vertex 5.700 28.800 3.200
      vertex 6.300 28.800 3.200
    endloop
  endfacet
  facet normal 0 1 0
    outer loop
      vertex 5.700 28.800 1.000
      vertex 6.300 28.800 3.200
      vertex 6.300 28.800 1.000
    endloop
  endfacet
  facet normal 0 0 -1
    outer loop
      vertex 5.700 27.600 1.000
      vertex 5.700 28.800 1.000
      vertex 6.300 28.800 1.000
    endloop
  endfacet
  facet normal 0 0 -1
    outer loop
      vertex 5.700 27.600 1.000
      vertex 6.300 28.800 1.000
      vertex 6.300 27.600 1.000
    endloop
  endfacet
  facet normal 0 0 1
    outer loop
      vertex 5.700 27.600 3.200
      vertex 6.300 27.600 3.200
      vertex 6.300 28.800 3.200
    endloop
  endfacet
  facet normal 0 0 1
    outer loop
      vertex 5.700 27.600 3.200
      vertex 6.300 28.800 3.200
      vertex 5.700 28.800 3.200
    endloop
  endfacet
endsolid rack:F2-01:-y
solid rack:F2-02:-y
  facet normal -1 0 0
    outer loop
      vertex 6.300 27.600 1.000
      vertex 6.300 27.600 3.200
      vertex 6.300 28.800 3.200
    endloop
  endfacet
  facet normal -1 0 0
    outer loop
      vertex 6.300 27.600 1.000
      vertex 6.300 28.800 3.200
      vertex 6.300 28.800 1.000
    endloop
  endfacet
  facet normal 1 0 0
    outer loop
      vertex 6.900 27.600 1.000
      vertex 6.900 28.800 1.000
      vertex 6.900 28.800 3.200
    endloop
  endfacet
  facet normal 1 0 0
    outer loop
      vertex 6.900 27.600 1.000
      vertex 6.900 28.800 3.200
      vertex 6.900 27.600 3.200
    endloop
  endfacet
  facet normal 0 -1 0
    outer loop
      vertex 6.300 27.600 1.000
      vertex 6.900 27.600 1.000
      vertex 6.900 27.600 3.200
    endloop
  endfacet
  facet normal 0 -1 0
    outer loop
      vertex 6.300 27.600 1.000
      vertex 6.900 27.600 3.200
      vertex 6.300 27.600 3.200
    endloop
  endfacet
  facet normal 0 1 0
    outer loop
      vertex 6.300 28.800 1.000
      vertex 6.300 28.800 3.200
      vertex 6.900 28.800 3.200
    endloop
  endfacet
  facet normal 0 1 0
    outer loop
      vertex 6.300 28.800 1.000
      vertex 6.900 28.800 3.200
      vertex 6.900 28.800 1.000
    endloop
  endfacet
  facet normal 0 0 -1
    outer loop
      vertex 6.300 27.600 1.000
      vertex 6.300 28.800 1.000
      vertex 6.900 28.800 1.000
    endloop
  endfacet
  facet normal 0 0 -1
    outer loop
      vertex 6.300 27.600 1.000
      vertex 6.900 28.800 1.000
      vertex 6.900 27.600 1.000
    endloop
  endfacet
  facet normal 0 0 1
    outer loop
      vertex 6.300 27.600 3.200
      vertex 6.900 27.600 3.200
      vertex 6.900 28.800 3.200
    endloop
  endfacet
  facet normal 0 0 1
    outer loop
      vertex 6.300 27.600 3.200
      vertex 6.900 28.800 3.200
      vertex 6.300 28.800 3.200
    endloop
  endfacet
endsolid rack:F2-02:-y
solid rack:F2-03:-y
  facet normal -1 0 0
    outer loop
      vertex 6.900 27.600 1.000
      vertex 6.900 27.600 3.200
      vertex 6.900 28.800 3.200
    endloop
  endfacet
  facet normal -1 0 0
    outer loop
      vertex 6.900 27.600 1.000
      vertex 6.900 28.800 3.200
      vertex 6.900 28.800 1.000
    endloop
  endfacet
  facet normal 1 0 0
    outer loop
      vertex 7.500 27.600 1.000
      vertex 7.500 28.800 1.000
      vertex 7.500 28.800 3.200
    endloop
  endfacet
  facet normal 1 0 0
    outer loop
      vertex 7.500 27.600 1.000
      vertex 7.500 28.800 3.200
      vertex 7.500 27.600 3.200
    endloop
  endfacet
  facet normal 0 -1 0
    outer loop
      vertex 6.900 27.600 1.000
      vertex 7.500 27.600 1.000
      vertex 7.500 27.600 3.200
    endloop
  endfacet
  facet normal 0 -1 0
    outer loop
      vertex 6.900 27.600 1.000
      vertex 7.500 27.600 3.200
      vertex 6.900 27.600 3.200
    endloop
  endfacet
  facet normal 0 1 0
    outer loop
      vertex 6.900 28.800 1.000
      vertex 6.900 28.800 3.200
      vertex 7.500 28.800 3.200
    endloop
  endfacet
  facet normal 0 1 0
    outer loop
      vertex 6.900 28.800 1.000
      vertex 7.500 28.800 3.200
      vertex 7.500 28.800 1.000
    endloop
  endfacet
  facet normal 0 0 -1
    outer loop
      vertex 6.900 27.600 1.000
      vertex 6.900 28.800 1.000
      vertex 7.500 28.800 1.000
    endloop
  endfacet
  facet normal 0 0 -1
    outer loop
      vertex 6.900 27.600 1.000
      vertex 7.500 28.800 1.000
      vertex 7.500 27.600 1.000
    endloop
  endfacet
  facet normal 0 0 1
    outer loop
      vertex 6.900 27.600 3.200
      vertex 7.500 27.600 3.200
      vertex 7.500 28.800 3.200
    endloop
  endfacet
  facet normal 0 0 1
    outer loop
      vertex 6.900 27.600 3.200
      vertex 7.500 28.800 3.200
      vertex 6.900 28.800 3.200
    endloop
  endfacet
endsolid rack:F2-03:-y
solid rack:F2-04:-y
  facet normal -1 0 0
    outer loop
      vertex 7.500 27.600 1.000
      vertex 7.500 27.600 3.200
      vertex 7.500 28.800 3.200
    endloop
  endfacet
  facet normal -1 0 0
    outer loop
      vertex 7.500 27.600 1.000
      vertex 7.500 28.800 3.200
      vertex 7.500 28.800 1.000
    endloop
  endfacet
  facet normal 1 0 0
    outer loop
      vertex 8.100 27.600 1.000
      vertex 8.100 28.800 1.000
      vertex 8.100 28.800 3.200
    endloop
  endfacet
  facet normal 1 0 0
    outer loop
      vertex 8.100 27.600 1.000
      vertex 8.100 28.800 3.200
      vertex 8.100 27.600 3.200
    endloop
  endfacet
  facet normal 0 -1 0
    outer loop
      vertex 7.500 27.600 1.000
      vertex 8.100 27.600 1.000
      vertex 8.100 27.600 3.200
    endloop
  endfacet
  facet normal 0 -1 0
    outer loop
      vertex 7.500 27.600 1.000
      vertex 8.100 27.600 3.200
      vertex 7.500 27.600 3.200
    endloop
  endfacet
  facet normal 0 1 0
    outer loop
      vertex 7.500 28.800 1.000
      vertex 7.500 28.800 3.200
      vertex 8.100 28.800 3.200
    endloop
  endfacet
  facet normal 0 1 0
    outer loop
      vertex 7.500 28.800 1.000
      vertex 8.100 28.800 3.200
      vertex 8.100 28.800 1.000
    endloop
  endfacet
  facet normal 0 0 -1
    outer loop
      vertex 7.500 27.600 1.000
      vertex 7.500 28.800 1.000
      vertex 8.100 28.800 1.000
    endloop
  endfacet
  facet normal 0 0 -1
    outer loop
      vertex 7.500 27.600 1.000
      vertex 8.100 28.800 1.000
      vertex 8.100 27.600 1.000
    endloop
  endfacet
  facet normal 0 0 1
    outer loop
      vertex 7.500 27.600 3.200
      vertex 8.100 27.600 3.200
      vertex 8.100 28.800 3.200
    endloop
  endfacet
  facet normal 0 0 1
    outer loop
      vertex 7.500 27.600 3.200
      vertex 8.100 28.800 3.200
      vertex 7.500 28.800 3.200
    endloop
  endfacet
endsolid rack:F2-04:-y
solid rack:F2-05:-y
  facet normal -1 0 0
    outer loop
      vertex 8.100 27.600 1.000
      vertex 8.100 27.600 3.200
      vertex 8.100 28.800 3.200
    endloop
  endfacet
  facet normal -1 0 0
    outer loop
      vertex 8.100 27.600 1.000
      vertex 8.100 28.800 3.200
      vertex 8.100 28.800 1.000
    endloop
  endfacet
  facet normal 1 0 0
    outer loop
      vertex 8.700 27.600 1.000
      vertex 8.700 28.800 1.000
      vertex 8.700 28.800 3.200
    endloop
  endfacet
  facet normal 1 0 0
    outer loop
      vertex 8.700 27.600 1.000
      vertex 8.700 28.800 3.200
      vertex 8.700 27.600 3.200
    endloop
  endfacet
  facet normal 0 -1 0
    outer loop
      vertex 8.100 27.600 1.000
      vertex 8.700 27.600 1.000
      vertex 8.700 27.600 3.200
    endloop
  endfacet
  facet normal 0 -1 0
    outer loop
      vertex 8.100 27.600 1.000
      vertex 8.700 27.600 3.200
      vertex 8.100 27.600 3.200
    endloop
  endfacet
  facet normal 0 1 0
    outer loop
      vertex 8.100 28.800 1.000
      vertex 8.100 28.800 3.200
      vertex 8.700 28.800 3.200
    endloop
  endfacet
  facet normal 0 1 0
    outer loop
      vertex 8.100 28.800 1.000
      vertex 8.700 28.800 3.200
      vertex 8.700 28.800 1.000
    endloop
  endfacet
  facet normal 0 0 -1
    outer loop
      vertex 8.100 27.600 1.000
      vertex 8.100 28.800 1.000
      vertex 8.700 28.800 1.000
    endloop
  endfacet
  facet normal 0 0 -1
    outer loop
      vertex 8.100 27.600 1.000
      vertex 8.700 28.800 1.000
      vertex 8.700 27.600 1.000
    endloop
  endfacet
  facet normal 0 0 1
    outer loop
      vertex 8.100 27.600 3.200
      vertex 8.700 27.600 3.200
      vertex 8.700 28.800 3.200
    endloop
  endfacet
  facet normal 0 0 1
    outer loop
      vertex 8.100 27.600 3.200
      vertex 8.700 28.800 3.200
      vertex 8.100 28.800 3.200
    endloop
  endfacet
endsolid rack:F2-05:-y
solid rack:F2-06:-y
  facet normal -1 0 0
    outer loop
      vertex 8.700 27.600 1.000
      vertex 8.700 27.600 3.200
      vertex 8.700 28.800 3.200
    endloop
  endfacet
  facet normal -1 0 0
    outer loop
      vertex 8.700 27.600 1.000
      vertex 8.700 28.800 3.200
      vertex 8.700 28.800 1.000
    endloop
  endfacet
  facet normal 1 0 0
    outer loop
      vertex 9.300 27.600 1.000
      vertex 9.300 28.800 1.000
      vertex 9.300 28.800 3.200
    endloop
  endfacet
  facet normal 1 0 0
    outer loop
      vertex 9.300 27.600 1.000
      vertex 9.300 28.800 3.200
      vertex 9.300 27.600 3.200
    endloop
  endfacet
  facet normal 0 -1 0
    outer loop
      vertex 8.700 27.600 1.000
      vertex 9.300 27.600 1.000
      vertex 9.300 27.600 3.200
    endloop
  endfacet
  facet normal 0 -1 0
    outer loop
      vertex 8.700 27.600 1.000
      vertex 9.300 27.600 3.200
      vertex 8.700 27.600 3.200
    endloop
  endfacet
  facet normal 0 1 0
    outer loop
      vertex 8.700 28.800 1.000
      vertex 8.700 28.800 3.200
      vertex 9.300 28.800 3.200
    endloop
  endfacet
  facet normal 0 1 0
    outer loop
      vertex 8.700 28.800 1.000
      vertex 9.300 28.800 3.200
      vertex 9.300 28.800 1.000
    endloop
  endfacet
  facet normal 0 0 -1
    outer loop
      vertex 8.700 27.600 1.000
      vertex 8.700 28.800 1.000
      vertex 9.300 28.800 1.000
    endloop
  endfacet
  facet normal 0 0 -1
    outer loop
      vertex 8.700 27.600 1.000
      vertex 9.300 28.800 1.000
      vertex 9.300 27.600 1.000
    endloop
  endfacet
  facet normal 0 0 1
    outer loop
      vertex 8.700 27.600 3.200
      vertex 9.300 27.600 3.200
      vertex 9.300 28.800 3.200
    endloop
  endfacet
  facet normal 0 0 1
    outer loop
      vertex 8.700 27.600 3.200
      vertex 9.300 28.800 3.200
      vertex 8.700 28.800 3.200
    endloop
  endfacet
endsolid rack:F2-06:-y
solid rack:F2-07:-y
  facet normal -1 0 0
    outer loop
      vertex 9.300 27.600 1.000
      vertex 9.300 27.600 3.200
      vertex 9.300 28.800 3.200
    endloop
  endfacet
  facet normal -1 0 0
    outer loop
      vertex 9.300 27.600 1.000
      vertex 9.300 28.800 3.200
      vertex 9.300 28.800 1.000
    endloop
  endfacet
  facet normal 1 0 0
    outer loop
      vertex 9.900 27.600 1.000
      vertex 9.900 28.800 1.000
      vertex 9.900 28.800 3.200
    endloop
  endfacet
  facet normal 1 0 0
    outer loop
      vertex 9.900 27.600 1.000
      vertex 9.900 28.800 3.200
      vertex 9.900 27.600 3.200
    endloop
  endfacet
  facet normal 0 -1 0
    outer loop
      vertex 9.300 27.600 1.000
      vertex 9.900 27.600 1.000
      vertex 9.900 27.600 3.200
    endloop
  endfacet
  facet normal 0 -1 0
    outer loop
      vertex 9.300 27.600 1.000
      vertex 9.900 27.600 3.200
      vertex 9.300 27.600 3.200
    endloop
  endfacet
  facet normal 0 1 0
    outer loop
      vertex 9.300 28.800 1.000
      vertex 9.300 28.800 3.200
      vertex 9.900 28.800 3.200
    endloop
  endfacet
  facet normal 0 1 0
    outer loop
      vertex 9.300 28.800 1.000
      vertex 9.900 28.800 3.200
      vertex 9.900 28.800 1.000
    endloop
  endfacet
  facet normal 0 0 -1
    outer loop
      vertex 9.300 27.600 1.000
      vertex 9.300 28.800 1.000
      vertex 9.900 28.800 1.000
    endloop
  endfacet
  facet normal 0 0 -1
    outer loop
      vertex 9.300 27.600 1.000
      vertex 9.900 28.800 1.000
      vertex 9.900 27.600 1.000
    endloop
  endfacet
  facet normal 0 0 1
    outer loop
      vertex 9.300 27.600 3.200
      vertex 9.900 27.600 3.200
      vertex 9.900 28.800 3.200
    endloop
  endfacet
  facet normal 0 0 1
    outer loop
      vertex 9.300 27.600 3.200
      vertex 9.900 28.800 3.200
      vertex 9.300 28.800 3.200
    endloop
  endfacet
endsolid rack:F2-07:-y
solid rack:F2-08:-y
  facet normal -1 0 0
    outer loop
      vertex 9.900 27.600 1.000
      vertex 9.900 27.600 3.200
      vertex 9.900 28.800 3.200
    endloop
  endfacet
  facet normal -1 0 0
    outer loop
      vertex 9.900 27.600 1.000
      vertex 9.900 28.800 3.200
      vertex 9.900 28.800 1.000
    endloop
  endfacet
  facet normal 1 0 0
    outer loop
      vertex 10.500 27.600 1.000
      vertex 10.500 28.800 1.000
      vertex 10.500 28.800 3.200
    endloop
  endfacet
  facet normal 1 0 0
    outer loop
      vertex 10.500 27.600 1.000
      vertex 10.500 28.800 3.200
      vertex 10.500 27.600 3.200
    endloop
  endfacet
  facet normal 0 -1 0
    outer loop
      vertex 9.900 27.600 1.000
      vertex 10.500 27.600 1.000
      vertex 10.500 27.600 3.200
    endloop
  endfacet
  facet normal 0 -1 0
    outer loop
      vertex 9.900 27.600 1.000
      vertex 10.500 27.600 3.200
      vertex 9.900 27.600 3.200
    endloop
  endfacet
  facet normal 0 1 0
    outer loop
      vertex 9.900 28.800 1.000
      vertex 9.900 28.800 3.200
      vertex 10.500 28.800 3.200
    endloop
  endfacet
  facet normal 0 1 0
    outer loop
      vertex 9.900 28.800 1.000
      vertex 10.500 28.800 3.200
      vertex 10.500 28.800 1.000
    endloop
  endfacet
  facet normal 0 0 -1
    outer loop
      vertex 9.900 27.600 1.000
      vertex 9.900 28.800 1.000
      vertex 10.500 28.800 1.000
    endloop
  endfacet
  facet normal 0 0 -1
    outer loop
      vertex 9.900 27.600 1.000
      vertex 10.500 28.800 1.000
      vertex 10.500 27.600 1.000
    endloop
  endfacet
  facet normal 0 0 1
    outer loop
      vertex 9.900 27.600 3.200
      vertex 10.500 27.600 3.200
      vertex 10.500 28.800 3.200
    endloop
  endfacet
  facet normal 0 0 1
    outer loop
      vertex 9.900 27.600 3.200
      vertex 10.500 28.800 3.200
      vertex 9.900 28.800 3.200
    endloop
  endfacet
endsolid rack:F2-08:-y
solid rack:F2-09:-y
  facet normal -1 0 0
    outer loop
      vertex 10.500 27.600 1.000
      vertex 10.500 27.600 3.200
      vertex 10.500 28.800 3.200
    endloop
  endfacet
  facet normal -1 0 0
    outer loop
      vertex 10.500 27.600 1.000
      vertex 10.500 28.800 3.200
      vertex 10.500 28.800 1.000
    endloop
  endfacet
  facet normal 1 0 0
    outer loop
      vertex 11.100 27.600 1.000
      vertex 11.100 28.800 1.000
      vertex 11.100 28.800 3.200
    endloop
  endfacet
  facet normal 1 0 0
    outer loop
      vertex 11.100 27.600 1.000
      vertex 11.100 28.800 3.200
      vertex 11.100 27.600 3.200
    endloop
  endfacet
  facet normal 0 -1 0
    outer loop
      vertex 10.500 27.600 1.000
      vertex 11.100 27.600 1.000
      vertex 11.100 27.600 3.200
    endloop
  endfacet
  facet normal 0 -1 0
    outer loop
      vertex 10.500 27.600 1.000
      vertex 11.100 27.600 3.200
      vertex 10.500 27.600 3.200
    endloop
  endfacet
  facet normal 0 1 0
    outer loop
      vertex 10.500 28.800 1.000
      vertex 10.500 28.800 3.200
      vertex 11.100 28.800 3.200
    endloop
  endfacet
  facet normal 0 1 0
    outer loop
      vertex 10.500 28.800 1.000
      vertex 11.100 28.800 3.200
      vertex 11.100 28.800 1.000
    endloop
  endfacet
  facet normal 0 0 -1
    outer loop
      vertex 10.500 27.600 1.000
      vertex 10.500 28.800 1.000
      vertex 11.100 28.800 1.000
    endloop
  endfacet
  facet normal 0 0 -1
    outer loop
      vertex 10.500 27.600 1.000
      vertex 11.100 28.800 1.000
      vertex 11.100 27.600 1.000
    endloop
  endfacet
  facet normal 0 0 1
    outer loop
      vertex 10.500 27.600 3.200
      vertex 11.100 27.600 3.200
      vertex 11.100 28.800 3.200
    endloop
  endfacet
  facet normal 0 0 1
    outer loop
      vertex 10.500 27.600 3.200
      vertex 11.100 28.800 3.200
      vertex 10.500 28.800 3.200
    endloop
  endfacet
endsolid rack:F2-09:-y
solid rack:F2-10:-y
  facet normal -1 0 0
    outer loop
      vertex 11.100 27.600 1.000
      vertex 11.100 27.600 3.200
      vertex 11.100 28.800 3.200
    endloop
  endfacet
  facet normal -1 0 0
    outer loop
      vertex 11.100 27.600 1.000
      vertex 11.100 28.800 3.200
      vertex 11.100 28.800 1.000
    endloop
  endfacet
  facet normal 1 0 0
    outer loop
      vertex 11.700 27.600 1.000
      vertex 11.700 28.800 1.000
      vertex 11.700 28.800 3.200
    endloop
  endfacet
  facet normal 1 0 0
    outer loop
      vertex 11.700 27.600 1.000
      vertex 11.700 28.800 3.200
      vertex 11.700 27.600 3.200
    endloop
  endfacet
  facet normal 0 -1 0
    outer loop
      vertex 11.100 27.600 1.000
      vertex 11.700 27.600 1.000
      vertex 11.700 27.600 3.200
    endloop
  endfacet
  facet normal 0 -1 0
    outer loop
      vertex 11.100 27.600 1.000
      vertex 11.700 27.600 3.200
      vertex 11.100 27.600 3.200
    endloop
  endfacet
  facet normal 0 1 0
    outer loop
      vertex 11.100 28.800 1.000
      vertex 11.100 28.800 3.200
      vertex 11.700 28.800 3.200
    endloop
  endfacet
  facet normal 0 1 0
    outer loop
      vertex 11.100 28.800 1.000
      vertex 11.700 28.800 3.200
      vertex 11.700 28.800 1.000
    endloop
  endfacet
  facet normal 0 0 -1
    outer loop
      vertex 11.100 27.600 1.000
      vertex 11.100 28.800 1.000
      vertex 11.700 28.800 1.000
    endloop
  endfacet
  facet normal 0 0 -1
    outer loop
      vertex 11.100 27.600 1.000
      vertex 11.700 28.800 1.000
      vertex 11.700 27.600 1.000
    endloop
  endfacet
  facet normal 0 0 1
    outer loop
      vertex 11.100 27.600 3.200
      vertex 11.700 27.600 3.200
      vertex 11.700 28.800 3.200
    endloop
  endfacet
  facet normal 0 0 1
    outer loop
      vertex 11.100 27.600 3.200
      vertex 11.700 28.800 3.200
      vertex 11.100 28.800 3.200
    endloop
  endfacet
endsolid rack:F2-10:-y
solid rack:F2-11:-y
  facet normal -1 0 0
    outer loop
      vertex 11.700 27.600 1.000
      vertex 11.700 27.600 3.200
      vertex 11.700 28.800 3.200
    endloop
  endfacet
  facet normal -1 0 0
    outer loop
      vertex 11.700 27.600 1.000
      vertex 11.700 28.800 3.200
      vertex 11.700 28.800 1.000
    endloop
  endfacet
  facet normal 1 0 0
    outer loop
      vertex 12.300 27.600 1.000
      vertex 12.300 28.800 1.000
      vertex 12.300 28.800 3.200
    endloop
  endfacet
  facet normal 1 0 0
    outer loop
      vertex 12.300 27.600 1.000
      vertex 12.300 28.800 3.200
      vertex 12.300 27.600 3.200
    endloop
  endfacet
  facet normal 0 -1 0
    outer loop
      vertex 11.700 27.600 1.000
      vertex 12.300 27.600 1.000
      vertex 12.300 27.600 3.200
    endloop
  endfacet
  facet normal 0 -1 0
    outer loop
      vertex 11.700 27.600 1.000
      vertex 12.300 27.600 3.200
      vertex 11.700 27.600 3.200
    endloop
  endfacet
  facet normal 0 1 0
    outer loop
      vertex 11.700 28.800 1.000
      vertex 11.700 28.800 3.200
      vertex 12.300 28.800 3.200
    endloop
  endfacet
  facet normal 0 1 0
    outer loop
      vertex 11.700 28.800 1.000
      vertex 12.300 28.800 3.200
      vertex 12.300 28.800 1.000
    endloop
  endfacet
  facet normal 0 0 -1
    outer loop
      vertex 11.700 27.600 1.000
      vertex 11.700 28.800 1.000
      vertex 12.300 28.800 1.000
    endloop
  endfacet
  facet normal 0 0 -1
    outer loop
      vertex 11.700 27.600 1.000
      vertex 12.300 28.800 1.000
      vertex 12.300 27.600 1.000
    endloop
  endfacet
  facet normal 0 0 1
    outer loop
      vertex 11.700 27.600 3.200
      vertex 12.300 27.600 3.200
      vertex 12.300 28.800 3.200
    endloop
  endfacet
  facet normal 0 0 1
    outer loop
      vertex 11.700 27.600 3.200
      vertex 12.300 28.800 3.200
      vertex 11.700 28.800 3.200
    endloop
  endfacet
endsolid rack:F2-11:-y
solid rack:F2-12:-y
  facet normal -1 0 0
    outer loop
      vertex 12.300 27.600 1.000
      vertex 12.300 27.600 3.200
      vertex 12.300 28.800 3.200
    endloop
  endfacet
  facet normal -1 0 0
    outer loop
      vertex 12.300 27.600 1.000
      vertex 12.300 28.800 3.200
      vertex 12.300 28.800 1.000
    endloop
  endfacet
  facet normal 1 0 0
    outer loop
      vertex 12.900 27.600 1.000
      vertex 12.900 28.800 1.000
      vertex 12.900 28.800 3.200
    endloop
  endfacet
  facet normal 1 0 0
    outer loop
      vertex 12.900 27.600 1.000
      vertex 12.900 28.800 3.200
      vertex 12.900 27.600 3.200
    endloop
  endfacet
  facet normal 0 -1 0
    outer loop
      vertex 12.300 27.600 1.000
      vertex 12.900 27.600 1.000
      vertex 12.900 27.600 3.200
    endloop
  endfacet
  facet normal 0 -1 0
    outer loop
      vertex 12.300 27.600 1.000
      vertex 12.900 27.600 3.200
      vertex 12.300 27.600 3.200
    endloop
  endfacet
  facet normal 0 1 0
    outer loop
      vertex 12.300 28.800 1.000
      vertex 12.300 28.800 3.200
      vertex 12.900 28.800 3.200
    endloop
  endfacet
  facet normal 0 1 0
    outer loop
      vertex 12.300 28.800 1.000
      vertex 12.900 28.800 3.200
      vertex 12.900 28.800 1.000
    endloop
  endfacet
  facet normal 0 0 -1
    outer loop
      vertex 12.300 27.600 1.000
      vertex 12.300 28.800 1.000
      vertex 12.900 28.800 1.000
    endloop
  endfacet
  facet normal 0 0 -1
    outer loop
      vertex 12.300 27.600 1.000
      vertex 12.900 28.800 1.000
      vertex 12.900 27.600 1.000
    endloop
  endfacet
  facet normal 0 0 1
    outer loop
      vertex 12.300 27.600 3.200
      vertex 12.900 27.600 3.200
      vertex 12.900 28.800 3.200
    endloop
  endfacet
  facet normal 0 0 1
    outer loop
      vertex 12.300 27.600 3.200
      vertex 12.900 28.800 3.200
      vertex 12.300 28.800 3.200
    endloop
  endfacet
endsolid rack:F2-12:-y
solid rack:F2-13:-y
  facet normal -1 0 0
    outer loop
      vertex 12.900 27.600 1.000
      vertex 12.900 27.600 3.200
      vertex 12.900 28.800 3.200
    endloop
  endfacet
  facet normal -1 0 0
    outer loop
      vertex 12.900 27.600 1.000
      vertex 12.900 28.800 3.200
      vertex 12.900 28.800 1.000
    endloop
  endfacet
  facet normal 1 0 0
    outer loop
      vertex 13.500 27.600 1.000
      vertex 13.500 28.800 1.000
      vertex 13.500 28.800 3.200
    endloop
  endfacet
  facet normal 1 0 0
    outer loop
      vertex 13.500 27.600 1.000
      vertex 13.500 28.800 3.200
      vertex 13.500 27.600 3.200
    endloop
  endfacet
  facet normal 0 -1 0
    outer loop
      vertex 12.900 27.600 1.000
      vertex 13.500 27.600 1.000
      vertex 13.500 27.600 3.200
    endloop
  endfacet
  facet normal 0 -1 0
    outer loop
      vertex 12.900 27.600 1.000
      vertex 13.500 27.600 3.200
      vertex 12.900 27.600 3.200
    endloop
  endfacet
  facet normal 0 1 0
    outer loop
      vertex 12.900 28.800 1.000
      vertex 12.900 28.800 3.200
      vertex 13.500 28.800 3.200
    endloop
  endfacet
  facet normal 0 1 0
    outer loop
      vertex 12.900 28.800 1.000
      vertex 13.500 28.800 3.200
      vertex 13.500 28.800 1.000
    endloop
  endfacet
  facet normal 0 0 -1
    outer loop
      vertex 12.900 27.600 1.000
      vertex 12.900 28.800 1.000
      vertex 13.500 28.800 1.000
    endloop
  endfacet
  facet normal 0 0 -1
    outer loop
      vertex 12.900 27.600 1.000
      vertex 13.500 28.800 1.000
      vertex 13.500 27.600 1.000
    endloop
  endfacet
  facet normal 0 0 1
    outer loop
      vertex 12.900 27.600 3.200
      vertex 13.500 27.600 3.200
      vertex 13.500 28.800 3.200
    endloop
  endfacet
  facet normal 0 0 1
    outer loop
      vertex 12.900 27.600 3.200
      vertex 13.500 28.800 3.200
      vertex 12.900 28.800 3.200
    endloop
  endfacet
endsolid rack:F2-13:-y
solid rack:F2-14:-y
  facet normal -1 0 0
    outer loop
      vertex 13.500 27.600 1.000
      vertex 13.500 27.600 3.200
      vertex 13.500 28.800 3.200
    endloop
  endfacet
  facet normal -1 0 0
    outer loop
      vertex 13.500 27.600 1.000
      vertex 13.500 28.800 3.200
      vertex 13.500 28.800 1.000
    endloop
  endfacet
  facet normal 1 0 0
    outer loop
      vertex 14.100 27.600 1.000
      vertex 14.100 28.800 1.000
      vertex 14.100 28.800 3.200
    endloop
  endfacet
  facet normal 1 0 0
    outer loop
      vertex 14.100 27.600 1.000
      vertex 14.100 28.800 3.200
      vertex 14.100 27.600 3.200
    endloop
  endfacet
  facet normal 0 -1 0
    outer loop
      vertex 13.500 27.600 1.000
      vertex 14.100 27.600 1.000
      vertex 14.100 27.600 3.200
    endloop
  endfacet
  facet normal 0 -1 0
    outer loop
      vertex 13.500 27.600 1.000
      vertex 14.100 27.600 3.200
      vertex 13.500 27.600 3.200
    endloop
  endfacet
  facet normal 0 1 0
    outer loop
      vertex 13.500 28.800 1.000
      vertex 13.500 28.800 3.200
      vertex 14.100 28.800 3.200
    endloop
  endfacet
  facet normal 0 1 0
    outer loop
      vertex 13.500 28.800 1.000
      vertex 14.100 28.800 3.200
      vertex 14.100 28.800 1.000
    endloop
  endfacet
  facet normal 0 0 -1
    outer loop
      vertex 13.500 27.600 1.000
      vertex 13.500 28.800 1.000
      vertex 14.100 28.800 1.000
    endloop
  endfacet
  facet normal 0 0 -1
    outer loop
      vertex 13.500 27.600 1.000
      vertex 14.100 28.800 1.000
      vertex 14.100 27.600 1.000
    endloop
  endfacet
  facet normal 0 0 1
    outer loop
      vertex 13.500 27.600 3.200
      vertex 14.100 27.600 3.200
      vertex 14.100 28.800 3.200
    endloop
  endfacet
  facet normal 0 0 1
    outer loop
      vertex 13.500 27.600 3.200
      vertex 14.100 28.800 3.200
      vertex 13.500 28.800 3.200
    endloop
  endfacet
endsolid rack:F2-14:-y
solid rack:F2-15:-y
  facet normal -1 0 0
    outer loop
      vertex 14.100 27.600 1.000
      vertex 14.100 27.600 3.200
      vertex 14.100 28.800 3.200
    endloop
  endfacet
  facet normal -1 0 0
    outer loop
      vertex 14.100 27.600 1.000
      vertex 14.100 28.800 3.200
      vertex 14.100 28.800 1.000
    endloop
  endfacet
  facet normal 1 0 0
    outer loop
      vertex 14.700 27.600 1.000
      vertex 14.700 28.800 1.000
      vertex 14.700 28.800 3.200
    endloop
  endfacet
  facet normal 1 0 0
    outer loop
      vertex 14.700 27.600 1.000
      vertex 14.700 28.800 3.200
      vertex 14.700 27.600 3.200
    endloop
  endfacet
  facet normal 0 -1 0
    outer loop
      vertex 14.100 27.600 1.000
      vertex 14.700 27.600 1.000
      vertex 14.700 27.600 3.200
    endloop
  endfacet
  facet normal 0 -1 0
    outer loop
      vertex 14.100 27.600 1.000
      vertex 14.700 27.600 3.200
      vertex 14.100 27.600 3.200
    endloop
  endfacet
  facet normal 0 1 0
    outer loop
      vertex 14.100 28.800 1.000
      vertex 14.100 28.800 3.200
      vertex 14.700 28.800 3.200
    endloop
  endfacet
  facet normal 0 1 0
    outer loop
      vertex 14.100 28.800 1.000
      vertex 14.700 28.800 3.200
      vertex 14.700 28.800 1.000
    endloop
  endfacet
  facet normal 0 0 -1
    outer loop
      vertex 14.100 27.600 1.000
      vertex 14.100 28.800 1.000
      vertex 14.700 28.800 1.000
    endloop
  endfacet
  facet normal 0 0 -1
    outer loop
      vertex 14.100 27.600 1.000
      vertex 14.700 28.800 1.000
      vertex 14.700 27.600 1.000
    endloop
  endfacet
  facet normal 0 0 1
    outer loop
      vertex 14.100 27.600 3.200
      vertex 14.700 27.600 3.200
      vertex 14.700 28.800 3.200
    endloop
  endfacet
  facet normal 0 0 1
    outer loop
      vertex 14.100 27.600 3.200
      vertex 14.700 28.800 3.200
      vertex 14.100 28.800 3.200
    endloop
  endfacet
endsolid rack:F2-15:-y
solid rack:F2-16:-y
  facet normal -1 0 0
    outer loop
      vertex 14.700 27.600 1.000
      vertex 14.700 27.600 3.200
      vertex 14.700 28.800 3.200
    endloop
  endfacet
  facet normal -1 0 0
    outer loop
      vertex 14.700 27.600 1.000
      vertex 14.700 28.800 3.200
      vertex 14.700 28.800 1.000
    endloop
  endfacet
  facet normal 1 0 0
    outer loop
      vertex 15.300 27.600 1.000
      vertex 15.300 28.800 1.000
      vertex 15.300 28.800 3.200
    endloop
  endfacet
  facet normal 1 0 0
    outer loop
      vertex 15.300 27.600 1.000
      vertex 15.300 28.800 3.200
      vertex 15.300 27.600 3.200
    endloop
  endfacet
  facet normal 0 -1 0
    outer loop
      vertex 14.700 27.600 1.000
      vertex 15.300 27.600 1.000
      vertex 15.300 27.600 3.200
    endloop
  endfacet
  facet normal 0 -1 0
    outer loop
      vertex 14.700 27.600 1.000
      vertex 15.300 27.600 3.200
      vertex 14.700 27.600 3.200
    endloop
  endfacet
  facet normal 0 1 0
    outer loop
      vertex 14.700 28.800 1.000
      vertex 14.700 28.800 3.200
      vertex 15.300 28.800 3.200
    endloop
  endfacet
  facet normal 0 1 0
    outer loop
      vertex 14.700 28.800 1.000
      vertex 15.300 28.800 3.200
      vertex 15.300 28.800 1.000
    endloop
  endfacet
  facet normal 0 0 -1
    outer loop
      vertex 14.700 27.600 1.000
      vertex 14.700 28.800 1.000
      vertex 15.300 28.800 1.000
    endloop
  endfacet
  facet normal 0 0 -1
    outer loop
      vertex 14.700 27.600 1.000
      vertex 15.300 28.800 1.000
      vertex 15.300 27.600 1.000
    endloop
  endfacet
  facet normal 0 0 1
    outer loop
      vertex 14.700 27.600 3.200
      vertex 15.300 27.600 3.200
      vertex 15.300 28.800 3.200
    endloop
  endfacet
  facet normal 0 0 1
    outer loop
      vertex 14.700 27.600 3.200
      vertex 15.300 28.800 3.200
      vertex 14.700 28.800 3.200
    endloop
  endfacet
endsolid rack:F2-16:-y
solid rack:F2-17:-y
  facet normal -1 0 0
    outer loop
      vertex 15.300 27.600 1.000
      vertex 15.300 27.600 3.200
      vertex 15.300 28.800 3.200
    endloop
  endfacet
  facet normal -1 0 0
    outer loop
      vertex 15.300 27.600 1.000
      vertex 15.300 28.800 3.200
      vertex 15.300 28.800 1.000
    endloop
  endfacet
  facet normal 1 0 0
    outer loop
      vertex 15.900 27.600 1.000
      vertex 15.900 28.800 1.000
      vertex 15.900 28.800 3.200
    endloop
  endfacet
  facet normal 1 0 0
    outer loop
      vertex 15.900 27.600 1.000
      vertex 15.900 28.800 3.200
      vertex 15.900 27.600 3.200
    endloop
  endfacet
  facet normal 0 -1 0
    outer loop
      vertex 15.300 27.600 1.000
      vertex 15.900 27.600 1.000
      vertex 15.900 27.600 3.200
    endloop
  endfacet
  facet normal 0 -1 0
    outer loop
      vertex 15.300 27.600 1.000
      vertex 15.900 27.600 3.200
      vertex 15.300 27.600 3.200
    endloop
  endfacet
  facet normal 0 1 0
    outer loop
      vertex 15.300 28.800 1.000
      vertex 15.300 28.800 3.200
      vertex 15.900 28.800 3.200
    endloop
  endfacet
  facet normal 0 1 0
    outer loop
      vertex 15.300 28.800 1.000
      vertex 15.900 28.800 3.200
      vertex 15.900 28.800 1.000
    endloop
  endfacet
  facet normal 0 0 -1
    outer loop
      vertex 15.300 27.600 1.000
      vertex 15.300 28.800 1.000
      vertex 15.900 28.800 1.000
    endloop
  endfacet
  facet normal 0 0 -1
    outer loop
      vertex 15.300 27.600 1.000
      vertex 15.900 28.800 1.000
      vertex 15.900 27.600 1.000
    endloop
  endfacet
  facet normal 0 0 1
    outer loop
      vertex 15.300 27.600 3.200
      vertex 15.900 27.600 3.200
      vertex 15.900 28.800 3.200
    endloop
  endfacet
  facet normal 0 0 1
    outer loop
      vertex 15.300 27.600 3.200
      vertex 15.900 28.800 3.200
      vertex 15.300 28.800 3.200
    endloop
  endfacet
endsolid rack:F2-17:-y
solid rack:F3-01:+y
  facet normal -1 0 0
    outer loop
      vertex 5.700 25.200 1.000
      vertex 5.700 25.200 3.200
      vertex 5.700 26.400 3.200
    endloop
  endfacet
  facet normal -1 0 0
    outer loop
      vertex 5.700 25.200 1.000
      vertex 5.700 26.400 3.200
      vertex 5.700 26.400 1.000
    endloop
  endfacet
  facet normal 1 0 0
    outer loop
      vertex 6.300 25.200 1.000
      vertex 6.300 26.400 1.000
      vertex 6.300 26.400 3.200
    endloop
  endfacet
  facet normal 1 0 0
    outer loop
      vertex 6.300 25.200 1.000
      vertex 6.300 26.400 3.200
      vertex 6.300 25.200 3.200
    endloop
  endfacet
  facet normal 0 -1 0
    outer loop
      vertex 5.700 25.200 1.000
      vertex 6.300 25.200 1.000
      vertex 6.300 25.200 3.200
    endloop
  endfacet
  facet normal 0 -1 0
    outer loop
      vertex 5.700 25.200 1.000
      vertex 6.300 25.200 3.200
      vertex 5.700 25.200 3.200
    endloop
  endfacet
  facet normal 0 1 0
    outer loop
      vertex 5.700 26.400 1.000
      vertex 5.700 26.400 3.200
      vertex 6.300 26.400 3.200
    endloop
  endfacet
  facet normal 0 1 0
    outer loop
      vertex 5.700 26.400 1.000
      vertex 6.300 26.400 3.200
      vertex 6.300 26.400 1.000
    endloop
  endfacet
  facet normal 0 0 -1
    outer loop
      vertex 5.700 25.200 1.000
      vertex 5.700 26.400 1.000
      vertex 6.300 26.400 1.000
    endloop
  endfacet
  facet normal 0 0 -1
    outer loop
      vertex 5.700 25.200 1.000
      vertex 6.300 26.400 1.000
      vertex 6.300 25.200 1.000
    endloop
  endfacet
  facet normal 0 0 1
    outer loop
      vertex 5.700 25.200 3.200
      vertex 6.300 25.200 3.200
      vertex 6.300 26.400 3.200
    endloop
  endfacet
  facet normal 0 0 1
    outer loop
      vertex 5.700 25.200 3.200
      vertex 6.300 26.400 3.200
      vertex 5.700 26.400 3.200
    endloop
  endfacet
endsolid rack:F3-01:+y
solid rack:F3-02:+y
  facet normal -1 0 0
    outer loop
      vertex 6.300 25.200 1.000
      vertex 6.300 25.200 3.200
      vertex 6.300 26.400 3.200
    endloop
  endfacet
  facet normal -1 0 0
    outer loop
      vertex 6.300 25.200 1.000
      vertex 6.300 26.400 3.200
      vertex 6.300 26.400 1.000
    endloop
  endfacet
  facet normal 1 0 0
    outer loop
      vertex 6.900 25.200 1.000
      vertex 6.900 26.400 1.000
      vertex 6.900 26.400 3.200
    endloop
  endfacet
  facet normal 1 0 0
    outer loop
      vertex 6.900 25.200 1.000
      vertex 6.900 26.400 3.200
      vertex 6.900 25.200 3.200
    endloop
  endfacet
  facet normal 0 -1 0
    outer loop
      vertex 6.300 25.200 1.000
      vertex 6.900 25.200 1.000
      vertex 6.900 25.200 3.200
    endloop
  endfacet
  facet normal 0 -1 0
    outer loop
      vertex 6.300 25.200 1.000
      vertex 6.900 25.200 3.200
      vertex 6.300 25.200 3.200
    endloop
  endfacet
  facet normal 0 1 0
    outer loop
      vertex 6.300 26.400 1.000
      vertex 6.300 26.400 3.200
      vertex 6.900 26.400 3.200
    endloop
  endfacet
  facet normal 0 1 0
    outer loop
      vertex 6.300 26.400 1.000
      vertex 6.900 26.400 3.200
      vertex 6.900 26.400 1.000
    endloop
  endfacet
  facet normal 0 0 -1
    outer loop
      vertex 6.300 25.200 1.000
      vertex 6.300 26.400 1.000
      vertex 6.900 26.400 1.000
    endloop
  endfacet
  facet normal 0 0 -1
    outer loop
      vertex 6.300 25.200 1.000
      vertex 6.900 26.400 1.000
      vertex 6.900 25.200 1.000
    endloop
  endfacet
  facet normal 0 0 1
    outer loop
      vertex 6.300 25.200 3.200
      vertex 6.900 25.200 3.200
      vertex 6.900 26.400 3.200
    endloop
  endfacet
  facet normal 0 0 1
    outer loop
      vertex 6.300 25.200 3.200
      vertex 6.900 26.400 3.200
      vertex 6.300 26.400 3.200
    endloop
  endfacet
endsolid rack:F3-02:+y
solid rack:F3-03:+y
  facet normal -1 0 0
    outer loop
      vertex 6.900 25.200 1.000
      vertex 6.900 25.200 3.200
      vertex 6.900 26.400 3.200
    endloop
  endfacet
  facet normal -1 0 0
    outer loop
      vertex 6.900 25.200 1.000
      vertex 6.900 26.400 3.200
      vertex 6.900 26.400 1.000
    endloop
  endfacet
  facet normal 1 0 0
    outer loop
      vertex 7.500 25.200 1.000
      vertex 7.500 26.400 1.000
      vertex 7.500 26.400 3.200
    endloop
  endfacet
  facet normal 1 0 0
    outer loop
      vertex 7.500 25.200 1.000
      vertex 7.500 26.400 3.200
      vertex 7.500 25.200 3.200
    endloop
  endfacet
  facet normal 0 -1 0
    outer loop
      vertex 6.900 25.200 1.000
      vertex 7.500 25.200 1.000
      vertex 7.500 25.200 3.200
    endloop
  endfacet
  facet normal 0 -1 0
    outer loop
      vertex 6.900 25.200 1.000
      vertex 7.500 25.200 3.200
      vertex 6.900 25.200 3.200
    endloop
  endfacet
  facet normal 0 1 0
    outer loop
      vertex 6.900 26.400 1.000
      vertex 6.900 26.400 3.200
      vertex 7.500 26.400 3.200
    endloop
  endfacet
  facet normal 0 1 0
    outer loop
      vertex 6.900 26.400 1.000
      vertex 7.500 26.400 3.200
      vertex 7.500 26.400 1.000
    endloop
  endfacet
  facet normal 0 0 -1
    outer loop
      vertex 6.900 25.200 1.000
      vertex 6.900 26.400 1.000
      vertex 7.500 26.400 1.000
    endloop
  endfacet
  facet normal 0 0 -1
    outer loop
      vertex 6.900 25.200 1.000
      vertex 7.500 26.400 1.000
      vertex 7.500 25.200 1.000
    endloop
  endfacet
  facet normal 0 0 1
    outer loop
      vertex 6.900 25.200 3.200
      vertex 7.500 25.200 3.200
      vertex 7.500 26.400 3.200
    endloop
  endfacet
  facet normal 0 0 1
    outer loop
      vertex 6.900 25.200 3.200
      vertex 7.500 26.400 3.200
      vertex 6.900 26.400 3.200
    endloop
  endfacet
endsolid rack:F3-03:+y
solid rack:F3-04:+y
  facet normal -1 0 0
    outer loop
      vertex 7.500 25.200 1.000
      vertex 7.500 25.200 3.200
      vertex 7.500 26.400 3.200
    endloop
  endfacet
  facet normal -1 0 0
    outer loop
      vertex 7.500 25.200 1.000
      vertex 7.500 26.400 3.200
      vertex 7.500 26.400 1.000
    endloop
  endfacet
  facet normal 1 0 0
    outer loop
      vertex 8.100 25.200 1.000
      vertex 8.100 26.400 1.000
      vertex 8.100 26.400 3.200
    endloop
  endfacet
  facet normal 1 0 0
    outer loop
      vertex 8.100 25.200 1.000
      vertex 8.100 26.400 3.200
      vertex 8.100 25.200 3.200
    endloop
  endfacet
  facet normal 0 -1 0
    outer loop
      vertex 7.500 25.200 1.000
      vertex 8.100 25.200 1.000
      vertex 8.100 25.200 3.200
    endloop
  endfacet
  facet normal 0 -1 0
    outer loop
      vertex 7.500 25.200 1.000
      vertex 8.100 25.200 3.200
      vertex 7.500 25.200 3.200
    endloop
  endfacet
  facet normal 0 1 0
    outer loop
      vertex 7.500 26.400 1.000
      vertex 7.500 26.400 3.200
      vertex 8.100 26.400 3.200
    endloop
  endfacet
  facet normal 0 1 0
    outer loop
      vertex 7.500 26.400 1.000
      vertex 8.100 26.400 3.200
      vertex 8.100 26.400 1.000
    endloop
  endfacet
  facet normal 0 0 -1
    outer loop
      vertex 7.500 25.200 1.000
      vertex 7.500 26.400 1.000
      vertex 8.100 26.400 1.000
    endloop
  endfacet
  facet normal 0 0 -1
    outer loop
      vertex 7.500 25.200 1.000
      vertex 8.100 26.400 1.000
      vertex 8.100 25.200 1.000
    endloop
  endfacet
  facet normal 0 0 1
    outer loop
      vertex 7.500 25.200 3.200
      vertex 8.100 25.200 3.200
      vertex 8.100 26.400 3.200
    endloop
  endfacet
  facet normal 0 0 1
    outer loop
      vertex 7.500 25.200 3.200
      vertex 8.100 26.400 3.200
      vertex 7.500 26.400 3.200
    endloop
  endfacet
endsolid rack:F3-04:+y
solid rack:F3-05:+y
  facet normal -1 0 0
    outer loop
      vertex 8.100 25.200 1.000
      vertex 8.100 25.200 3.200
      vertex 8.100 26.400 3.200
    endloop
  endfacet
  facet normal -1 0 0
    outer loop
      vertex 8.100 25.200 1.000
      vertex 8.100 26.400 3.200
      vertex 8.100 26.400 1.000
    endloop
  endfacet
  facet normal 1 0 0
    outer loop
      vertex 8.700 25.200 1.000
      vertex 8.700 26.400 1.000
      vertex 8.700 26.400 3.200
    endloop
  endfacet
  facet normal 1 0 0
    outer loop
      vertex 8.700 25.200 1.000
      vertex 8.700 26.400 3.200
      vertex 8.700 25.200 3.200
    endloop
  endfacet
  facet normal 0 -1 0
    outer loop
      vertex 8.100 25.200 1.000
      vertex 8.700 25.200 1.000
      vertex 8.700 25.200 3.200
    endloop
  endfacet
  facet normal 0 -1 0
    outer loop
      vertex 8.100 25.200 1.000
      vertex 8.700 25.200 3.200
      vertex 8.100 25.200 3.200
    endloop
  endfacet
  facet normal 0 1 0
    outer loop
      vertex 8.100 26.400 1.000
      vertex 8.100 26.400 3.200
      vertex 8.700 26.400 3.200
    endloop
  endfacet
  facet normal 0 1 0
    outer loop
      vertex 8.100 26.400 1.000
      vertex 8.700 26.400 3.200
      vertex 8.700 26.400 1.000
    endloop
  endfacet
  facet normal 0 0 -1
    outer loop
      vertex 8.100 25.200 1.000
      vertex 8.100 26.400 1.000
      vertex 8.700 26.400 1.000
    endloop
  endfacet
  facet normal 0 0 -1
    outer loop
      vertex 8.100 25.200 1.000
      vertex 8.700 26.400 1.000
      vertex 8.700 25.200 1.000
    endloop
  endfacet
  facet normal 0 0 1
    outer loop
      vertex 8.100 25.200 3.200
      vertex 8.700 25.200 3.200
      vertex 8.700 26.400 3.200
    endloop
  endfacet
  facet normal 0 0 1
    outer loop
      vertex 8.100 25.200 3.200
      vertex 8.700 26.400 3.200
      vertex 8.100 26.400 3.200
    endloop
  endfacet
endsolid rack:F3-05:+y
solid rack:F3-06:+y
  facet normal -1 0 0
    outer loop
      vertex 8.700 25.200 1.000
      vertex 8.700 25.200 3.200
      vertex 8.700 26.400 3.200
    endloop
  endfacet
  facet normal -1 0 0
    outer loop
      vertex 8.700 25.200 1.000
      vertex 8.700 26.400 3.200
      vertex 8.700 26.400 1.000
    endloop
  endfacet
  facet normal 1 0 0
    outer loop
      vertex 9.300 25.200 1.000
      vertex 9.300 26.400 1.000
      vertex 9.300 26.400 3.200
    endloop
  endfacet
  facet normal 1 0 0
    outer loop
      vertex 9.300 25.200 1.000
      vertex 9.300 26.400 3.200
      vertex 9.300 25.200 3.200
    endloop
  endfacet
  facet normal 0 -1 0
    outer loop
      vertex 8.700 25.200 1.000
      vertex 9.300 25.200 1.000
      vertex 9.300 25.200 3.200
    endloop
  endfacet
  facet normal 0 -1 0
    outer loop
      vertex 8.700 25.200 1.000
      vertex 9.300 25.200 3.200
      vertex 8.700 25.200 3.200
    endloop
  endfacet
  facet normal 0 1 0
    outer loop
      vertex 8.700 26.400 1.000
      vertex 8.700 26.400 3.200
      vertex 9.300 26.400 3.200
    endloop
  endfacet
  facet normal 0 1 0
    outer loop
      vertex 8.700 26.400 1.000
      vertex 9.300 26.400 3.200
      vertex 9.300 26.400 1.000
    endloop
  endfacet
  facet normal 0 0 -1
    outer loop
      vertex 8.700 25.200 1.000
      vertex 8.700 26.400 1.000
      vertex 9.300 26.400 1.000
    endloop
  endfacet
  facet normal 0 0 -1
    outer loop
      vertex 8.700 25.200 1.000
      vertex 9.300 26.400 1.000
      vertex 9.300 25.200 1.000
    endloop
  endfacet
  facet normal 0 0 1
    outer loop
      vertex 8.700 25.200 3.200
      vertex 9.300 25.200 3.200
      vertex 9.300 26.400 3.200
    endloop
  endfacet
  facet normal 0 0 1
    outer loop
      vertex 8.700 25.200 3.200
      vertex 9.300 26.400 3.200
      vertex 8.700 26.400 3.200
    endloop
  endfacet
endsolid rack:F3-06:+y
solid rack:F3-07:+y
  facet normal -1 0 0
    outer loop
      vertex 9.300 25.200 1.000
      vertex 9.300 25.200 3.200
      vertex 9.300 26.400 3.200
    endloop
  endfacet
  facet normal -1 0 0
    outer loop
      vertex 9.300 25.200 1.000
      vertex 9.300 26.400 3.200
      vertex 9.300 26.400 1.000
    endloop
  endfacet
  facet normal 1 0 0
    outer loop
      vertex 9.900 25.200 1.000
      vertex 9.900 26.400 1.000
      vertex 9.900 26.400 3.200
    endloop
  endfacet
  facet normal 1 0 0
    outer loop
      vertex 9.900 25.200 1.000
      vertex 9.900 26.400 3.200
      vertex 9.900 25.200 3.200
    endloop
  endfacet
  facet normal 0 -1 0
    outer loop
      vertex 9.300 25.200 1.000
      vertex 9.900 25.200 1.000
      vertex 9.900 25.200 3.200
    endloop
  endfacet
  facet normal 0 -1 0
    outer loop
      vertex 9.300 25.200 1.000
      vertex 9.900 25.200 3.200
      vertex 9.300 25.200 3.200
    endloop
  endfacet
  facet normal 0 1 0
    outer loop
      vertex 9.300 26.400 1.000
      vertex 9.300 26.400 3.200
      vertex 9.900 26.400 3.200
    endloop
  endfacet
  facet normal 0 1 0
    outer loop
      vertex 9.300 26.400 1.000
      vertex 9.900 26.400 3.200
      vertex 9.900 26.400 1.000
    endloop
  endfacet
  facet normal 0 0 -1
    outer loop
      vertex 9.300 25.200 1.000
      vertex 9.300 26.400 1.000
      vertex 9.900 26.400 1.000
    endloop
  endfacet
  facet normal 0 0 -1
    outer loop
      vertex 9.300 25.200 1.000
      vertex 9.900 26.400 1.000
      vertex 9.900 25.200 1.000
    endloop
  endfacet
  facet normal 0 0 1
    outer loop
      vertex 9.300 25.200 3.200
      vertex 9.900 25.200 3.200
      vertex 9.900 26.400 3.200
    endloop
  endfacet
  facet normal 0 0 1
    outer loop
      vertex 9.300 25.200 3.200
      vertex 9.900 26.400 3.200
      vertex 9.300 26.400 3.200
    endloop
  endfacet
endsolid rack:F3-07:+y
solid rack:F3-08:+y
  facet normal -1 0 0
    outer loop
      vertex 9.900 25.200 1.000
      vertex 9.900 25.200 3.200
      vertex 9.900 26.400 3.200
    endloop
  endfacet
  facet normal -1 0 0
    outer loop
      vertex 9.900 25.200 1.000
      vertex 9.900 26.400 3.200
      vertex 9.900 26.400 1.000
    endloop
  endfacet
  facet normal 1 0 0
    outer loop
      vertex 10.500 25.200 1.000
      vertex 10.500 26.400 1.000
      vertex 10.500 26.400 3.200
    endloop
  endfacet
  facet normal 1 0 0
    outer loop
      vertex 10.500 25.200 1.000
      vertex 10.500 26.400 3.200
      vertex 10.500 25.200 3.200
    endloop
  endfacet
  facet normal 0 -1 0
    outer loop
      vertex 9.900 25.200 1.000
      vertex 10.500 25.200 1.000
      vertex 10.500 25.200 3.200
    endloop
  endfacet
  facet normal 0 -1 0
    outer loop
      vertex 9.900 25.200 1.000
      vertex 10.500 25.200 3.200
      vertex 9.900 25.200 3.200
    endloop
  endfacet
  facet normal 0 1 0
    outer loop
      vertex 9.900 26.400 1.000
      vertex 9.900 26.400 3.200
      vertex 10.500 26.400 3.200
    endloop
  endfacet
  facet normal 0 1 0
    outer loop
      vertex 9.900 26.400 1.000
      vertex 10.500 26.400 3.200
      vertex 10.500 26.400 1.000
    endloop
  endfacet
  facet normal 0 0 -1
    outer loop
      vertex 9.900 25.200 1.000
      vertex 9.900 26.400 1.000
      vertex 10.500 26.400 1.000
    endloop
  endfacet
  facet normal 0 0 -1
    outer loop
      vertex 9.900 25.200 1.000
      vertex 10.500 26.400 1.000
      vertex 10.500 25.200 1.000
    endloop
  endfacet
  facet normal 0 0 1
    outer loop
      vertex 9.900 25.200 3.200
      vertex 10.500 25.200 3.200
      vertex 10.500 26.400 3.200
    endloop
  endfacet
  facet normal 0 0 1
    outer loop
      vertex 9.900 25.200 3.200
      vertex 10.500 26.400 3.200
      vertex 9.900 26.400 3.200
    endloop
  endfacet
endsolid rack:F3-08:+y
solid rack:F3-09:+y
  facet normal -1 0 0
    outer loop
      vertex 10.500 25.200 1.000
      vertex 10.500 25.200 3.200
      vertex 10.500 26.400 3.200
    endloop
  endfacet
  facet normal -1 0 0
    outer loop
      vertex 10.500 25.200 1.000
      vertex 10.500 26.400 3.200
      vertex 10.500 26.400 1.000
    endloop
  endfacet
  facet normal 1 0 0
    outer loop
      vertex 11.100 25.200 1.000
      vertex 11.100 26.400 1.000
      vertex 11.100 26.400 3.200
    endloop
  endfacet
  facet normal 1 0 0
    outer loop
      vertex 11.100 25.200 1.000
      vertex 11.100 26.400 3.200
      vertex 11.100 25.200 3.200
    endloop
  endfacet
  facet normal 0 -1 0
    outer loop
      vertex 10.500 25.200 1.000
      vertex 11.100 25.200 1.000
      vertex 11.100 25.200 3.200
    endloop
  endfacet
  facet normal 0 -1 0
    outer loop
      vertex 10.500 25.200 1.000
      vertex 11.100 25.200 3.200
      vertex 10.500 25.200 3.200
    endloop
  endfacet
  facet normal 0 1 0
    outer loop
      vertex 10.500 26.400 1.000
      vertex 10.500 26.400 3.200
      vertex 11.100 26.400 3.200
    endloop
  endfacet
  facet normal 0 1 0
    outer loop
      vertex 10.500 26.400 1.000
      vertex 11.100 26.400 3.200
      vertex 11.100 26.400 1.000
    endloop
  endfacet
  facet normal 0 0 -1
    outer loop
      vertex 10.500 25.200 1.000
      vertex 10.500 26.400 1.000
      vertex 11.100 26.400 1.000
    endloop
  endfacet
  facet normal 0 0 -1
    outer loop
      vertex 10.500 25.200 1.000
      vertex 11.100 26.400 1.000
      vertex 11.100 25.200 1.000
    endloop
  endfacet
  facet normal 0 0 1
    outer loop
      vertex 10.500 25.200 3.200
      vertex 11.100 25.200 3.200
      vertex 11.100 26.400 3.200
    endloop
  endfacet
  facet normal 0 0 1
    outer loop
      vertex 10.500 25.200 3.200
      vertex 11.100 26.400 3.200
      vertex 10.500 26.400 3.200
    endloop
  endfacet
endsolid rack:F3-09:+y
solid rack:F3-10:+y
  facet normal -1 0 0
    outer loop
      vertex 11.100 25.200 1.000
      vertex 11.100 25.200 3.200
      vertex 11.100 26.400 3.200
    endloop
  endfacet
  facet normal -1 0 0
    outer loop
      vertex 11.100 25.200 1.000
      vertex 11.100 26.400 3.200
      vertex 11.100 26.400 1.000
    endloop
  endfacet
  facet normal 1 0 0
    outer loop
      vertex 11.700 25.200 1.000
      vertex 11.700 26.400 1.000
      vertex 11.700 26.400 3.200
    endloop
  endfacet
  facet normal 1 0 0
    outer loop
      vertex 11.700 25.200 1.000
      vertex 11.700 26.400 3.200
      vertex 11.700 25.200 3.200
    endloop
  endfacet
  facet normal 0 -1 0
    outer loop
      vertex 11.100 25.200 1.000
      vertex 11.700 25.200 1.000
      vertex 11.700 25.200 3.200
    endloop
  endfacet
  facet normal 0 -1 0
    outer loop
      vertex 11.100 25.200 1.000
      vertex 11.700 25.200 3.200
      vertex 11.100 25.200 3.200
    endloop
  endfacet
  facet normal 0 1 0
    outer loop
      vertex 11.100 26.400 1.000
      vertex 11.100 26.400 3.200
      vertex 11.700 26.400 3.200
    endloop
  endfacet
  facet normal 0 1 0
    outer loop
      vertex 11.100 26.400 1.000
      vertex 11.700 26.400 3.200
      vertex 11.700 26.400 1.000
    endloop
  endfacet
  facet normal 0 0 -1
    outer loop
      vertex 11.100 25.200 1.000
      vertex 11.100 26.400 1.000
      vertex 11.700 26.400 1.000
    endloop
  endfacet
  facet normal 0 0 -1
    outer loop
      vertex 11.100 25.200 1.000
      vertex 11.700 26.400 1.000
      vertex 11.700 25.200 1.000
    endloop
  endfacet
  facet normal 0 0 1
    outer loop
      vertex 11.100 25.200 3.200
      vertex 11.700 25.200 3.200
      vertex 11.700 26.400 3.200
    endloop
  endfacet
  facet normal 0 0 1
    outer loop
      vertex 11.100 25.200 3.200
      vertex 11.700 26.400 3.200
      vertex 11.100 26.400 3.200
    endloop
  endfacet
endsolid rack:F3-10:+y
solid rack:F3-11:+y
  facet normal -1 0 0
    outer loop
      vertex 11.700 25.200 1.000
      vertex 11.700 25.200 3.200
      vertex 11.700 26.400 3.200
    endloop
  endfacet
  facet normal -1 0 0
    outer loop
      vertex 11.700 25.200 1.000
      vertex 11.700 26.400 3.200
      vertex 11.700 26.400 1.000
    endloop
  endfacet
  facet normal 1 0 0
    outer loop
      vertex 12.300 25.200 1.000
      vertex 12.300 26.400 1.000
      vertex 12.300 26.400 3.200
    endloop
  endfacet
  facet normal 1 0 0
    outer loop
      vertex 12.300 25.200 1.000
      vertex 12.300 26.400 3.200
      vertex 12.300 25.200 3.200
    endloop
  endfacet
  facet normal 0 -1 0
    outer loop
      vertex 11.700 25.200 1.000
      vertex 12.300 25.200 1.000
      vertex 12.300 25.200 3.200
    endloop
  endfacet
  facet normal 0 -1 0
    outer loop
      vertex 11.700 25.200 1.000
      vertex 12.300 25.200 3.200
      vertex 11.700 25.200 3.200
    endloop
  endfacet
  facet normal 0 1 0
    outer loop
      vertex 11.700 26.400 1.000
      vertex 11.700 26.400 3.200
      vertex 12.300 26.400 3.200
    endloop
  endfacet
  facet normal 0 1 0
    outer loop
      vertex 11.700 26.400 1.000
      vertex 12.300 26.400 3.200
      vertex 12.300 26.400 1.000
    endloop
  endfacet
  facet normal 0 0 -1
    outer loop
      vertex 11.700 25.200 1.000
      vertex 11.700 26.400 1.000
      vertex 12.300 26.400 1.000
    endloop
  endfacet
  facet normal 0 0 -1
    outer loop
      vertex 11.700 25.200 1.000
      vertex 12.300 26.400 1.000
      vertex 12.300 25.200 1.000
    endloop
  endfacet
  facet normal 0 0 1
    outer loop
      vertex 11.700 25.200 3.200
      vertex 12.300 25.200 3.200
      vertex 12.300 26.400 3.200
    endloop
  endfacet
  facet normal 0 0 1
    outer loop
      vertex 11.700 25.200 3.200
      vertex 12.300 26.400 3.200
      vertex 11.700 26.400 3.200
    endloop
  endfacet
endsolid rack:F3-11:+y
solid rack:F3-12:+y
  facet normal -1 0 0
    outer loop
      vertex 12.300 25.200 1.000
      vertex 12.300 25.200 3.200
      vertex 12.300 26.400 3.200
    endloop
  endfacet
  facet normal -1 0 0
    outer loop
      vertex 12.300 25.200 1.000
      vertex 12.300 26.400 3.200
      vertex 12.300 26.400 1.000
    endloop
  endfacet
  facet normal 1 0 0
    outer loop
      vertex 12.900 25.200 1.000
      vertex 12.900 26.400 1.000
      vertex 12.900 26.400 3.200
    endloop
  endfacet
  facet normal 1 0 0
    outer loop
      vertex 12.900 25.200 1.000
      vertex 12.900 26.400 3.200
      vertex 12.900 25.200 3.200
    endloop
  endfacet
  facet normal 0 -1 0
    outer loop
      vertex 12.300 25.200 1.000
      vertex 12.900 25.200 1.000
      vertex 12.900 25.200 3.200
    endloop
  endfacet
  facet normal 0 -1 0
    outer loop
      vertex 12.300 25.200 1.000
      vertex 12.900 25.200 3.200
      vertex 12.300 25.200 3.200
    endloop
  endfacet
  facet normal 0 1 0
    outer loop
      vertex 12.300 26.400 1.000
      vertex 12.300 26.400 3.200
      vertex 12.900 26.400 3.200
    endloop
  endfacet
  facet normal 0 1 0
    outer loop
      vertex 12.300 26.400 1.000
      vertex 12.900 26.400 3.200
      vertex 12.900 26.400 1.000
    endloop
  endfacet
  facet normal 0 0 -1
    outer loop
      vertex 12.300 25.200 1.000
      vertex 12.300 26.400 1.000
      vertex 12.900 26.400 1.000
    endloop
  endfacet
  facet normal 0 0 -1
    outer loop
      vertex 12.300 25.200 1.000
      vertex 12.900 26.400 1.000
      vertex 12.900 25.200 1.000
    endloop
  endfacet
  facet normal 0 0 1
    outer loop
      vertex 12.300 25.200 3.200
      vertex 12.900 25.200 3.200
      vertex 12.900 26.400 3.200
    endloop
  endfacet
  facet normal 0 0 1
    outer loop
      vertex 12.300 25.200 3.200
      vertex 12.900 26.400 3.200
      vertex 12.300 26.400 3.200
    endloop
  endfacet
endsolid rack:F3-12:+y
solid rack:F3-13:+y
  facet normal -1 0 0
    outer loop
      vertex 12.900 25.200 1.000
      vertex 12.900 25.200 3.200
      vertex 12.900 26.400 3.200
    endloop
  endfacet
  facet normal -1 0 0
    outer loop
      vertex 12.900 25.200 1.000
      vertex 12.900 26.400 3.200
      vertex 12.900 26.400 1.000
    endloop
  endfacet
  facet normal 1 0 0
    outer loop
      vertex 13.500 25.200 1.000
      vertex 13.500 26.400 1.000
      vertex 13.500 26.400 3.200
    endloop
  endfacet
  facet normal 1 0 0
    outer loop
      vertex 13.500 25.200 1.000
      vertex 13.500 26.400 3.200
      vertex 13.500 25.200 3.200
    endloop
  endfacet
  facet normal 0 -1 0
    outer loop
      vertex 12.900 25.200 1.000
      vertex 13.500 25.200 1.000
      vertex 13.500 25.200 3.200
    endloop
  endfacet
  facet normal 0 -1 0
    outer loop
      vertex 12.900 25.200 1.000
      vertex 13.500 25.200 3.200
      vertex 12.900 25.200 3.200
    endloop
  endfacet
  facet normal 0 1 0
    outer loop
      vertex 12.900 26.400 1.000
      vertex 12.900 26.400 3.200
      vertex 13.500 26.400 3.200
    endloop
  endfacet
  facet normal 0 1 0
    outer loop
      vertex 12.900 26.400 1.000
      vertex 13.500 26.400 3.200
      vertex 13.500 26.400 1.000
    endloop
  endfacet
  facet normal 0 0 -1
    outer loop
      vertex 12.900 25.200 1.000
      vertex 12.900 26.400 1.000
      vertex 13.500 26.400 1.000
    endloop
  endfacet
  facet normal 0 0 -1
    outer loop
      vertex 12.900 25.200 1.000
      vertex 13.500 26.400 1.000
      vertex 13.500 25.200 1.000
    endloop
  endfacet
  facet normal 0 0 1
    outer loop
      vertex 12.900 25.200 3.200
      vertex 13.500 25.200 3.200
      vertex 13.500 26.400 3.200
    endloop
  endfacet
  facet normal 0 0 1
    outer loop
      vertex 12.900 25.200 3.200
      vertex 13.500 26.400 3.200
      vertex 12.900 26.400 3.200
    endloop
  endfacet
endsolid rack:F3-13:+y
solid rack:F3-14:+y
  facet normal -1 0 0
    outer loop
      vertex 13.500 25.200 1.000
      vertex 13.500 25.200 3.200
      vertex 13.500 26.400 3.200
    endloop
  endfacet
  facet normal -1 0 0
    outer loop
      vertex 13.500 25.200 1.000
      vertex 13.500 26.400 3.200
      vertex 13.500 26.400 1.000
    endloop
  endfacet
  facet normal 1 0 0
    outer loop
      vertex 14.100 25.200 1.000
      vertex 14.100 26.400 1.000
      vertex 14.100 26.400 3.200
    endloop
  endfacet
  facet normal 1 0 0
    outer loop
      vertex 14.100 25.200 1.000
      vertex 14.100 26.400 3.200
      vertex 14.100 25.200 3.200
    endloop
  endfacet
  facet normal 0 -1 0
    outer loop
      vertex 13.500 25.200 1.000
      vertex 14.100 25.200 1.000
      vertex 14.100 25.200 3.200
    endloop
  endfacet
  facet normal 0 -1 0
    outer loop
      vertex 13.500 25.200 1.000
      vertex 14.100 25.200 3.200
      vertex 13.500 25.200 3.200
    endloop
  endfacet
  facet normal 0 1 0
    outer loop
      vertex 13.500 26.400 1.000
      vertex 13.500 26.400 3.200
      vertex 14.100 26.400 3.200
    endloop
  endfacet
  facet normal 0 1 0
    outer loop
      vertex 13.500 26.400 1.000
      vertex 14.100 26.400 3.200
      vertex 14.100 26.400 1.000
    endloop
  endfacet
  facet normal 0 0 -1
    outer loop
      vertex 13.500 25.200 1.000
      vertex 13.500 26.400 1.000
      vertex 14.100 26.400 1.000
    endloop
  endfacet
  facet normal 0 0 -1
    outer loop
      vertex 13.500 25.200 1.000
      vertex 14.100 26.400 1.000
      vertex 14.100 25.200 1.000
    endloop
  endfacet
  facet normal 0 0 1
    outer loop
      vertex 13.500 25.200 3.200
      vertex 14.100 25.200 3.200
      vertex 14.100 26.400 3.200
    endloop
  endfacet
  facet normal 0 0 1
    outer loop
      vertex 13.500 25.200 3.200
      vertex 14.100 26.400 3.200
      vertex 13.500 26.400 3.200
    endloop
  endfacet
endsolid rack:F3-14:+y
solid rack:F3-15:+y
  facet normal -1 0 0
    outer loop
      vertex 14.100 25.200 1.000
      vertex 14.100 25.200 3.200
      vertex 14.100 26.400 3.200
    endloop
  endfacet
  facet normal -1 0 0
    outer loop
      vertex 14.100 25.200 1.000
      vertex 14.100 26.400 3.200
      vertex 14.100 26.400 1.000
    endloop
  endfacet
  facet normal 1 0 0
    outer loop
      vertex 14.700 25.200 1.000
      vertex 14.700 26.400 1.000
      vertex 14.700 26.400 3.200
    endloop
  endfacet
  facet normal 1 0 0
    outer loop
      vertex 14.700 25.200 1.000
      vertex 14.700 26.400 3.200
      vertex 14.700 25.200 3.200
    endloop
  endfacet
  facet normal 0 -1 0
    outer loop
      vertex 14.100 25.200 1.000
      vertex 14.700 25.200 1.000
      vertex 14.700 25.200 3.200
    endloop
  endfacet
  facet normal 0 -1 0
    outer loop
      vertex 14.100 25.200 1.000
      vertex 14.700 25.200 3.200
      vertex 14.100 25.200 3.200
    endloop
  endfacet
  facet normal 0 1 0
    outer loop
      vertex 14.100 26.400 1.000
      vertex 14.100 26.400 3.200
      vertex 14.700 26.400 3.200
    endloop
  endfacet
  facet normal 0 1 0
    outer loop
      vertex 14.100 26.400 1.000
      vertex 14.700 26.400 3.200
      vertex 14.700 26.400 1.000
    endloop
  endfacet
  facet normal 0 0 -1
    outer loop
      vertex 14.100 25.200 1.000
      vertex 14.100 26.400 1.000
      vertex 14.700 26.400 1.000
    endloop
  endfacet
  facet normal 0 0 -1
    outer loop
      vertex 14.100 25.200 1.000
      vertex 14.700 26.400 1.000
      vertex 14.700 25.200 1.000
    endloop
  endfacet
  facet normal 0 0 1
    outer loop
      vertex 14.100 25.200 3.200
      vertex 14.700 25.200 3.200
      vertex 14.700 26.400 3.200
    endloop
  endfacet
  facet normal 0 0 1
    outer loop
      vertex 14.100 25.200 3.200
      vertex 14.700 26.400 3.200
      vertex 14.100 26.400 3.200
    endloop
  endfacet
endsolid rack:F3-15:+y
solid rack:F3-16:+y
  facet normal -1 0 0
    outer loop
      vertex 14.700 25.200 1.000
      vertex 14.700 25.200 3.200
      vertex 14.700 26.400 3.200
    endloop
  endfacet
  facet normal -1 0 0
    outer loop
      vertex 14.700 25.200 1.000
      vertex 14.700 26.400 3.200
      vertex 14.700 26.400 1.000
    endloop
  endfacet
  facet normal 1 0 0
    outer loop
      vertex 15.300 25.200 1.000
      vertex 15.300 26.400 1.000
      vertex 15.300 26.400 3.200
    endloop
  endfacet
  facet normal 1 0 0
    outer loop
      vertex 15.300 25.200 1.000
      vertex 15.300 26.400 3.200
      vertex 15.300 25.200 3.200
    endloop
  endfacet
  facet normal 0 -1 0
    outer loop
      vertex 14.700 25.200 1.000
      vertex 15.300 25.200 1.000
      vertex 15.300 25.200 3.200
    endloop
  endfacet
  facet normal 0 -1 0
    outer loop
      vertex 14.700 25.200 1.000
      vertex 15.300 25.200 3.200
      vertex 14.700 25.200 3.200
    endloop
  endfacet
  facet normal 0 1 0
    outer loop
      vertex 14.700 26.400 1.000
      vertex 14.700 26.400 3.200
      vertex 15.300 26.400 3.200
    endloop
  endfacet
  facet normal 0 1 0
    outer loop
      vertex 14.700 26.400 1.000
      vertex 15.300 26.400 3.200
      vertex 15.300 26.400 1.000
    endloop
  endfacet
  facet normal 0 0 -1
    outer loop
      vertex 14.700 25.200 1.000
      vertex 14.700 26.400 1.000
      vertex 15.300 26.400 1.000
    endloop
  endfacet
  facet normal 0 0 -1
    outer loop
      vertex 14.700 25.200 1.000
      vertex 15.300 26.400 1.000
      vertex 15.300 25.200 1.000
    endloop
  endfacet
  facet normal 0 0 1
    outer loop
      vertex 14.700 25.200 3.200
      vertex 15.300 25.200 3.200
      vertex 15.300 26.400 3.200
    endloop
  endfacet
  facet normal 0 0 1
    outer loop
      vertex 14.700 25.200 3.200
      vertex 15.300 26.400 3.200
      vertex 14.700 26.400 3.200
    endloop
  endfacet
endsolid rack:F3-16:+y
solid rack:F3-17:+y
  facet normal -1 0 0
    outer loop
      vertex 15.300 25.200 1.000
      vertex 15.300 25.200 3.200
      vertex 15.300 26.400 3.200
    endloop
  endfacet
  facet normal -1 0 0
    outer loop
      vertex 15.300 25.200 1.000
      vertex 15.300 26.400 3.200
      vertex 15.300 26.400 1.000
    endloop
  endfacet
  facet normal 1 0 0
    outer loop
      vertex 15.900 25.200 1.000
      vertex 15.900 26.400 1.000
      vertex 15.900 26.400 3.200
    endloop
  endfacet
  facet normal 1 0 0
    outer loop
      vertex 15.900 25.200 1.000
      vertex 15.900 26.400 3.200
      vertex 15.900 25.200 3.200
    endloop
  endfacet
  facet normal 0 -1 0
    outer loop
      vertex 15.300 25.200 1.000
      vertex 15.900 25.200 1.000
      vertex 15.900 25.200 3.200
    endloop
  endfacet
  facet normal 0 -1 0
    outer loop
      vertex 15.300 25.200 1.000
      vertex 15.900 25.200 3.200
      vertex 15.300 25.200 3.200
    endloop
  endfacet
  facet normal 0 1 0
    outer loop
      vertex 15.300 26.400 1.000
      vertex 15.300 26.400 3.200
      vertex 15.900 26.400 3.200
    endloop
  endfacet
  facet normal 0 1 0
    outer loop
      vertex 15.300 26.400 1.000
      vertex 15.900 26.400 3.200
      vertex 15.900 26.400 1.000
    endloop
  endfacet
  facet normal 0 0 -1
    outer loop
      vertex 15.300 25.200 1.000
      vertex 15.300 26.400 1.000
      vertex 15.900 26.400 1.000
    endloop
  endfacet
  facet normal 0 0 -1
    outer loop
      vertex 15.300 25.200 1.000
      vertex 15.900 26.400 1.000
      vertex 15.900 25.200 1.000
    endloop
  endfacet
  facet normal 0 0 1
    outer loop
      vertex 15.300 25.200 3.200
      vertex 15.900 25.200 3.200
      vertex 15.900 26.400 3.200
    endloop
  endfacet
  facet normal 0 0 1
    outer loop
      vertex 15.300 25.200 3.200
      vertex 15.900 26.400 3.200
      vertex 15.300 26.400 3.200
    endloop
  endfacet
endsolid rack:F3-17:+y
solid rack:F4-01:-y
  facet normal -1 0 0
    outer loop
      vertex 5.700 22.200 1.000
      vertex 5.700 22.200 3.200
      vertex 5.700 23.400 3.200
    endloop
  endfacet
  facet normal -1 0 0
    outer loop
      vertex 5.700 22.200 1.000
      vertex 5.700 23.400 3.200
      vertex 5.700 23.400 1.000
    endloop
  endfacet
  facet normal 1 0 0
    outer loop
      vertex 6.300 22.200 1.000
      vertex 6.300 23.400 1.000
      vertex 6.300 23.400 3.200
    endloop
  endfacet
  facet normal 1 0 0
    outer loop
      vertex 6.300 22.200 1.000
      vertex 6.300 23.400 3.200
      vertex 6.300 22.200 3.200
    endloop
  endfacet
  facet normal 0 -1 0
    outer loop
      vertex 5.700 22.200 1.000
      vertex 6.300 22.200 1.000
      vertex 6.300 22.200 3.200
    endloop
  endfacet
  facet normal 0 -1 0
    outer loop
      vertex 5.700 22.200 1.000
      vertex 6.300 22.200 3.200
      vertex 5.700 22.200 3.200
    endloop
  endfacet
  facet normal 0 1 0
    outer loop
      vertex 5.700 23.400 1.000
      vertex 5.700 23.400 3.200
      vertex 6.300 23.400 3.200
    endloop
  endfacet
  facet normal 0 1 0
    outer loop
      vertex 5.700 23.400 1.000
      vertex 6.300 23.400 3.200
      vertex 6.300 23.400 1.000
    endloop
  endfacet
  facet normal 0 0 -1
    outer loop
      vertex 5.700 22.200 1.000
      vertex 5.700 23.400 1.000
      vertex 6.300 23.400 1.000
    endloop
  endfacet
  facet normal 0 0 -1
    outer loop
      vertex 5.700 22.200 1.000
      vertex 6.300 23.400 1.000
      vertex 6.300 22.200 1.000
    endloop
  endfacet
  facet normal 0 0 1
    outer loop
      vertex 5.700 22.200 3.200
      vertex 6.300 22.200 3.200
      vertex 6.300 23.400 3.200
    endloop
  endfacet
  facet normal 0 0 1
    outer loop
      vertex 5.700 22.200 3.200
      vertex 6.300 23.400 3.200
      vertex 5.700 23.400 3.200
    endloop
  endfacet
endsolid rack:F4-01:-y
solid rack:F4-02:-y
  facet normal -1 0 0
    outer loop
      vertex 6.300 22.200 1.000
      vertex 6.300 22.200 3.200
      vertex 6.300 23.400 3.200
    endloop
  endfacet
  facet normal -1 0 0
    outer loop
      vertex 6.300 22.200 1.000
      vertex 6.300 23.400 3.200
      vertex 6.300 23.400 1.000
    endloop
  endfacet
  facet normal 1 0 0
    outer loop
      vertex 6.900 22.200 1.000
      vertex 6.900 23.400 1.000
      vertex 6.900 23.400 3.200
    endloop
  endfacet
  facet normal 1 0 0
    outer loop
      vertex 6.900 22.200 1.000
      vertex 6.900 23.400 3.200
      vertex 6.900 22.200 3.200
    endloop
  endfacet
  facet normal 0 -1 0
    outer loop
      vertex 6.300 22.200 1.000
      vertex 6.900 22.200 1.000
      vertex 6.900 22.200 3.200
    endloop
  endfacet
  facet normal 0 -1 0
    outer loop
      vertex 6.300 22.200 1.000
      vertex 6.900 22.200 3.200
      vertex 6.300 22.200 3.200
    endloop
  endfacet
  facet normal 0 1 0
    outer loop
      vertex 6.300 23.400 1.000
      vertex 6.300 23.400 3.200
      vertex 6.900 23.400 3.200
    endloop
  endfacet
  facet normal 0 1 0
    outer loop
      vertex 6.300 23.400 1.000
      vertex 6.900 23.400 3.200
      vertex 6.900 23.400 1.000
    endloop
  endfacet
  facet normal 0 0 -1
    outer loop
      vertex 6.300 22.200 1.000
      vertex 6.300 23.400 1.000
      vertex 6.900 23.400 1.000
    endloop
  endfacet
  facet normal 0 0 -1
    outer loop
      vertex 6.300 22.200 1.000
      vertex 6.900 23.400 1.000
      vertex 6.900 22.200 1.000
    endloop
  endfacet
  facet normal 0 0 1
    outer loop
      vertex 6.300 22.200 3.200
      vertex 6.900 22.200 3.200
      vertex 6.900 23.400 3.200
    endloop
  endfacet
  facet normal 0 0 1
    outer loop
      vertex 6.300 22.200 3.200
      vertex 6.900 23.400 3.200
      vertex 6.300 23.400 3.200
    endloop
  endfacet
endsolid rack:F4-02:-y
solid rack:F4-03:-y
  facet normal -1 0 0
    outer loop
      vertex 6.900 22.200 1.000
      vertex 6.900 22.200 3.200
      vertex 6.900 23.400 3.200
    endloop
  endfacet
  facet normal -1 0 0
    outer loop
      vertex 6.900 22.200 1.000
      vertex 6.900 23.400 3.200
      vertex 6.900 23.400 1.000
    endloop
  endfacet
  facet normal 1 0 0
    outer loop
      vertex 7.500 22.200 1.000
      vertex 7.500 23.400 1.000
      vertex 7.500 23.400 3.200
    endloop
  endfacet
  facet normal 1 0 0
    outer loop
      vertex 7.500 22.200 1.000
      vertex 7.500 23.400 3.200
      vertex 7.500 22.200 3.200
    endloop
  endfacet
  facet normal 0 -1 0
    outer loop
      vertex 6.900 22.200 1.000
      vertex 7.500 22.200 1.000
      vertex 7.500 22.200 3.200
    endloop
  endfacet
  facet normal 0 -1 0
    outer loop
      vertex 6.900 22.200 1.000
      vertex 7.500 22.200 3.200
      vertex 6.900 22.200 3.200
    endloop
  endfacet
  facet normal 0 1 0
    outer loop
      vertex 6.900 23.400 1.000
      vertex 6.900 23.400 3.200
      vertex 7.500 23.400 3.200
    endloop
  endfacet
  facet normal 0 1 0
    outer loop
      vertex 6.900 23.400 1.000
      vertex 7.500 23.400 3.200
      vertex 7.500 23.400 1.000
    endloop
  endfacet
  facet normal 0 0 -1
    outer loop
      vertex 6.900 22.200 1.000
      vertex 6.900 23.400 1.000
      vertex 7.500 23.400 1.000
    endloop
  endfacet
  facet normal 0 0 -1
    outer loop
      vertex 6.900 22.200 1.000
      vertex 7.500 23.400 1.000
      vertex 7.500 22.200 1.000
    endloop
  endfacet
  facet normal 0 0 1
    outer loop
      vertex 6.900 22.200 3.200
      vertex 7.500 22.200 3.200
      vertex 7.500 23.400 3.200
    endloop
  endfacet
  facet normal 0 0 1
    outer loop
      vertex 6.900 22.200 3.200
      vertex 7.500 23.400 3.200
      vertex 6.900 23.400 3.200
    endloop
  endfacet
endsolid rack:F4-03:-y
solid rack:F4-04:-y
  facet normal -1 0 0
    outer loop
      vertex 7.500 22.200 1.000
      vertex 7.500 22.200 3.200
      vertex 7.500 23.400 3.200
    endloop
  endfacet
  facet normal -1 0 0
    outer loop
      vertex 7.500 22.200 1.000
      vertex 7.500 23.400 3.200
      vertex 7.500 23.400 1.000
    endloop
  endfacet
  facet normal 1 0 0
    outer loop
      vertex 8.100 22.200 1.000
      vertex 8.100 23.400 1.000
      vertex 8.100 23.400 3.200
    endloop
  endfacet
  facet normal 1 0 0
    outer loop
      vertex 8.100 22.200 1.000
      vertex 8.100 23.400 3.200
      vertex 8.100 22.200 3.200
    endloop
  endfacet
  facet normal 0 -1 0
    outer loop
      vertex 7.500 22.200 1.000
      vertex 8.100 22.200 1.000
      vertex 8.100 22.200 3.200
    endloop
  endfacet
  facet normal 0 -1 0
    outer loop
      vertex 7.500 22.200 1.000
      vertex 8.100 22.200 3.200
      vertex 7.500 22.200 3.200
    endloop
  endfacet
  facet normal 0 1 0
    outer loop
      vertex 7.500 23.400 1.000
      vertex 7.500 23.400 3.200
      vertex 8.100 23.400 3.200
    endloop
  endfacet
  facet normal 0 1 0
    outer loop
      vertex 7.500 23.400 1.000
      vertex 8.100 23.400 3.200
      vertex 8.100 23.400 1.000
    endloop
  endfacet
  facet normal 0 0 -1
    outer loop
      vertex 7.500 22.200 1.000
      vertex 7.500 23.400 1.000
      vertex 8.100 23.400 1.000
    endloop
  endfacet
  facet normal 0 0 -1
    outer loop
      vertex 7.500 22.200 1.000
      vertex 8.100 23.400 1.000
      vertex 8.100 22.200 1.000
    endloop
  endfacet
  facet normal 0 0 1
    outer loop
      vertex 7.500 22.200 3.200
      vertex 8.100 22.200 3.200
      vertex 8.100 23.400 3.200
    endloop
  endfacet
  facet normal 0 0 1
    outer loop
      vertex 7.500 22.200 3.200
      vertex 8.100 23.400 3.200
      vertex 7.500 23.400 3.200
    endloop
  endfacet
endsolid rack:F4-04:-y
solid rack:F4-05:-y
  facet normal -1 0 0
    outer loop
      vertex 8.100 22.200 1.000
      vertex 8.100 22.200 3.200
      vertex 8.100 23.400 3.200
    endloop
  endfacet
  facet normal -1 0 0
    outer loop
      vertex 8.100 22.200 1.000
      vertex 8.100 23.400 3.200
      vertex 8.100 23.400 1.000
    endloop
  endfacet
  facet normal 1 0 0
    outer loop
      vertex 8.700 22.200 1.000
      vertex 8.700 23.400 1.000
      vertex 8.700 23.400 3.200
    endloop
  endfacet
  facet normal 1 0 0
    outer loop
      vertex 8.700 22.200 1.000
      vertex 8.700 23.400 3.200
      vertex 8.700 22.200 3.200
    endloop
  endfacet
  facet normal 0 -1 0
    outer loop
      vertex 8.100 22.200 1.000
      vertex 8.700 22.200 1.000
      vertex 8.700 22.200 3.200
    endloop
  endfacet
  facet normal 0 -1 0
    outer loop
      vertex 8.100 22.200 1.000
      vertex 8.700 22.200 3.200
      vertex 8.100 22.200 3.200
    endloop
  endfacet
  facet normal 0 1 0
    outer loop
      vertex 8.100 23.400 1.000
      vertex 8.100 23.400 3.200
      vertex 8.700 23.400 3.200
    endloop
  endfacet
  facet normal 0 1 0
    outer loop
      vertex 8.100 23.400 1.000
      vertex 8.700 23.400 3.200
      vertex 8.700 23.400 1.000
    endloop
  endfacet
  facet normal 0 0 -1
    outer loop
      vertex 8.100 22.200 1.000
      vertex 8.100 23.400 1.000
      vertex 8.700 23.400 1.000
    endloop
  endfacet
  facet normal 0 0 -1
    outer loop
      vertex 8.100 22.200 1.000
      vertex 8.700 23.400 1.000
      vertex 8.700 22.200 1.000
    endloop
  endfacet
  facet normal 0 0 1
    outer loop
      vertex 8.100 22.200 3.200
      vertex 8.700 22.200 3.200
      vertex 8.700 23.400 3.200
    endloop
  endfacet
  facet normal 0 0 1
    outer loop
      vertex 8.100 22.200 3.200
      vertex 8.700 23.400 3.200
      vertex 8.100 23.400 3.200
    endloop
  endfacet
endsolid rack:F4-05:-y
solid rack:F4-06:-y
  facet normal -1 0 0
    outer loop
      vertex 8.700 22.200 1.000
      vertex 8.700 22.200 3.200
      vertex 8.700 23.400 3.200
    endloop
  endfacet
  facet normal -1 0 0
    outer loop
      vertex 8.700 22.200 1.000
      vertex 8.700 23.400 3.200
      vertex 8.700 23.400 1.000
    endloop
  endfacet
  facet normal 1 0 0
    outer loop
      vertex 9.300 22.200 1.000
      vertex 9.300 23.400 1.000
      vertex 9.300 23.400 3.200
    endloop
  endfacet
  facet normal 1 0 0
    outer loop
      vertex 9.300 22.200 1.000
      vertex 9.300 23.400 3.200
      vertex 9.300 22.200 3.200
    endloop
  endfacet
  facet normal 0 -1 0
    outer loop
      vertex 8.700 22.200 1.000
      vertex 9.300 22.200 1.000
      vertex 9.300 22.200 3.200
    endloop
  endfacet
  facet normal 0 -1 0
    outer loop
      vertex 8.700 22.200 1.000
      vertex 9.300 22.200 3.200
      vertex 8.700 22.200 3.200
    endloop
  endfacet
  facet normal 0 1 0
    outer loop
      vertex 8.700 23.400 1.000
      vertex 8.700 23.400 3.200
      vertex 9.300 23.400 3.200
    endloop
  endfacet
  facet normal 0 1 0
    outer loop
      vertex 8.700 23.400 1.000
      vertex 9.300 23.400 3.200
      vertex 9.300 23.400 1.000
    endloop
  endfacet
  facet normal 0 0 -1
    outer loop
      vertex 8.700 22.200 1.000
      vertex 8.700 23.400 1.000
      vertex 9.300 23.400 1.000
    endloop
  endfacet
  facet normal 0 0 -1
    outer loop
      vertex 8.700 22.200 1.000
      vertex 9.300 23.400 1.000
      vertex 9.300 22.200 1.000
    endloop
  endfacet
  facet normal 0 0 1
    outer loop
      vertex 8.700 22.200 3.200
      vertex 9.300 22.200 3.200
      vertex 9.300 23.400 3.200
    endloop
  endfacet
  facet normal 0 0 1
    outer loop
      vertex 8.700 22.200 3.200
      vertex 9.300 23.400 3.200
      vertex 8.700 23.400 3.200
    endloop
  endfacet
endsolid rack:F4-06:-y
solid rack:F4-07:-y
  facet normal -1 0 0
    outer loop
      vertex 9.300 22.200 1.000
      vertex 9.300 22.200 3.200
      vertex 9.300 23.400 3.200
    endloop
  endfacet
  facet normal -1 0 0
    outer loop
      vertex 9.300 22.200 1.000
      vertex 9.300 23.400 3.200
      vertex 9.300 23.400 1.000
    endloop
  endfacet
  facet normal 1 0 0
    outer loop
      vertex 9.900 22.200 1.000
      vertex 9.900 23.400 1.000
      vertex 9.900 23.400 3.200
    endloop
  endfacet
  facet normal 1 0 0
    outer loop
      vertex 9.900 22.200 1.000
      vertex 9.900 23.400 3.200
      vertex 9.900 22.200 3.200
    endloop
  endfacet
  facet normal 0 -1 0
    outer loop
      vertex 9.300 22.200 1.000
      vertex 9.900 22.200 1.000
      vertex 9.900 22.200 3.200
    endloop
  endfacet
  facet normal 0 -1 0
    outer loop
      vertex 9.300 22.200 1.000
      vertex 9.900 22.200 3.200
      vertex 9.300 22.200 3.200
    endloop
  endfacet
  facet normal 0 1 0
    outer loop
      vertex 9.300 23.400 1.000
      vertex 9.300 23.400 3.200
      vertex 9.900 23.400 3.200
    endloop
  endfacet
  facet normal 0 1 0
    outer loop
      vertex 9.300 23.400 1.000
      vertex 9.900 23.400 3.200
      vertex 9.900 23.400 1.000
    endloop
  endfacet
  facet normal 0 0 -1
    outer loop
      vertex 9.300 22.200 1.000
      vertex 9.300 23.400 1.000
      vertex 9.900 23.400 1.000
    endloop
  endfacet
  facet normal 0 0 -1
    outer loop
      vertex 9.300 22.200 1.000
      vertex 9.900 23.400 1.000
      vertex 9.900 22.200 1.000
    endloop
  endfacet
  facet normal 0 0 1
    outer loop
      vertex 9.300 22.200 3.200
      vertex 9.900 22.200 3.200
      vertex 9.900 23.400 3.200
    endloop
  endfacet
  facet normal 0 0 1
    outer loop
      vertex 9.300 22.200 3.200
      vertex 9.900 23.400 3.200
      vertex 9.300 23.400 3.200
    endloop
  endfacet
endsolid rack:F4-07:-y
solid rack:F4-08:-y
  facet normal -1 0 0
    outer loop
      vertex 9.900 22.200 1.000
      vertex 9.900 22.200 3.200
      vertex 9.900 23.400 3.200
    endloop
  endfacet
  facet normal -1 0 0
    outer loop
      vertex 9.900 22.200 1.000
      vertex 9.900 23.400 3.200
      vertex 9.900 23.400 1.000
    endloop
  endfacet
  facet normal 1 0 0
    outer loop
      vertex 10.500 22.200 1.000
      vertex 10.500 23.400 1.000
      vertex 10.500 23.400 3.200
    endloop
  endfacet
  facet normal 1 0 0
    outer loop
      vertex 10.500 22.200 1.000
      vertex 10.500 23.400 3.200
      vertex 10.500 22.200 3.200
    endloop
  endfacet
  facet normal 0 -1 0
    outer loop
      vertex 9.900 22.200 1.000
      vertex 10.500 22.200 1.000
      vertex 10.500 22.200 3.200
    endloop
  endfacet
  facet normal 0 -1 0
    outer loop
      vertex 9.900 22.200 1.000
      vertex 10.500 22.200 3.200
      vertex 9.900 22.200 3.200
    endloop
  endfacet
  facet normal 0 1 0
    outer loop
      vertex 9.900 23.400 1.000
      vertex 9.900 23.400 3.200
      vertex 10.500 23.400 3.200
    endloop
  endfacet
  facet normal 0 1 0
    outer loop
      vertex 9.900 23.400 1.000
      vertex 10.500 23.400 3.200
      vertex 10.500 23.400 1.000
    endloop
  endfacet
  facet normal 0 0 -1
    outer loop
      vertex 9.900 22.200 1.000
      vertex 9.900 23.400 1.000
      vertex 10.500 23.400 1.000
    endloop
  endfacet
  facet normal 0 0 -1
    outer loop
      vertex 9.900 22.200 1.000
      vertex 10.500 23.400 1.000
      vertex 10.500 22.200 1.000
    endloop
  endfacet
  facet normal 0 0 1
    outer loop
      vertex 9.900 22.200 3.200
      vertex 10.500 22.200 3.200
      vertex 10.500 23.400 3.200
    endloop
  endfacet
  facet normal 0 0 1
    outer loop
      vertex 9.900 22.200 3.200
      vertex 10.500 23.400 3.200
      vertex 9.900 23.400 3.200
    endloop
  endfacet
endsolid rack:F4-08:-y
solid rack:F4-09:-y
  facet normal -1 0 0
    outer loop
      vertex 10.500 22.200 1.000
      vertex 10.500 22.200 3.200
      vertex 10.500 23.400 3.200
    endloop
  endfacet
  facet normal -1 0 0
    outer loop
      vertex 10.500 22.200 1.000
      vertex 10.500 23.400 3.200
      vertex 10.500 23.400 1.000
    endloop
  endfacet
  facet normal 1 0 0
    outer loop
      vertex 11.100 22.200 1.000
      vertex 11.100 23.400 1.000
      vertex 11.100 23.400 3.200
    endloop
  endfacet
  facet normal 1 0 0
    outer loop
      vertex 11.100 22.200 1.000
      vertex 11.100 23.400 3.200
      vertex 11.100 22.200 3.200
    endloop
  endfacet
  facet normal 0 -1 0
    outer loop
      vertex 10.500 22.200 1.000
      vertex 11.100 22.200 1.000
      vertex 11.100 22.200 3.200
    endloop
  endfacet
  facet normal 0 -1 0
    outer loop
      vertex 10.500 22.200 1.000
      vertex 11.100 22.200 3.200
      vertex 10.500 22.200 3.200
    endloop
  endfacet
  facet normal 0 1 0
    outer loop
      vertex 10.500 23.400 1.000
      vertex 10.500 23.400 3.200
      vertex 11.100 23.400 3.200
    endloop
  endfacet
  facet normal 0 1 0
    outer loop
      vertex 10.500 23.400 1.000
      vertex 11.100 23.400 3.200
      vertex 11.100 23.400 1.000
    endloop
  endfacet
  facet normal 0 0 -1
    outer loop
      vertex 10.500 22.200 1.000
      vertex 10.500 23.400 1.000
      vertex 11.100 23.400 1.000
    endloop
  endfacet
  facet normal 0 0 -1
    outer loop
      vertex 10.500 22.200 1.000
      vertex 11.100 23.400 1.000
      vertex 11.100 22.200 1.000
    endloop
  endfacet
  facet normal 0 0 1
    outer loop
      vertex 10.500 22.200 3.200
      vertex 11.100 22.200 3.200
      vertex 11.100 23.400 3.200
    endloop
  endfacet
  facet normal 0 0 1
    outer loop
      vertex 10.500 22.200 3.200
      vertex 11.100 23.400 3.200
      vertex 10.500 23.400 3.200
    endloop
  endfacet
endsolid rack:F4-09:-y
solid rack:F4-10:-y
  facet normal -1 0 0
    outer loop
      vertex 11.100 22.200 1.000
      vertex 11.100 22.200 3.200
      vertex 11.100 23.400 3.200
    endloop
  endfacet
  facet normal -1 0 0
    outer loop
      vertex 11.100 22.200 1.000
      vertex 11.100 23.400 3.200
      vertex 11.100 23.400 1.000
    endloop
  endfacet
  facet normal 1 0 0
    outer loop
      vertex 11.700 22.200 1.000
      vertex 11.700 23.400 1.000
      vertex 11.700 23.400 3.200
    endloop
  endfacet
  facet normal 1 0 0
    outer loop
      vertex 11.700 22.200 1.000
      vertex 11.700 23.400 3.200
      vertex 11.700 22.200 3.200
    endloop
  endfacet
  facet normal 0 -1 0
    outer loop
      vertex 11.100 22.200 1.000
      vertex 11.700 22.200 1.000
      vertex 11.700 22.200 3.200
    endloop
  endfacet
  facet normal 0 -1 0
    outer loop
      vertex 11.100 22.200 1.000
      vertex 11.700 22.200 3.200
      vertex 11.100 22.200 3.200
    endloop
  endfacet
  facet normal 0 1 0
    outer loop
      vertex 11.100 23.400 1.000
      vertex 11.100 23.400 3.200
      vertex 11.700 23.400 3.200
    endloop
  endfacet
  facet normal 0 1 0
    outer loop
      vertex 11.100 23.400 1.000
      vertex 11.700 23.400 3.200
      vertex 11.700 23.400 1.000
    endloop
  endfacet
  facet normal 0 0 -1
    outer loop
      vertex 11.100 22.200 1.000
      vertex 11.100 23.400 1.000
      vertex 11.700 23.400 1.000
    endloop
  endfacet
  facet normal 0 0 -1
    outer loop
      vertex 11.100 22.200 1.000
      vertex 11.700 23.400 1.000
      vertex 11.700 22.200 1.000
    endloop
  endfacet
  facet normal 0 0 1
    outer loop
      vertex 11.100 22.200 3.200
      vertex 11.700 22.200 3.200
      vertex 11.700 23.400 3.200
    endloop
  endfacet
  facet normal 0 0 1
    outer loop
      vertex 11.100 22.200 3.200
      vertex 11.700 23.400 3.200
      vertex 11.100 23.400 3.200
    endloop
  endfacet
endsolid rack:F4-10:-y
solid rack:F4-11:-y
  facet normal -1 0 0
    outer loop
      vertex 11.700 22.200 1.000
      vertex 11.700 22.200 3.200
      vertex 11.700 23.400 3.200
    endloop
  endfacet
  facet normal -1 0 0
    outer loop
      vertex 11.700 22.200 1.000
      vertex 11.700 23.400 3.200
      vertex 11.700 23.400 1.000
    endloop
  endfacet
  facet normal 1 0 0
    outer loop
      vertex 12.300 22.200 1.000
      vertex 12.300 23.400 1.000
      vertex 12.300 23.400 3.200
    endloop
  endfacet
  facet normal 1 0 0
    outer loop
      vertex 12.300 22.200 1.000
      vertex 12.300 23.400 3.200
      vertex 12.300 22.200 3.200
    endloop
  endfacet
  facet normal 0 -1 0
    outer loop
      vertex 11.700 22.200 1.000
      vertex 12.300 22.200 1.000
      vertex 12.300 22.200 3.200
    endloop
  endfacet
  facet normal 0 -1 0
    outer loop
      vertex 11.700 22.200 1.000
      vertex 12.300 22.200 3.200
      vertex 11.700 22.200 3.200
    endloop
  endfacet
  facet normal 0 1 0
    outer loop
      vertex 11.700 23.400 1.000
      vertex 11.700 23.400 3.200
      vertex 12.300 23.400 3.200
    endloop
  endfacet
  facet normal 0 1 0
    outer loop
      vertex 11.700 23.400 1.000
      vertex 12.300 23.400 3.200
      vertex 12.300 23.400 1.000
    endloop
  endfacet
  facet normal 0 0 -1
    outer loop
      vertex 11.700 22.200 1.000
      vertex 11.700 23.400 1.000
      vertex 12.300 23.400 1.000
    endloop
  endfacet
  facet normal 0 0 -1
    outer loop
      vertex 11.700 22.200 1.000
      vertex 12.300 23.400 1.000
      vertex 12.300 22.200 1.000
    endloop
  endfacet
  facet normal 0 0 1
    outer loop
      vertex 11.700 22.200 3.200
      vertex 12.300 22.200 3.200
      vertex 12.300 23.400 3.200
    endloop
  endfacet
  facet normal 0 0 1
    outer loop
      vertex 11.700 22.200 3.200
      vertex 12.300 23.400 3.200
      vertex 11.700 23.400 3.200
    endloop
  endfacet
endsolid rack:F4-11:-y
solid rack:F4-12:-y
  facet normal -1 0 0
    outer loop
      vertex 12.300 22.200 1.000
      vertex 12.300 22.200 3.200
      vertex 12.300 23.400 3.200
    endloop
  endfacet
  facet normal -1 0 0
    outer loop
      vertex 12.300 22.200 1.000
      vertex 12.300 23.400 3.200
      vertex 12.300 23.400 1.000
    endloop
  endfacet
  facet normal 1 0 0
    outer loop
      vertex 12.900 22.200 1.000
      vertex 12.900 23.400 1.000
      vertex 12.900 23.400 3.200
    endloop
  endfacet
  facet normal 1 0 0
    outer loop
      vertex 12.900 22.200 1.000
      vertex 12.900 23.400 3.200
      vertex 12.900 22.200 3.200
    endloop
  endfacet
  facet normal 0 -1 0
    outer loop
      vertex 12.300 22.200 1.000
      vertex 12.900 22.200 1.000
      vertex 12.900 22.200 3.200
    endloop
  endfacet
  facet normal 0 -1 0
    outer loop
      vertex 12.300 22.200 1.000
      vertex 12.900 22.200 3.200
      vertex 12.300 22.200 3.200
    endloop
  endfacet
  facet normal 0 1 0
    outer loop
      vertex 12.300 23.400 1.000
      vertex 12.300 23.400 3.200
      vertex 12.900 23.400 3.200
    endloop
  endfacet
  facet normal 0 1 0
    outer loop
      vertex 12.300 23.400 1.000
      vertex 12.900 23.400 3.200
      vertex 12.900 23.400 1.000
    endloop
  endfacet
  facet normal 0 0 -1
    outer loop
      vertex 12.300 22.200 1.000
      vertex 12.300 23.400 1.000
      vertex 12.900 23.400 1.000
    endloop
  endfacet
  facet normal 0 0 -1
    outer loop
      vertex 12.300 22.200 1.000
      vertex 12.900 23.400 1.000
      vertex 12.900 22.200 1.000
    endloop
  endfacet
  facet normal 0 0 1
    outer loop
      vertex 12.300 22.200 3.200
      vertex 12.900 22.200 3.200
      vertex 12.900 23.400 3.200
    endloop
  endfacet
  facet normal 0 0 1
    outer loop
      vertex 12.300 22.200 3.200
      vertex 12.900 23.400 3.200
      vertex 12.300 23.400 3.200
    endloop
  endfacet
endsolid rack:F4-12:-y
solid rack:F4-13:-y
  facet normal -1 0 0
    outer loop
      vertex 12.900 22.200 1.000
      vertex 12.900 22.200 3.200
      vertex 12.900 23.400 3.200
    endloop
  endfacet
  facet normal -1 0 0
    outer loop
      vertex 12.900 22.200 1.000
      vertex 12.900 23.400 3.200
      vertex 12.900 23.400 1.000
    endloop
  endfacet
  facet normal 1 0 0
    outer loop
      vertex 13.500 22.200 1.000
      vertex 13.500 23.400 1.000
      vertex 13.500 23.400 3.200
    endloop
  endfacet
  facet normal 1 0 0
    outer loop
      vertex 13.500 22.200 1.000
      vertex 13.500 23.400 3.200
      vertex 13.500 22.200 3.200
    endloop
  endfacet
  facet normal 0 -1 0
    outer loop
      vertex 12.900 22.200 1.000
      vertex 13.500 22.200 1.000
      vertex 13.500 22.200 3.200
    endloop
  endfacet
  facet normal 0 -1 0
    outer loop
      vertex 12.900 22.200 1.000
      vertex 13.500 22.200 3.200
      vertex 12.900 22.200 3.200
    endloop
  endfacet
  facet normal 0 1 0
    outer loop
      vertex 12.900 23.400 1.000
      vertex 12.900 23.400 3.200
      vertex 13.500 23.400 3.200
    endloop
  endfacet
  facet normal 0 1 0
    outer loop
      vertex 12.900 23.400 1.000
      vertex 13.500 23.400 3.200
      vertex 13.500 23.400 1.000
    endloop
  endfacet
  facet normal 0 0 -1
    outer loop
      vertex 12.900 22.200 1.000
      vertex 12.900 23.400 1.000
      vertex 13.500 23.400 1.000
    endloop
  endfacet
  facet normal 0 0 -1
    outer loop
      vertex 12.900 22.200 1.000
      vertex 13.500 23.400 1.000
      vertex 13.500 22.200 1.000
    endloop
  endfacet
  facet normal 0 0 1
    outer loop
      vertex 12.900 22.200 3.200
      vertex 13.500 22.200 3.200
      vertex 13.500 23.400 3.200
    endloop
  endfacet
  facet normal 0 0 1
    outer loop
      vertex 12.900 22.200 3.200
      vertex 13.500 23.400 3.200
      vertex 12.900 23.400 3.200
    endloop
  endfacet
endsolid rack:F4-13:-y
solid rack:F4-14:-y
  facet normal -1 0 0
    outer loop
      vertex 13.500 22.200 1.000
      vertex 13.500 22.200 3.200
      vertex 13.500 23.400 3.200
    endloop
  endfacet
  facet normal -1 0 0
    outer loop
      vertex 13.500 22.200 1.000
      vertex 13.500 23.400 3.200
      vertex 13.500 23.400 1.000
    endloop
  endfacet
  facet normal 1 0 0
    outer loop
      vertex 14.100 22.200 1.000
      vertex 14.100 23.400 1.000
      vertex 14.100 23.400 3.200
    endloop
  endfacet
  facet normal 1 0 0
    outer loop
      vertex 14.100 22.200 1.000
      vertex 14.100 23.400 3.200
      vertex 14.100 22.200 3.200
    endloop
  endfacet
  facet normal 0 -1 0
    outer loop
      vertex 13.500 22.200 1.000
      vertex 14.100 22.200 1.000
      vertex 14.100 22.200 3.200
    endloop
  endfacet
  facet normal 0 -1 0
    outer loop
      vertex 13.500 22.200 1.000
      vertex 14.100 22.200 3.200
      vertex 13.500 22.200 3.200
    endloop
  endfacet
  facet normal 0 1 0
    outer loop
      vertex 13.500 23.400 1.000
      vertex 13.500 23.400 3.200
      vertex 14.100 23.400 3.200
    endloop
  endfacet
  facet normal 0 1 0
    outer loop
      vertex 13.500 23.400 1.000
      vertex 14.100 23.400 3.200
      vertex 14.100 23.400 1.000
    endloop
  endfacet
  facet normal 0 0 -1
    outer loop
      vertex 13.500 22.200 1.000
      vertex 13.500 23.400 1.000
      vertex 14.100 23.400 1.000
    endloop
  endfacet
  facet normal 0 0 -1
    outer loop
      vertex 13.500 22.200 1.000
      vertex 14.100 23.400 1.000
      vertex 14.100 22.200 1.000
    endloop
  endfacet
  facet normal 0 0 1
    outer loop
      vertex 13.500 22.200 3.200
      vertex 14.100 22.200 3.200
      vertex 14.100 23.400 3.200
    endloop
  endfacet
  facet normal 0 0 1
    outer loop
      vertex 13.500 22.200 3.200
      vertex 14.100 23.400 3.200
      vertex 13.500 23.400 3.200
    endloop
  endfacet
endsolid rack:F4-14:-y
solid rack:F4-15:-y
  facet normal -1 0 0
    outer loop
      vertex 14.100 22.200 1.000
      vertex 14.100 22.200 3.200
      vertex 14.100 23.400 3.200
    endloop
  endfacet
  facet normal -1 0 0
    outer loop
      vertex 14.100 22.200 1.000
      vertex 14.100 23.400 3.200
      vertex 14.100 23.400 1.000
    endloop
  endfacet
  facet normal 1 0 0
    outer loop
      vertex 14.700 22.200 1.000
      vertex 14.700 23.400 1.000
      vertex 14.700 23.400 3.200
    endloop
  endfacet
  facet normal 1 0 0
    outer loop
      vertex 14.700 22.200 1.000
      vertex 14.700 23.400 3.200
      vertex 14.700 22.200 3.200
    endloop
  endfacet
  facet normal 0 -1 0
    outer loop
      vertex 14.100 22.200 1.000
      vertex 14.700 22.200 1.000
      vertex 14.700 22.200 3.200
    endloop
  endfacet
  facet normal 0 -1 0
    outer loop
      vertex 14.100 22.200 1.000
      vertex 14.700 22.200 3.200
      vertex 14.100 22.200 3.200
    endloop
  endfacet
  facet normal 0 1 0
    outer loop
      vertex 14.100 23.400 1.000
      vertex 14.100 23.400 3.200
      vertex 14.700 23.400 3.200
    endloop
  endfacet
  facet normal 0 1 0
    outer loop
      vertex 14.100 23.400 1.000
      vertex 14.700 23.400 3.200
      vertex 14.700 23.400 1.000
    endloop
  endfacet
  facet normal 0 0 -1
    outer loop
      vertex 14.100 22.200 1.000
      vertex 14.100 23.400 1.000
      vertex 14.700 23.400 1.000
    endloop
  endfacet
  facet normal 0 0 -1
    outer loop
      vertex 14.100 22.200 1.000
      vertex 14.700 23.400 1.000
      vertex 14.700 22.200 1.000
    endloop
  endfacet
  facet normal 0 0 1
    outer loop
      vertex 14.100 22.200 3.200
      vertex 14.700 22.200 3.200
      vertex 14.700 23.400 3.200
    endloop
  endfacet
  facet normal 0 0 1
    outer loop
      vertex 14.100 22.200 3.200
      vertex 14.700 23.400 3.200
      vertex 14.100 23.400 3.200
    endloop
  endfacet
endsolid rack:F4-15:-y
solid rack:F4-16:-y
  facet normal -1 0 0
    outer loop
      vertex 14.700 22.200 1.000
      vertex 14.700 22.200 3.200
      vertex 14.700 23.400 3.200
    endloop
  endfacet
  facet normal -1 0 0
    outer loop
      vertex 14.700 22.200 1.000
      vertex 14.700 23.400 3.200
      vertex 14.700 23.400 1.000
    endloop
  endfacet
  facet normal 1 0 0
    outer loop
      vertex 15.300 22.200 1.000
      vertex 15.300 23.400 1.000
      vertex 15.300 23.400 3.200
    endloop
  endfacet
  facet normal 1 0 0
    outer loop
      vertex 15.300 22.200 1.000
      vertex 15.300 23.400 3.200
      vertex 15.300 22.200 3.200
    endloop
  endfacet
  facet normal 0 -1 0
    outer loop
      vertex 14.700 22.200 1.000
      vertex 15.300 22.200 1.000
      vertex 15.300 22.200 3.200
    endloop
  endfacet
  facet normal 0 -1 0
    outer loop
      vertex 14.700 22.200 1.000
      vertex 15.300 22.200 3.200
      vertex 14.700 22.200 3.200
    endloop
  endfacet
  facet normal 0 1 0
    outer loop
      vertex 14.700 23.400 1.000
      vertex 14.700 23.400 3.200
      vertex 15.300 23.400 3.200
    endloop
  endfacet
  facet normal 0 1 0
    outer loop
      vertex 14.700 23.400 1.000
      vertex 15.300 23.400 3.200
      vertex 15.300 23.400 1.000
    endloop
  endfacet
  facet normal 0 0 -1
    outer loop
      vertex 14.700 22.200 1.000
      vertex 14.700 23.400 1.000
      vertex 15.300 23.400 1.000
    endloop
  endfacet
  facet normal 0 0 -1
    outer loop
      vertex 14.700 22.200 1.000
      vertex 15.300 23.400 1.000
      vertex 15.300 22.200 1.000
    endloop
  endfacet
  facet normal 0 0 1
    outer loop
      vertex 14.700 22.200 3.200
      vertex 15.300 22.200 3.200
      vertex 15.300 23.400 3.200
    endloop
  endfacet
  facet normal 0 0 1
    outer loop
      vertex 14.700 22.200 3.200
      vertex 15.300 23.400 3.200
      vertex 14.700 23.400 3.200
    endloop
  endfacet
endsolid rack:F4-16:-y
solid rack:F4-17:-y
  facet normal -1 0 0
    outer loop
      vertex 15.300 22.200 1.000
      vertex 15.300 22.200 3.200
      vertex 15.300 23.400 3.200
    endloop
  endfacet
  facet normal -1 0 0
    outer loop
      vertex 15.300 22.200 1.000
      vertex 15.300 23.400 3.200
      vertex 15.300 23.400 1.000
    endloop
  endfacet
  facet normal 1 0 0
    outer loop
      vertex 15.900 22.200 1.000
      vertex 15.900 23.400 1.000
      vertex 15.900 23.400 3.200
    endloop
  endfacet
  facet normal 1 0 0
    outer loop
      vertex 15.900 22.200 1.000
      vertex 15.900 23.400 3.200
      vertex 15.900 22.200 3.200
    endloop
  endfacet
  facet normal 0 -1 0
    outer loop
      vertex 15.300 22.200 1.000
      vertex 15.900 22.200 1.000
      vertex 15.900 22.200 3.200
    endloop
  endfacet
  facet normal 0 -1 0
    outer loop
      vertex 15.300 22.200 1.000
      vertex 15.900 22.200 3.200
      vertex 15.300 22.200 3.200
    endloop
  endfacet
  facet normal 0 1 0
    outer loop
      vertex 15.300 23.400 1.000
      vertex 15.300 23.400 3.200
      vertex 15.900 23.400 3.200
    endloop
  endfacet
  facet normal 0 1 0
    outer loop
      vertex 15.300 23.400 1.000
      vertex 15.900 23.400 3.200
      vertex 15.900 23.400 1.000
    endloop
  endfacet
  facet normal 0 0 -1
    outer loop
      vertex 15.300 22.200 1.000
      vertex 15.300 23.400 1.000
      vertex 15.900 23.400 1.000
    endloop
  endfacet
  facet normal 0 0 -1
    outer loop
      vertex 15.300 22.200 1.000
      vertex 15.900 23.400 1.000
      vertex 15.900 22.200 1.000
    endloop
  endfacet
  facet normal 0 0 1
    outer loop
      vertex 15.300 22.200 3.200
      vertex 15.900 22.200 3.200
      vertex 15.900 23.400 3.200
    endloop
  endfacet
  facet normal 0 0 1
    outer loop
      vertex 15.300 22.200 3.200
      vertex 15.900 23.400 3.200
      vertex 15.300 23.400 3.200
    endloop
  endfacet
endsolid rack:F4-17:-y
solid rack:F5-01:+y
  facet normal -1 0 0
    outer loop
      vertex 5.700 19.800 1.000
      vertex 5.700 19.800 3.200
      vertex 5.700 21.000 3.200
    endloop
  endfacet
  facet normal -1 0 0
    outer loop
      vertex 5.700 19.800 1.000
      vertex 5.700 21.000 3.200
      vertex 5.700 21.000 1.000
    endloop
  endfacet
  facet normal 1 0 0
    outer loop
      vertex 6.300 19.800 1.000
      vertex 6.300 21.000 1.000
      vertex 6.300 21.000 3.200
    endloop
  endfacet
  facet normal 1 0 0
    outer loop
      vertex 6.300 19.800 1.000
      vertex 6.300 21.000 3.200
      vertex 6.300 19.800 3.200
    endloop
  endfacet
  facet normal 0 -1 0
    outer loop
      vertex 5.700 19.800 1.000
      vertex 6.300 19.800 1.000
      vertex 6.300 19.800 3.200
    endloop
  endfacet
  facet normal 0 -1 0
    outer loop
      vertex 5.700 19.800 1.000
      vertex 6.300 19.800 3.200
      vertex 5.700 19.800 3.200
    endloop
  endfacet
  facet normal 0 1 0
    outer loop
      vertex 5.700 21.000 1.000
      vertex 5.700 21.000 3.200
      vertex 6.300 21.000 3.200
    endloop
  endfacet
  facet normal 0 1 0
    outer loop
      vertex 5.700 21.000 1.000
      vertex 6.300 21.000 3.200
      vertex 6.300 21.000 1.000
    endloop
  endfacet
  facet normal 0 0 -1
    outer loop
      vertex 5.700 19.800 1.000
      vertex 5.700 21.000 1.000
      vertex 6.300 21.000 1.000
    endloop
  endfacet
  facet normal 0 0 -1
    outer loop
      vertex 5.700 19.800 1.000
      vertex 6.300 21.000 1.000
      vertex 6.300 19.800 1.000
    endloop
  endfacet
  facet normal 0 0 1
    outer loop
      vertex 5.700 19.800 3.200
      vertex 6.300 19.800 3.200
      vertex 6.300 21.000 3.200
    endloop
  endfacet
  facet normal 0 0 1
    outer loop
      vertex 5.700 19.800 3.200
      vertex 6.300 21.000 3.200
      vertex 5.700 21.000 3.200
    endloop
  endfacet
endsolid rack:F5-01:+y
solid rack:F5-02:+y
  facet normal -1 0 0
    outer loop
      vertex 6.300 19.800 1.000
      vertex 6.300 19.800 3.200
      vertex 6.300 21.000 3.200
    endloop
  endfacet
  facet normal -1 0 0
    outer loop
      vertex 6.300 19.800 1.000
      vertex 6.300 21.000 3.200
      vertex 6.300 21.000 1.000
    endloop
  endfacet
  facet normal 1 0 0
    outer loop
      vertex 6.900 19.800 1.000
      vertex 6.900 21.000 1.000
      vertex 6.900 21.000 3.200
    endloop
  endfacet
  facet normal 1 0 0
    outer loop
      vertex 6.900 19.800 1.000
      vertex 6.900 21.000 3.200
      vertex 6.900 19.800 3.200
    endloop
  endfacet
  facet normal 0 -1 0
    outer loop
      vertex 6.300 19.800 1.000
      vertex 6.900 19.800 1.000
      vertex 6.900 19.800 3.200
    endloop
  endfacet
  facet normal 0 -1 0
    outer loop
      vertex 6.300 19.800 1.000
      vertex 6.900 19.800 3.200
      vertex 6.300 19.800 3.200
    endloop
  endfacet
  facet normal 0 1 0
    outer loop
      vertex 6.300 21.000 1.000
      vertex 6.300 21.000 3.200
      vertex 6.900 21.000 3.200
    endloop
  endfacet
  facet normal 0 1 0
    outer loop
      vertex 6.300 21.000 1.000
      vertex 6.900 21.000 3.200
      vertex 6.900 21.000 1.000
    endloop
  endfacet
  facet normal 0 0 -1
    outer loop
      vertex 6.300 19.800 1.000
      vertex 6.300 21.000 1.000
      vertex 6.900 21.000 1.000
    endloop
  endfacet
  facet normal 0 0 -1
    outer loop
      vertex 6.300 19.800 1.000
      vertex 6.900 21.000 1.000
      vertex 6.900 19.800 1.000
    endloop
  endfacet
  facet normal 0 0 1
    outer loop
      vertex 6.300 19.800 3.200
      vertex 6.900 19.800 3.200
      vertex 6.900 21.000 3.200
    endloop
  endfacet
  facet normal 0 0 1
    outer loop
      vertex 6.300 19.800 3.200
      vertex 6.900 21.000 3.200
      vertex 6.300 21.000 3.200
    endloop
  endfacet
endsolid rack:F5-02:+y
solid rack:F5-03:+y
  facet normal -1 0 0
    outer loop
      vertex 6.900 19.800 1.000
      vertex 6.900 19.800 3.200
      vertex 6.900 21.000 3.200
    endloop
  endfacet
  facet normal -1 0 0
    outer loop
      vertex 6.900 19.800 1.000
      vertex 6.900 21.000 3.200
      vertex 6.900 21.000 1.000
    endloop
  endfacet
  facet normal 1 0 0
    outer loop
      vertex 7.500 19.800 1.000
      vertex 7.500 21.000 1.000
      vertex 7.500 21.000 3.200
    endloop
  endfacet
  facet normal 1 0 0
    outer loop
      vertex 7.500 19.800 1.000
      vertex 7.500 21.000 3.200
      vertex 7.500 19.800 3.200
    endloop
  endfacet
  facet normal 0 -1 0
    outer loop
      vertex 6.900 19.800 1.000
      vertex 7.500 19.800 1.000
      vertex 7.500 19.800 3.200
    endloop
  endfacet
  facet normal 0 -1 0
    outer loop
      vertex 6.900 19.800 1.000
      vertex 7.500 19.800 3.200
      vertex 6.900 19.800 3.200
    endloop
  endfacet
  facet normal 0 1 0
    outer loop
      vertex 6.900 21.000 1.000
      vertex 6.900 21.000 3.200
      vertex 7.500 21.000 3.200
    endloop
  endfacet
  facet normal 0 1 0
    outer loop
      vertex 6.900 21.000 1.000
      vertex 7.500 21.000 3.200
      vertex 7.500 21.000 1.000
    endloop
  endfacet
  facet normal 0 0 -1
    outer loop
      vertex 6.900 19.800 1.000
      vertex 6.900 21.000 1.000
      vertex 7.500 21.000 1.000
    endloop
  endfacet
  facet normal 0 0 -1
    outer loop
      vertex 6.900 19.800 1.000
      vertex 7.500 21.000 1.000
      vertex 7.500 19.800 1.000
    endloop
  endfacet
  facet normal 0 0 1
    outer loop
      vertex 6.900 19.800 3.200
      vertex 7.500 19.800 3.200
      vertex 7.500 21.000 3.200
    endloop
  endfacet
  facet normal 0 0 1
    outer loop
      vertex 6.900 19.800 3.200
      vertex 7.500 21.000 3.200
      vertex 6.900 21.000 3.200
    endloop
  endfacet
endsolid rack:F5-03:+y
solid rack:F5-04:+y
  facet normal -1 0 0
    outer loop
      vertex 7.500 19.800 1.000
      vertex 7.500 19.800 3.200
      vertex 7.500 21.000 3.200
    endloop
  endfacet
  facet normal -1 0 0
    outer loop
      vertex 7.500 19.800 1.000
      vertex 7.500 21.000 3.200
      vertex 7.500 21.000 1.000
    endloop
  endfacet
  facet normal 1 0 0
    outer loop
      vertex 8.100 19.800 1.000
      vertex 8.100 21.000 1.000
      vertex 8.100 21.000 3.200
    endloop
  endfacet
  facet normal 1 0 0
    outer loop
      vertex 8.100 19.800 1.000
      vertex 8.100 21.000 3.200
      vertex 8.100 19.800 3.200
    endloop
  endfacet
  facet normal 0 -1 0
    outer loop
      vertex 7.500 19.800 1.000
      vertex 8.100 19.800 1.000
      vertex 8.100 19.800 3.200
    endloop
  endfacet
  facet normal 0 -1 0
    outer loop
      vertex 7.500 19.800 1.000
      vertex 8.100 19.800 3.200
      vertex 7.500 19.800 3.200
    endloop
  endfacet
  facet normal 0 1 0
    outer loop
      vertex 7.500 21.000 1.000
      vertex 7.500 21.000 3.200
      vertex 8.100 21.000 3.200
    endloop
  endfacet
  facet normal 0 1 0
    outer loop
      vertex 7.500 21.000 1.000
      vertex 8.100 21.000 3.200
      vertex 8.100 21.000 1.000
    endloop
  endfacet
  facet normal 0 0 -1
    outer loop
      vertex 7.500 19.800 1.000
      vertex 7.500 21.000 1.000
      vertex 8.100 21.000 1.000
    endloop
  endfacet
  facet normal 0 0 -1
    outer loop
      vertex 7.500 19.800 1.000
      vertex 8.100 21.000 1.000
      vertex 8.100 19.800 1.000
    endloop
  endfacet
  facet normal 0 0 1
    outer loop
      vertex 7.500 19.800 3.200
      vertex 8.100 19.800 3.200
      vertex 8.100 21.000 3.200
    endloop
  endfacet
  facet normal 0 0 1
    outer loop
      vertex 7.500 19.800 3.200
      vertex 8.100 21.000 3.200
      vertex 7.500 21.000 3.200
    endloop
  endfacet
endsolid rack:F5-04:+y
solid rack:F5-05:+y
  facet normal -1 0 0
    outer loop
      vertex 8.100 19.800 1.000
      vertex 8.100 19.800 3.200
      vertex 8.100 21.000 3.200
    endloop
  endfacet
  facet normal -1 0 0
    outer loop
      vertex 8.100 19.800 1.000
      vertex 8.100 21.000 3.200
      vertex 8.100 21.000 1.000
    endloop
  endfacet
  facet normal 1 0 0
    outer loop
      vertex 8.700 19.800 1.000
      vertex 8.700 21.000 1.000
      vertex 8.700 21.000 3.200
    endloop
  endfacet
  facet normal 1 0 0
    outer loop
      vertex 8.700 19.800 1.000
      vertex 8.700 21.000 3.200
      vertex 8.700 19.800 3.200
    endloop
  endfacet
  facet normal 0 -1 0
    outer loop
      vertex 8.100 19.800 1.000
      vertex 8.700 19.800 1.000
      vertex 8.700 19.800 3.200
    endloop
  endfacet
  facet normal 0 -1 0
    outer loop
      vertex 8.100 19.800 1.000
      vertex 8.700 19.800 3.200
      vertex 8.100 19.800 3.200
    endloop
  endfacet
  facet normal 0 1 0
    outer loop
      vertex 8.100 21.000 1.000
      vertex 8.100 21.000 3.200
      vertex 8.700 21.000 3.200
    endloop
  endfacet
  facet normal 0 1 0
    outer loop
      vertex 8.100 21.000 1.000
      vertex 8.700 21.000 3.200
      vertex 8.700 21.000 1.000
    endloop
  endfacet
  facet normal 0 0 -1
    outer loop
      vertex 8.100 19.800 1.000
      vertex 8.100 21.000 1.000
      vertex 8.700 21.000 1.000
    endloop
  endfacet
  facet normal 0 0 -1
    outer loop
      vertex 8.100 19.800 1.000
      vertex 8.700 21.000 1.000
      vertex 8.700 19.800 1.000
    endloop
  endfacet
  facet normal 0 0 1
    outer loop
      vertex 8.100 19.800 3.200
      vertex 8.700 19.800 3.200
      vertex 8.700 21.000 3.200
    endloop
  endfacet
  facet normal 0 0 1
    outer loop
      vertex 8.100 19.800 3.200
      vertex 8.700 21.000 3.200
      vertex 8.100 21.000 3.200
    endloop
  endfacet
endsolid rack:F5-05:+y
solid rack:F5-06:+y
  facet normal -1 0 0
    outer loop
      vertex 8.700 19.800 1.000
      vertex 8.700 19.800 3.200
      vertex 8.700 21.000 3.200
    endloop
  endfacet
  facet normal -1 0 0
    outer loop
      vertex 8.700 19.800 1.000
      vertex 8.700 21.000 3.200
      vertex 8.700 21.000 1.000
    endloop
  endfacet
  facet normal 1 0 0
    outer loop
      vertex 9.300 19.800 1.000
      vertex 9.300 21.000 1.000
      vertex 9.300 21.000 3.200
    endloop
  endfacet
  facet normal 1 0 0
    outer loop
      vertex 9.300 19.800 1.000
      vertex 9.300 21.000 3.200
      vertex 9.300 19.800 3.200
    endloop
  endfacet
  facet normal 0 -1 0
    outer loop
      vertex 8.700 19.800 1.000
      vertex 9.300 19.800 1.000
      vertex 9.300 19.800 3.200
    endloop
  endfacet
  facet normal 0 -1 0
    outer loop
      vertex 8.700 19.800 1.000
      vertex 9.300 19.800 3.200
      vertex 8.700 19.800 3.200
    endloop
  endfacet
  facet normal 0 1 0
    outer loop
      vertex 8.700 21.000 1.000
      vertex 8.700 21.000 3.200
      vertex 9.300 21.000 3.200
    endloop
  endfacet
  facet normal 0 1 0
    outer loop
      vertex 8.700 21.000 1.000
      vertex 9.300 21.000 3.200
      vertex 9.300 21.000 1.000
    endloop
  endfacet
  facet normal 0 0 -1
    outer loop
      vertex 8.700 19.800 1.000
      vertex 8.700 21.000 1.000
      vertex 9.300 21.000 1.000
    endloop
  endfacet
  facet normal 0 0 -1
    outer loop
      vertex 8.700 19.800 1.000
      vertex 9.300 21.000 1.000
      vertex 9.300 19.800 1.000
    endloop
  endfacet
  facet normal 0 0 1
    outer loop
      vertex 8.700 19.800 3.200
      vertex 9.300 19.800 3.200
      vertex 9.300 21.000 3.200
    endloop
  endfacet
  facet normal 0 0 1
    outer loop
      vertex 8.700 19.800 3.200
      vertex 9.300 21.000 3.200
      vertex 8.700 21.000 3.200
    endloop
  endfacet
endsolid rack:F5-06:+y
solid rack:F5-07:+y
  facet normal -1 0 0
    outer loop
      vertex 9.300 19.800 1.000
      vertex 9.300 19.800 3.200
      vertex 9.300 21.000 3.200
    endloop
  endfacet
  facet normal -1 0 0
    outer loop
      vertex 9.300 19.800 1.000
      vertex 9.300 21.000 3.200
      vertex 9.300 21.000 1.000
    endloop
  endfacet
  facet normal 1 0 0
    outer loop
      vertex 9.900 19.800 1.000
      vertex 9.900 21.000 1.000
      vertex 9.900 21.000 3.200
    endloop
  endfacet
  facet normal 1 0 0
    outer loop
      vertex 9.900 19.800 1.000
      vertex 9.900 21.000 3.200
      vertex 9.900 19.800 3.200
    endloop
  endfacet
  facet normal 0 -1 0
    outer loop
      vertex 9.300 19.800 1.000
      vertex 9.900 19.800 1.000
      vertex 9.900 19.800 3.200
    endloop
  endfacet
  facet normal 0 -1 0
    outer loop
      vertex 9.300 19.800 1.000
      vertex 9.900 19.800 3.200
      vertex 9.300 19.800 3.200
    endloop
  endfacet
  facet normal 0 1 0
    outer loop
      vertex 9.300 21.000 1.000
      vertex 9.300 21.000 3.200
      vertex 9.900 21.000 3.200
    endloop
  endfacet
  facet normal 0 1 0
    outer loop
      vertex 9.300 21.000 1.000
      vertex 9.900 21.000 3.200
      vertex 9.900 21.000 1.000
    endloop
  endfacet
  facet normal 0 0 -1
    outer loop
      vertex 9.300 19.800 1.000
      vertex 9.300 21.000 1.000
      vertex 9.900 21.000 1.000
    endloop
  endfacet
  facet normal 0 0 -1
    outer loop
      vertex 9.300 19.800 1.000
      vertex 9.900 21.000 1.000
      vertex 9.900 19.800 1.000
    endloop
  endfacet
  facet normal 0 0 1
    outer loop
      vertex 9.300 19.800 3.200
      vertex 9.900 19.800 3.200
      vertex 9.900 21.000 3.200
    endloop
  endfacet
  facet normal 0 0 1
    outer loop
      vertex 9.300 19.800 3.200
      vertex 9.900 21.000 3.200
      vertex 9.300 21.000 3.200
    endloop
  endfacet
endsolid rack:F5-07:+y
solid rack:F5-08:+y
  facet normal -1 0 0
    outer loop
      vertex 9.900 19.800 1.000
      vertex 9.900 19.800 3.200
      vertex 9.900 21.000 3.200
    endloop
  endfacet
  facet normal -1 0 0
    outer loop
      vertex 9.900 19.800 1.000
      vertex 9.900 21.000 3.200
      vertex 9.900 21.000 1.000
    endloop
  endfacet
  facet normal 1 0 0
    outer loop
      vertex 10.500 19.800 1.000
      vertex 10.500 21.000 1.000
      vertex 10.500 21.000 3.200
    endloop
  endfacet
  facet normal 1 0 0
    outer loop
      vertex 10.500 19.800 1.000
      vertex 10.500 21.000 3.200
      vertex 10.500 19.800 3.200
    endloop
  endfacet
  facet normal 0 -1 0
    outer loop
      vertex 9.900 19.800 1.000
      vertex 10.500 19.800 1.000
      vertex 10.500 19.800 3.200
    endloop
  endfacet
  facet normal 0 -1 0
    outer loop
      vertex 9.900 19.800 1.000
      vertex 10.500 19.800 3.200
      vertex 9.900 19.800 3.200
    endloop
  endfacet
  facet normal 0 1 0
    outer loop
      vertex 9.900 21.000 1.000
      vertex 9.900 21.000 3.200
      vertex 10.500 21.000 3.200
    endloop
  endfacet
  facet normal 0 1 0
    outer loop
      vertex 9.900 21.000 1.000
      vertex 10.500 21.000 3.200
      vertex 10.500 21.000 1.000
    endloop
  endfacet
  facet normal 0 0 -1
    outer loop
      vertex 9.900 19.800 1.000
      vertex 9.900 21.000 1.000
      vertex 10.500 21.000 1.000
    endloop
  endfacet
  facet normal 0 0 -1
    outer loop
      vertex 9.900 19.800 1.000
      vertex 10.500 21.000 1.000
      vertex 10.500 19.800 1.000
    endloop
  endfacet
  facet normal 0 0 1
    outer loop
      vertex 9.900 19.800 3.200
      vertex 10.500 19.800 3.200
      vertex 10.500 21.000 3.200
    endloop
  endfacet
  facet normal 0 0 1
    outer loop
      vertex 9.900 19.800 3.200
      vertex 10.500 21.000 3.200
      vertex 9.900 21.000 3.200
    endloop
  endfacet
endsolid rack:F5-08:+y
solid rack:F5-09:+y
  facet normal -1 0 0
    outer loop
      vertex 10.500 19.800 1.000
      vertex 10.500 19.800 3.200
      vertex 10.500 21.000 3.200
    endloop
  endfacet
  facet normal -1 0 0
    outer loop
      vertex 10.500 19.800 1.000
      vertex 10.500 21.000 3.200
      vertex 10.500 21.000 1.000
    endloop
  endfacet
  facet normal 1 0 0
    outer loop
      vertex 11.100 19.800 1.000
      vertex 11.100 21.000 1.000
      vertex 11.100 21.000 3.200
    endloop
  endfacet
  facet normal 1 0 0
    outer loop
      vertex 11.100 19.800 1.000
      vertex 11.100 21.000 3.200
      vertex 11.100 19.800 3.200
    endloop
  endfacet
  facet normal 0 -1 0
    outer loop
      vertex 10.500 19.800 1.000
      vertex 11.100 19.800 1.000
      vertex 11.100 19.800 3.200
    endloop
  endfacet
  facet normal 0 -1 0
    outer loop
      vertex 10.500 19.800 1.000
      vertex 11.100 19.800 3.200
      vertex 10.500 19.800 3.200
    endloop
  endfacet
  facet normal 0 1 0
    outer loop
      vertex 10.500 21.000 1.000
      vertex 10.500 21.000 3.200
      vertex 11.100 21.000 3.200
    endloop
  endfacet
  facet normal 0 1 0
    outer loop
      vertex 10.500 21.000 1.000
      vertex 11.100 21.000 3.200
      vertex 11.100 21.000 1.000
    endloop
  endfacet
  facet normal 0 0 -1
    outer loop
      vertex 10.500 19.800 1.000
      vertex 10.500 21.000 1.000
      vertex 11.100 21.000 1.000
    endloop
  endfacet
  facet normal 0 0 -1
    outer loop
      vertex 10.500 19.800 1.000
      vertex 11.100 21.000 1.000
      vertex 11.100 19.800 1.000
    endloop
  endfacet
  facet normal 0 0 1
    outer loop
      vertex 10.500 19.800 3.200
      vertex 11.100 19.800 3.200
      vertex 11.100 21.000 3.200
    endloop
  endfacet
  facet normal 0 0 1
    outer loop
      vertex 10.500 19.800 3.200
      vertex 11.100 21.000 3.200
      vertex 10.500 21.000 3.200
    endloop
  endfacet
endsolid rack:F5-09:+y
solid rack:F5-10:+y
  facet normal -1 0 0
    outer loop
      vertex 11.100 19.800 1.000
      vertex 11.100 19.800 3.200
      vertex 11.100 21.000 3.200
    endloop
  endfacet
  facet normal -1 0 0
    outer loop
      vertex 11.100 19.800 1.000
      vertex 11.100 21.000 3.200
      vertex 11.100 21.000 1.000
    endloop
  endfacet
  facet normal 1 0 0
    outer loop
      vertex 11.700 19.800 1.000
      vertex 11.700 21.000 1.000
      vertex 11.700 21.000 3.200
    endloop
  endfacet
  facet normal 1 0 0
    outer loop
      vertex 11.700 19.800 1.000
      vertex 11.700 21.000 3.200
      vertex 11.700 19.800 3.200
    endloop
  endfacet
  facet normal 0 -1 0
    outer loop
      vertex 11.100 19.800 1.000
      vertex 11.700 19.800 1.000
      vertex 11.700 19.800 3.200
    endloop
  endfacet
  facet normal 0 -1 0
    outer loop
      vertex 11.100 19.800 1.000
      vertex 11.700 19.800 3.200
      vertex 11.100 19.800 3.200
    endloop
  endfacet
  facet normal 0 1 0
    outer loop
      vertex 11.100 21.000 1.000
      vertex 11.100 21.000 3.200
      vertex 11.700 21.000 3.200
    endloop
  endfacet
  facet normal 0 1 0
    outer loop
      vertex 11.100 21.000 1.000
      vertex 11.700 21.000 3.200
      vertex 11.700 21.000 1.000
    endloop
  endfacet
  facet normal 0 0 -1
    outer loop
      vertex 11.100 19.800 1.000
      vertex 11.100 21.000 1.000
      vertex 11.700 21.000 1.000
    endloop
  endfacet
  facet normal 0 0 -1
    outer loop
      vertex 11.100 19.800 1.000
      vertex 11.700 21.000 1.000
      vertex 11.700 19.800 1.000
    endloop
  endfacet
  facet normal 0 0 1
    outer loop
      vertex 11.100 19.800 3.200
      vertex 11.700 19.800 3.200
      vertex 11.700 21.000 3.200
    endloop
  endfacet
  facet normal 0 0 1
    outer loop
      vertex 11.100 19.800 3.200
      vertex 11.700 21.000 3.200
      vertex 11.100 21.000 3.200
    endloop
  endfacet
endsolid rack:F5-10:+y
solid rack:F5-11:+y
  facet normal -1 0 0
    outer loop
      vertex 11.700 19.800 1.000
      vertex 11.700 19.800 3.200
      vertex 11.700 21.000 3.200
    endloop
  endfacet
  facet normal -1 0 0
    outer loop
      vertex 11.700 19.800 1.000
      vertex 11.700 21.000 3.200
      vertex 11.700 21.000 1.000
    endloop
  endfacet
  facet normal 1 0 0
    outer loop
      vertex 12.300 19.800 1.000
      vertex 12.300 21.000 1.000
      vertex 12.300 21.000 3.200
    endloop
  endfacet
  facet normal 1 0 0
    outer loop
      vertex 12.300 19.800 1.000
      vertex 12.300 21.000 3.200
      vertex 12.300 19.800 3.200
    endloop
  endfacet
  facet normal 0 -1 0
    outer loop
      vertex 11.700 19.800 1.000
      vertex 12.300 19.800 1.000
      vertex 12.300 19.800 3.200
    endloop
  endfacet
  facet normal 0 -1 0
    outer loop
      vertex 11.700 19.800 1.000
      vertex 12.300 19.800 3.200
      vertex 11.700 19.800 3.200
    endloop
  endfacet
  facet normal 0 1 0
    outer loop
      vertex 11.700 21.000 1.000
      vertex 11.700 21.000 3.200
      vertex 12.300 21.000 3.200
    endloop
  endfacet
  facet normal 0 1 0
    outer loop
      vertex 11.700 21.000 1.000
      vertex 12.300 21.000 3.200
      vertex 12.300 21.000 1.000
    endloop
  endfacet
  facet normal 0 0 -1
    outer loop
      vertex 11.700 19.800 1.000
      vertex 11.700 21.000 1.000
      vertex 12.300 21.000 1.000
    endloop
  endfacet
  facet normal 0 0 -1
    outer loop
      vertex 11.700 19.800 1.000
      vertex 12.300 21.000 1.000
      vertex 12.300 19.800 1.000
    endloop
  endfacet
  facet normal 0 0 1
    outer loop
      vertex 11.700 19.800 3.200
      vertex 12.300 19.800 3.200
      vertex 12.300 21.000 3.200
    endloop
  endfacet
  facet normal 0 0 1
    outer loop
      vertex 11.700 19.800 3.200
      vertex 12.300 21.000 3.200
      vertex 11.700 21.000 3.200
    endloop
  endfacet
endsolid rack:F5-11:+y
solid rack:F5-12:+y
  facet normal -1 0 0
    outer loop
      vertex 12.300 19.800 1.000
      vertex 12.300 19.800 3.200
      vertex 12.300 21.000 3.200
    endloop
  endfacet
  facet normal -1 0 0
    outer loop
      vertex 12.300 19.800 1.000
      vertex 12.300 21.000 3.200
      vertex 12.300 21.000 1.000
    endloop
  endfacet
  facet normal 1 0 0
    outer loop
      vertex 12.900 19.800 1.000
      vertex 12.900 21.000 1.000
      vertex 12.900 21.000 3.200
    endloop
  endfacet
  facet normal 1 0 0
    outer loop
      vertex 12.900 19.800 1.000
      vertex 12.900 21.000 3.200
      vertex 12.900 19.800 3.200
    endloop
  endfacet
  facet normal 0 -1 0
    outer loop
      vertex 12.300 19.800 1.000
      vertex 12.900 19.800 1.000
      vertex 12.900 19.800 3.200
    endloop
  endfacet
  facet normal 0 -1 0
    outer loop
      vertex 12.300 19.800 1.000
      vertex 12.900 19.800 3.200
      vertex 12.300 19.800 3.200
    endloop
  endfacet
  facet normal 0 1 0
    outer loop
      vertex 12.300 21.000 1.000
      vertex 12.300 21.000 3.200
      vertex 12.900 21.000 3.200
    endloop
  endfacet
  facet normal 0 1 0
    outer loop
      vertex 12.300 21.000 1.000
      vertex 12.900 21.000 3.200
      vertex 12.900 21.000 1.000
    endloop
  endfacet
  facet normal 0 0 -1
    outer loop
      vertex 12.300 19.800 1.000
      vertex 12.300 21.000 1.000
      vertex 12.900 21.000 1.000
    endloop
  endfacet
  facet normal 0 0 -1
    outer loop
      vertex 12.300 19.800 1.000
      vertex 12.900 21.000 1.000
      vertex 12.900 19.800 1.000
    endloop
  endfacet
  facet normal 0 0 1
    outer loop
      vertex 12.300 19.800 3.200
      vertex 12.900 19.800 3.200
      vertex 12.900 21.000 3.200
    endloop
  endfacet
  facet normal 0 0 1
    outer loop
      vertex 12.300 19.800 3.200
      vertex 12.900 21.000 3.200
      vertex 12.300 21.000 3.200
    endloop
  endfacet
endsolid rack:F5-12:+y
solid rack:F5-13:+y
  facet normal -1 0 0
    outer loop
      vertex 12.900 19.800 1.000
      vertex 12.900 19.800 3.200
      vertex 12.900 21.000 3.200
    endloop
  endfacet
  facet normal -1 0 0
    outer loop
      vertex 12.900 19.800 1.000
      vertex 12.900 21.000 3.200
      vertex 12.900 21.000 1.000
    endloop
  endfacet
  facet normal 1 0 0
    outer loop
      vertex 13.500 19.800 1.000
      vertex 13.500 21.000 1.000
      vertex 13.500 21.000 3.200
    endloop
  endfacet
  facet normal 1 0 0
    outer loop
      vertex 13.500 19.800 1.000
      vertex 13.500 21.000 3.200
      vertex 13.500 19.800 3.200
    endloop
  endfacet
  facet normal 0 -1 0
    outer loop
      vertex 12.900 19.800 1.000
      vertex 13.500 19.800 1.000
      vertex 13.500 19.800 3.200
    endloop
  endfacet
  facet normal 0 -1 0
    outer loop
      vertex 12.900 19.800 1.000
      vertex 13.500 19.800 3.200
      vertex 12.900 19.800 3.200
    endloop
  endfacet
  facet normal 0 1 0
    outer loop
      vertex 12.900 21.000 1.000
      vertex 12.900 21.000 3.200
      vertex 13.500 21.000 3.200
    endloop
  endfacet
  facet normal 0 1 0
    outer loop
      vertex 12.900 21.000 1.000
      vertex 13.500 21.000 3.200
      vertex 13.500 21.000 1.000
    endloop
  endfacet
  facet normal 0 0 -1
    outer loop
      vertex 12.900 19.800 1.000
      vertex 12.900 21.000 1.000
      vertex 13.500 21.000 1.000
    endloop
  endfacet
  facet normal 0 0 -1
    outer loop
      vertex 12.900 19.800 1.000
      vertex 13.500 21.000 1.000
      vertex 13.500 19.800 1.000
    endloop
  endfacet
  facet normal 0 0 1
    outer loop
      vertex 12.900 19.800 3.200
      vertex 13.500 19.800 3.200
      vertex 13.500 21.000 3.200
    endloop
  endfacet
  facet normal 0 0 1
    outer loop
      vertex 12.900 19.800 3.200
      vertex 13.500 21.000 3.200
      vertex 12.900 21.000 3.200
    endloop
  endfacet
endsolid rack:F5-13:+y
solid rack:F5-14:+y
  facet normal -1 0 0
    outer loop
      vertex 13.500 19.800 1.000
      vertex 13.500 19.800 3.200
      vertex 13.500 21.000 3.200
    endloop
  endfacet
  facet normal -1 0 0
    outer loop
      vertex 13.500 19.800 1.000
      vertex 13.500 21.000 3.200
      vertex 13.500 21.000 1.000
    endloop
  endfacet
  facet normal 1 0 0
    outer loop
      vertex 14.100 19.800 1.000
      vertex 14.100 21.000 1.000
      vertex 14.100 21.000 3.200
    endloop
  endfacet
  facet normal 1 0 0
    outer loop
      vertex 14.100 19.800 1.000
      vertex 14.100 21.000 3.200
      vertex 14.100 19.800 3.200
    endloop
  endfacet
  facet normal 0 -1 0
    outer loop
      vertex 13.500 19.800 1.000
      vertex 14.100 19.800 1.000
      vertex 14.100 19.800 3.200
    endloop
  endfacet
  facet normal 0 -1 0
    outer loop
      vertex 13.500 19.800 1.000
      vertex 14.100 19.800 3.200
      vertex 13.500 19.800 3.200
    endloop
  endfacet
  facet normal 0 1 0
    outer loop
      vertex 13.500 21.000 1.000
      vertex 13.500 21.000 3.200
      vertex 14.100 21.000 3.200
    endloop
  endfacet
  facet normal 0 1 0
    outer loop
      vertex 13.500 21.000 1.000
      vertex 14.100 21.000 3.200
      vertex 14.100 21.000 1.000
    endloop
  endfacet
  facet normal 0 0 -1
    outer loop
      vertex 13.500 19.800 1.000
      vertex 13.500 21.000 1.000
      vertex 14.100 21.000 1.000
    endloop
  endfacet
  facet normal 0 0 -1
    outer loop
      vertex 13.500 19.800 1.000
      vertex 14.100 21.000 1.000
      vertex 14.100 19.800 1.000
    endloop
  endfacet
  facet normal 0 0 1
    outer loop
      vertex 13.500 19.800 3.200
      vertex 14.100 19.800 3.200
      vertex 14.100 21.000 3.200
    endloop
  endfacet
  facet normal 0 0 1
    outer loop
      vertex 13.500 19.800 3.200
      vertex 14.100 21.000 3.200
      vertex 13.500 21.000 3.200
    endloop
  endfacet
endsolid rack:F5-14:+y
solid rack:F5-15:+y
  facet normal -1 0 0
    outer loop
      vertex 14.100 19.800 1.000
      vertex 14.100 19.800 3.200
      vertex 14.100 21.000 3.200
    endloop
  endfacet
  facet normal -1 0 0
    outer loop
      vertex 14.100 19.800 1.000
      vertex 14.100 21.000 3.200
      vertex 14.100 21.000 1.000
    endloop
  endfacet
  facet normal 1 0 0
    outer loop
      vertex 14.700 19.800 1.000
      vertex 14.700 21.000 1.000
      vertex 14.700 21.000 3.200
    endloop
  endfacet
  facet normal 1 0 0
    outer loop
      vertex 14.700 19.800 1.000
      vertex 14.700 21.000 3.200
      vertex 14.700 19.800 3.200
    endloop
  endfacet
  facet normal 0 -1 0
    outer loop
      vertex 14.100 19.800 1.000
      vertex 14.700 19.800 1.000
      vertex 14.700 19.800 3.200
    endloop
  endfacet
  facet normal 0 -1 0
    outer loop
      vertex 14.100 19.800 1.000
      vertex 14.700 19.800 3.200
      vertex 14.100 19.800 3.200
    endloop
  endfacet
  facet normal 0 1 0
    outer loop
      vertex 14.100 21.000 1.000
      vertex 14.100 21.000 3.200
      vertex 14.700 21.000 3.200
    endloop
  endfacet
  facet normal 0 1 0
    outer loop
      vertex 14.100 21.000 1.000
      vertex 14.700 21.000 3.200
      vertex 14.700 21.000 1.000
    endloop
  endfacet
  facet normal 0 0 -1
    outer loop
      vertex 14.100 19.800 1.000
      vertex 14.100 21.000 1.000
      vertex 14.700 21.000 1.000
    endloop
  endfacet
  facet normal 0 0 -1
    outer loop
      vertex 14.100 19.800 1.000
      vertex 14.700 21.000 1.000
      vertex 14.700 19.800 1.000
    endloop
  endfacet
  facet normal 0 0 1
    outer loop
      vertex 14.100 19.800 3.200
      vertex 14.700 19.800 3.200
      vertex 14.700 21.000 3.200
    endloop
  endfacet
  facet normal 0 0 1
    outer loop
      vertex 14.100 19.800 3.200
      vertex 14.700 21.000 3.200
      vertex 14.100 21.000 3.200
    endloop
  endfacet
endsolid rack:F5-15:+y
solid rack:F5-16:+y
  facet normal -1 0 0
    outer loop
      vertex 14.700 19.800 1.000
      vertex 14.700 19.800 3.200
      vertex 14.700 21.000 3.200
    endloop
  endfacet
  facet normal -1 0 0
    outer loop
      vertex 14.700 19.800 1.000
      vertex 14.700 21.000 3.200
      vertex 14.700 21.000 1.000
    endloop
  endfacet
  facet normal 1 0 0
    outer loop
      vertex 15.300 19.800 1.000
      vertex 15.300 21.000 1.000
      vertex 15.300 21.000 3.200
    endloop
  endfacet
  facet normal 1 0 0
    outer loop
      vertex 15.300 19.800 1.000
      vertex 15.300 21.000 3.200
      vertex 15.300 19.800 3.200
    endloop
  endfacet
  facet normal 0 -1 0
    outer loop
      vertex 14.700 19.800 1.000
      vertex 15.300 19.800 1.000
      vertex 15.300 19.800 3.200
    endloop
  endfacet
  facet normal 0 -1 0
    outer loop
      vertex 14.700 19.800 1.000
      vertex 15.300 19.800 3.200
      vertex 14.700 19.800 3.200
    endloop
  endfacet
  facet normal 0 1 0
    outer loop
      vertex 14.700 21.000 1.000
      vertex 14.700 21.000 3.200
      vertex 15.300 21.000 3.200
    endloop
  endfacet
  facet normal 0 1 0
    outer loop
      vertex 14.700 21.000 1.000
      vertex 15.300 21.000 3.200
      vertex 15.300 21.000 1.000
    endloop
  endfacet
  facet normal 0 0 -1
    outer loop
      vertex 14.700 19.800 1.000
      vertex 14.700 21.000 1.000
      vertex 15.300 21.000 1.000
    endloop
  endfacet
  facet normal 0 0 -1
    outer loop
      vertex 14.700 19.800 1.000
      vertex 15.300 21.000 1.000
      vertex 15.300 19.800 1.000
    endloop
  endfacet
  facet normal 0 0 1
    outer loop
      vertex 14.700 19.800 3.200
      vertex 15.300 19.800 3.200
      vertex 15.300 21.000 3.200
    endloop
  endfacet
  facet normal 0 0 1
    outer loop
      vertex 14.700 19.800 3.200
      vertex 15.300 21.000 3.200
      vertex 14.700 21.000 3.200
    endloop
  endfacet
endsolid rack:F5-16:+y
solid rack:F5-17:+y
  facet normal -1 0 0
    outer loop
      vertex 15.300 19.800 1.000
      vertex 15.300 19.800 3.200
      vertex 15.300 21.000 3.200
    endloop
  endfacet
  facet normal -1 0 0
    outer loop
      vertex 15.300 19.800 1.000
      vertex 15.300 21.000 3.200
      vertex 15.300 21.000 1.000
    endloop
  endfacet
  facet normal 1 0 0
    outer loop
      vertex 15.900 19.800 1.000
      vertex 15.900 21.000 1.000
      vertex 15.900 21.000 3.200
    endloop
  endfacet
  facet normal 1 0 0
    outer loop
      vertex 15.900 19.800 1.000
      vertex 15.900 21.000 3.200
      vertex 15.900 19.800 3.200
    endloop
  endfacet
  facet normal 0 -1 0
    outer loop
      vertex 15.300 19.800 1.000
      vertex 15.900 19.800 1.000
      vertex 15.900 19.800 3.200
    endloop
  endfacet
  facet normal 0 -1 0
    outer loop
      vertex 15.300 19.800 1.000
      vertex 15.900 19.800 3.200
      vertex 15.300 19.800 3.200
    endloop
  endfacet
  facet normal 0 1 0
    outer loop
      vertex 15.300 21.000 1.000
      vertex 15.300 21.000 3.200
      vertex 15.900 21.000 3.200
    endloop
  endfacet
  facet normal 0 1 0
    outer loop
      vertex 15.300 21.000 1.000
      vertex 15.900 21.000 3.200
      vertex 15.900 21.000 1.000
    endloop
  endfacet
  facet normal 0 0 -1
    outer loop
      vertex 15.300 19.800 1.000
      vertex 15.300 21.000 1.000
      vertex 15.900 21.000 1.000
    endloop
  endfacet
  facet normal 0 0 -1
    outer loop
      vertex 15.300 19.800 1.000
      vertex 15.900 21.000 1.000
      vertex 15.900 19.800 1.000
    endloop
  endfacet
  facet normal 0 0 1
    outer loop
      vertex 15.300 19.800 3.200
      vertex 15.900 19.800 3.200
      vertex 15.900 21.000 3.200
    endloop
  endfacet
  facet normal 0 0 1
    outer loop
      vertex 15.300 19.800 3.200
      vertex 15.900 21.000 3.200
      vertex 15.300 21.000 3.200
    endloop
  endfacet
endsolid rack:F5-17:+y
solid rack:F6-01:-y
  facet normal -1 0 0
    outer loop
      vertex 5.700 16.800 1.000
      vertex 5.700 16.800 3.200
      vertex 5.700 18.000 3.200
    endloop
  endfacet
  facet normal -1 0 0
    outer loop
      vertex 5.700 16.800 1.000
      vertex 5.700 18.000 3.200
      vertex 5.700 18.000 1.000
    endloop
  endfacet
  facet normal 1 0 0
    outer loop
      vertex 6.300 16.800 1.000
      vertex 6.300 18.000 1.000
      vertex 6.300 18.000 3.200
    endloop
  endfacet
  facet normal 1 0 0
    outer loop
      vertex 6.300 16.800 1.000
      vertex 6.300 18.000 3.200
      vertex 6.300 16.800 3.200
    endloop
  endfacet
  facet normal 0 -1 0
    outer loop
      vertex 5.700 16.800 1.000
      vertex 6.300 16.800 1.000
      vertex 6.300 16.800 3.200
    endloop
  endfacet
  facet normal 0 -1 0
    outer loop
      vertex 5.700 16.800 1.000
      vertex 6.300 16.800 3.200
      vertex 5.700 16.800 3.200
    endloop
  endfacet
  facet normal 0 1 0
    outer loop
      vertex 5.700 18.000 1.000
      vertex 5.700 18.000 3.200
      vertex 6.300 18.000 3.200
    endloop
  endfacet
  facet normal 0 1 0
    outer loop
      vertex 5.700 18.000 1.000
      vertex 6.300 18.000 3.200
      vertex 6.300 18.000 1.000
    endloop
  endfacet
  facet normal 0 0 -1
    outer loop
      vertex 5.700 16.800 1.000
      vertex 5.700 18.000 1.000
      vertex 6.300 18.000 1.000
    endloop
  endfacet
  facet normal 0 0 -1
    outer loop
      vertex 5.700 16.800 1.000
      vertex 6.300 18.000 1.000
      vertex 6.300 16.800 1.000
    endloop
  endfacet
  facet normal 0 0 1
    outer loop
      vertex 5.700 16.800 3.200
      vertex 6.300 16.800 3.200
      vertex 6.300 18.000 3.200
    endloop
  endfacet
  facet normal 0 0 1
    outer loop
      vertex 5.700 16.800 3.200
      vertex 6.300 18.000 3.200
      vertex 5.700 18.000 3.200
    endloop
  endfacet
endsolid rack:F6-01:-y
solid rack:F6-02:-y
  facet normal -1 0 0
    outer loop
      vertex 6.300 16.800 1.000
      vertex 6.300 16.800 3.200
      vertex 6.300 18.000 3.200
    endloop
  endfacet
  facet normal -1 0 0
    outer loop
      vertex 6.300 16.800 1.000
      vertex 6.300 18.000 3.200
      vertex 6.300 18.000 1.000
    endloop
  endfacet
  facet normal 1 0 0
    outer loop
      vertex 6.900 16.800 1.000
      vertex 6.900 18.000 1.000
      vertex 6.900 18.000 3.200
    endloop
  endfacet
  facet normal 1 0 0
    outer loop
      vertex 6.900 16.800 1.000
      vertex 6.900 18.000 3.200
      vertex 6.900 16.800 3.200
    endloop
  endfacet
  facet normal 0 -1 0
    outer loop
      vertex 6.300 16.800 1.000
      vertex 6.900 16.800 1.000
      vertex 6.900 16.800 3.200
    endloop
  endfacet
  facet normal 0 -1 0
    outer loop
      vertex 6.300 16.800 1.000
      vertex 6.900 16.800 3.200
      vertex 6.300 16.800 3.200
    endloop
  endfacet
  facet normal 0 1 0
    outer loop
      vertex 6.300 18.000 1.000
      vertex 6.300 18.000 3.200
      vertex 6.900 18.000 3.200
    endloop
  endfacet
  facet normal 0 1 0
    outer loop
      vertex 6.300 18.000 1.000
      vertex 6.900 18.000 3.200
      vertex 6.900 18.000 1.000
    endloop
  endfacet
  facet normal 0 0 -1
    outer loop
      vertex 6.300 16.800 1.000
      vertex 6.300 18.000 1.000
      vertex 6.900 18.000 1.000
    endloop
  endfacet
  facet normal 0 0 -1
    outer loop
      vertex 6.300 16.800 1.000
      vertex 6.900 18.000 1.000
      vertex 6.900 16.800 1.000
    endloop
  endfacet
  facet normal 0 0 1
    outer loop
      vertex 6.300 16.800 3.200
      vertex 6.900 16.800 3.200
      vertex 6.900 18.000 3.200
    endloop
  endfacet
  facet normal 0 0 1
    outer loop
      vertex 6.300 16.800 3.200
      vertex 6.900 18.000 3.200
      vertex 6.300 18.000 3.200
    endloop
  endfacet
endsolid rack:F6-02:-y
solid rack:F6-03:-y
  facet normal -1 0 0
    outer loop
      vertex 6.900 16.800 1.000
      vertex 6.900 16.800 3.200
      vertex 6.900 18.000 3.200
    endloop
  endfacet
  facet normal -1 0 0
    outer loop
      vertex 6.900 16.800 1.000
      vertex 6.900 18.000 3.200
      vertex 6.900 18.000 1.000
    endloop
  endfacet
  facet normal 1 0 0
    outer loop
      vertex 7.500 16.800 1.000
      vertex 7.500 18.000 1.000
      vertex 7.500 18.000 3.200
    endloop
  endfacet
  facet normal 1 0 0
    outer loop
      vertex 7.500 16.800 1.000
      vertex 7.500 18.000 3.200
      vertex 7.500 16.800 3.200
    endloop
  endfacet
  facet normal 0 -1 0
    outer loop
      vertex 6.900 16.800 1.000
      vertex 7.500 16.800 1.000
      vertex 7.500 16.800 3.200
    endloop
  endfacet
  facet normal 0 -1 0
    outer loop
      vertex 6.900 16.800 1.000
      vertex 7.500 16.800 3.200
      vertex 6.900 16.800 3.200
    endloop
  endfacet
  facet normal 0 1 0
    outer loop
      vertex 6.900 18.000 1.000
      vertex 6.900 18.000 3.200
      vertex 7.500 18.000 3.200
    endloop
  endfacet
  facet normal 0 1 0
    outer loop
      vertex 6.900 18.000 1.000
      vertex 7.500 18.000 3.200
      vertex 7.500 18.000 1.000
    endloop
  endfacet
  facet normal 0 0 -1
    outer loop
      vertex 6.900 16.800 1.000
      vertex 6.900 18.000 1.000
      vertex 7.500 18.000 1.000
    endloop
  endfacet
  facet normal 0 0 -1
    outer loop
      vertex 6.900 16.800 1.000
      vertex 7.500 18.000 1.000
      vertex 7.500 16.800 1.000
    endloop
  endfacet
  facet normal 0 0 1
    outer loop
      vertex 6.900 16.800 3.200
      vertex 7.500 16.800 3.200
      vertex 7.500 18.000 3.200
    endloop
  endfacet
  facet normal 0 0 1
    outer loop
      vertex 6.900 16.800 3.200
      vertex 7.500 18.000 3.200
      vertex 6.900 18.000 3.200
    endloop
  endfacet
endsolid rack:F6-03:-y
solid rack:F6-04:-y
  facet normal -1 0 0
    outer loop
      vertex 7.500 16.800 1.000
      vertex 7.500 16.800 3.200
      vertex 7.500 18.000 3.200
    endloop
  endfacet
  facet normal -1 0 0
    outer loop
      vertex 7.500 16.800 1.000
      vertex 7.500 18.000 3.200
      vertex 7.500 18.000 1.000
    endloop
  endfacet
  facet normal 1 0 0
    outer loop
      vertex 8.100 16.800 1.000
      vertex 8.100 18.000 1.000
      vertex 8.100 18.000 3.200
    endloop
  endfacet
  facet normal 1 0 0
    outer loop
      vertex 8.100 16.800 1.000
      vertex 8.100 18.000 3.200
      vertex 8.100 16.800 3.200
    endloop
  endfacet
  facet normal 0 -1 0
    outer loop
      vertex 7.500 16.800 1.000
      vertex 8.100 16.800 1.000
      vertex 8.100 16.800 3.200
    endloop
  endfacet
  facet normal 0 -1 0
    outer loop
      vertex 7.500 16.800 1.000
      vertex 8.100 16.800 3.200
      vertex 7.500 16.800 3.200
    endloop
  endfacet
  facet normal 0 1 0
    outer loop
      vertex 7.500 18.000 1.000
      vertex 7.500 18.000 3.200
      vertex 8.100 18.000 3.200
    endloop
  endfacet
  facet normal 0 1 0
    outer loop
      vertex 7.500 18.000 1.000
      vertex 8.100 18.000 3.200
      vertex 8.100 18.000 1.000
    endloop
  endfacet
  facet normal 0 0 -1
    outer loop
      vertex 7.500 16.800 1.000
      vertex 7.500 18.000 1.000
      vertex 8.100 18.000 1.000
    endloop
  endfacet
  facet normal 0 0 -1
    outer loop
      vertex 7.500 16.800 1.000
      vertex 8.100 18.000 1.000
      vertex 8.100 16.800 1.000
    endloop
  endfacet
  facet normal 0 0 1
    outer loop
      vertex 7.500 16.800 3.200
      vertex 8.100 16.800 3.200
      vertex 8.100 18.000 3.200
    endloop
  endfacet
  facet normal 0 0 1
    outer loop
      vertex 7.500 16.800 3.200
      vertex 8.100 18.000 3.200
      vertex 7.500 18.000 3.200
    endloop
  endfacet
endsolid rack:F6-04:-y
solid rack:F6-05:-y
  facet normal -1 0 0
    outer loop
      vertex 8.100 16.800 1.000
      vertex 8.100 16.800 3.200
      vertex 8.100 18.000 3.200
    endloop
  endfacet
  facet normal -1 0 0
    outer loop
      vertex 8.100 16.800 1.000
      vertex 8.100 18.000 3.200
      vertex 8.100 18.000 1.000
    endloop
  endfacet
  facet normal 1 0 0
    outer loop
      vertex 8.700 16.800 1.000
      vertex 8.700 18.000 1.000
      vertex 8.700 18.000 3.200
    endloop
  endfacet
  facet normal 1 0 0
    outer loop
      vertex 8.700 16.800 1.000
      vertex 8.700 18.000 3.200
      vertex 8.700 16.800 3.200
    endloop
  endfacet
  facet normal 0 -1 0
    outer loop
      vertex 8.100 16.800 1.000
      vertex 8.700 16.800 1.000
      vertex 8.700 16.800 3.200
    endloop
  endfacet
  facet normal 0 -1 0
    outer loop
      vertex 8.100 16.800 1.000
      vertex 8.700 16.800 3.200
      vertex 8.100 16.800 3.200
    endloop
  endfacet
  facet normal 0 1 0
    outer loop
      vertex 8.100 18.000 1.000
      vertex 8.100 18.000 3.200
      vertex 8.700 18.000 3.200
    endloop
  endfacet
  facet normal 0 1 0
    outer loop
      vertex 8.100 18.000 1.000
      vertex 8.700 18.000 3.200
      vertex 8.700 18.000 1.000
    endloop
  endfacet
  facet normal 0 0 -1
    outer loop
      vertex 8.100 16.800 1.000
      vertex 8.100 18.000 1.000
      vertex 8.700 18.000 1.000
    endloop
  endfacet
  facet normal 0 0 -1
    outer loop
      vertex 8.100 16.800 1.000
      vertex 8.700 18.000 1.000
      vertex 8.700 16.800 1.000
    endloop
  endfacet
  facet normal 0 0 1
    outer loop
      vertex 8.100 16.800 3.200
      vertex 8.700 16.800 3.200
      vertex 8.700 18.000 3.200
    endloop
  endfacet
  facet normal 0 0 1
    outer loop
      vertex 8.100 16.800 3.200
      vertex 8.700 18.000 3.200
      vertex 8.100 18.000 3.200
    endloop
  endfacet
endsolid rack:F6-05:-y
solid rack:F6-06:-y
  facet normal -1 0 0
    outer loop
      vertex 8.700 16.800 1.000
      vertex 8.700 16.800 3.200
      vertex 8.700 18.000 3.200
    endloop
  endfacet
  facet normal -1 0 0
    outer loop
      vertex 8.700 16.800 1.000
      vertex 8.700 18.000 3.200
      vertex 8.700 18.000 1.000
    endloop
  endfacet
  facet normal 1 0 0
    outer loop
      vertex 9.300 16.800 1.000
      vertex 9.300 18.000 1.000
      vertex 9.300 18.000 3.200
    endloop
  endfacet
  facet normal 1 0 0
    outer loop
      vertex 9.300 16.800 1.000
      vertex 9.300 18.000 3.200
      vertex 9.300 16.800 3.200
    endloop
  endfacet
  facet normal 0 -1 0
    outer loop
      vertex 8.700 16.800 1.000
      vertex 9.300 16.800 1.000
      vertex 9.300 16.800 3.200
    endloop
  endfacet
  facet normal 0 -1 0
    outer loop
      vertex 8.700 16.800 1.000
      vertex 9.300 16.800 3.200
      vertex 8.700 16.800 3.200
    endloop
  endfacet
  facet normal 0 1 0
    outer loop
      vertex 8.700 18.000 1.000
      vertex 8.700 18.000 3.200
      vertex 9.300 18.000 3.200
    endloop
  endfacet
  facet normal 0 1 0
    outer loop
      vertex 8.700 18.000 1.000
      vertex 9.300 18.000 3.200
      vertex 9.300 18.000 1.000
    endloop
  endfacet
  facet normal 0 0 -1
    outer loop
      vertex 8.700 16.800 1.000
      vertex 8.700 18.000 1.000
      vertex 9.300 18.000 1.000
    endloop
  endfacet
  facet normal 0 0 -1
    outer loop
      vertex 8.700 16.800 1.000
      vertex 9.300 18.000 1.000
      vertex 9.300 16.800 1.000
    endloop
  endfacet
  facet normal 0 0 1
    outer loop
      vertex 8.700 16.800 3.200
      vertex 9.300 16.800 3.200
      vertex 9.300 18.000 3.200
    endloop
  endfacet
  facet normal 0 0 1
    outer loop
      vertex 8.700 16.800 3.200
      vertex 9.300 18.000 3.200
      vertex 8.700 18.000 3.200
    endloop
  endfacet
endsolid rack:F6-06:-y
solid rack:F6-07:-y
  facet normal -1 0 0
    outer loop
      vertex 9.300 16.800 1.000
      vertex 9.300 16.800 3.200
      vertex 9.300 18.000 3.200
    endloop
  endfacet
  facet normal -1 0 0
    outer loop
      vertex 9.300 16.800 1.000
      vertex 9.300 18.000 3.200
      vertex 9.300 18.000 1.000
    endloop
  endfacet
  facet normal 1 0 0
    outer loop
      vertex 9.900 16.800 1.000
      vertex 9.900 18.000 1.000
      vertex 9.900 18.000 3.200
    endloop
  endfacet
  facet normal 1 0 0
    outer loop
      vertex 9.900 16.800 1.000
      vertex 9.900 18.000 3.200
      vertex 9.900 16.800 3.200
    endloop
  endfacet
  facet normal 0 -1 0
    outer loop
      vertex 9.300 16.800 1.000
      vertex 9.900 16.800 1.000
      vertex 9.900 16.800 3.200
    endloop
  endfacet
  facet normal 0 -1 0
    outer loop
      vertex 9.300 16.800 1.000
      vertex 9.900 16.800 3.200
      vertex 9.300 16.800 3.200
    endloop
  endfacet
  facet normal 0 1 0
    outer loop
      vertex 9.300 18.000 1.000
      vertex 9.300 18.000 3.200
      vertex 9.900 18.000 3.200
    endloop
  endfacet
  facet normal 0 1 0
    outer loop
      vertex 9.300 18.000 1.000
      vertex 9.900 18.000 3.200
      vertex 9.900 18.000 1.000
    endloop
  endfacet
  facet normal 0 0 -1
    outer loop
      vertex 9.300 16.800 1.000
      vertex 9.300 18.000 1.000
      vertex 9.900 18.000 1.000
    endloop
  endfacet
  facet normal 0 0 -1
    outer loop
      vertex 9.300 16.800 1.000
      vertex 9.900 18.000 1.000
      vertex 9.900 16.800 1.000
    endloop
  endfacet
  facet normal 0 0 1
    outer loop
      vertex 9.300 16.800 3.200
      vertex 9.900 16.800 3.200
      vertex 9.900 18.000 3.200
    endloop
  endfacet
  facet normal 0 0 1
    outer loop
      vertex 9.300 16.800 3.200
      vertex 9.900 18.000 3.200
      vertex 9.300 18.000 3.200
    endloop
  endfacet
endsolid rack:F6-07:-y
solid rack:F6-08:-y
  facet normal -1 0 0
    outer loop
      vertex 9.900 16.800 1.000
      vertex 9.900 16.800 3.200
      vertex 9.900 18.000 3.200
    endloop
  endfacet
  facet normal -1 0 0
    outer loop
      vertex 9.900 16.800 1.000
      vertex 9.900 18.000 3.200
      vertex 9.900 18.000 1.000
    endloop
  endfacet
  facet normal 1 0 0
    outer loop
      vertex 10.500 16.800 1.000
      vertex 10.500 18.000 1.000
      vertex 10.500 18.000 3.200
    endloop
  endfacet
  facet normal 1 0 0
    outer loop
      vertex 10.500 16.800 1.000
      vertex 10.500 18.000 3.200
      vertex 10.500 16.800 3.200
    endloop
  endfacet
  facet normal 0 -1 0
    outer loop
      vertex 9.900 16.800 1.000
      vertex 10.500 16.800 1.000
      vertex 10.500 16.800 3.200
    endloop
  endfacet
  facet normal 0 -1 0
    outer loop
      vertex 9.900 16.800 1.000
      vertex 10.500 16.800 3.200
      vertex 9.900 16.800 3.200
    endloop
  endfacet
  facet normal 0 1 0
    outer loop
      vertex 9.900 18.000 1.000
      vertex 9.900 18.000 3.200
      vertex 10.500 18.000 3.200
    endloop
  endfacet
  facet normal 0 1 0
    outer loop
      vertex 9.900 18.000 1.000
      vertex 10.500 18.000 3.200
      vertex 10.500 18.000 1.000
    endloop
  endfacet
  facet normal 0 0 -1
    outer loop
      vertex 9.900 16.800 1.000
      vertex 9.900 18.000 1.000
      vertex 10.500 18.000 1.000
    endloop
  endfacet
  facet normal 0 0 -1
    outer loop
      vertex 9.900 16.800 1.000
      vertex 10.500 18.000 1.000
      vertex 10.500 16.800 1.000
    endloop
  endfacet
  facet normal 0 0 1
    outer loop
      vertex 9.900 16.800 3.200
      vertex 10.500 16.800 3.200
      vertex 10.500 18.000 3.200
    endloop
  endfacet
  facet normal 0 0 1
    outer loop
      vertex 9.900 16.800 3.200
      vertex 10.500 18.000 3.200
      vertex 9.900 18.000 3.200
    endloop
  endfacet
endsolid rack:F6-08:-y
solid rack:F6-09:-y
  facet normal -1 0 0
    outer loop
      vertex 10.500 16.800 1.000
      vertex 10.500 16.800 3.200
      vertex 10.500 18.000 3.200
    endloop
  endfacet
  facet normal -1 0 0
    outer loop
      vertex 10.500 16.800 1.000
      vertex 10.500 18.000 3.200
      vertex 10.500 18.000 1.000
    endloop
  endfacet
  facet normal 1 0 0
    outer loop
      vertex 11.100 16.800 1.000
      vertex 11.100 18.000 1.000
      vertex 11.100 18.000 3.200
    endloop
  endfacet
  facet normal 1 0 0
    outer loop
      vertex 11.100 16.800 1.000
      vertex 11.100 18.000 3.200
      vertex 11.100 16.800 3.200
    endloop
  endfacet
  facet normal 0 -1 0
    outer loop
      vertex 10.500 16.800 1.000
      vertex 11.100 16.800 1.000
      vertex 11.100 16.800 3.200
    endloop
  endfacet
  facet normal 0 -1 0
    outer loop
      vertex 10.500 16.800 1.000
      vertex 11.100 16.800 3.200
      vertex 10.500 16.800 3.200
    endloop
  endfacet
  facet normal 0 1 0
    outer loop
      vertex 10.500 18.000 1.000
      vertex 10.500 18.000 3.200
      vertex 11.100 18.000 3.200
    endloop
  endfacet
  facet normal 0 1 0
    outer loop
      vertex 10.500 18.000 1.000
      vertex 11.100 18.000 3.200
      vertex 11.100 18.000 1.000
    endloop
  endfacet
  facet normal 0 0 -1
    outer loop
      vertex 10.500 16.800 1.000
      vertex 10.500 18.000 1.000
      vertex 11.100 18.000 1.000
    endloop
  endfacet
  facet normal 0 0 -1
    outer loop
      vertex 10.500 16.800 1.000
      vertex 11.100 18.000 1.000
      vertex 11.100 16.800 1.000
    endloop
  endfacet
  facet normal 0 0 1
    outer loop
      vertex 10.500 16.800 3.200
      vertex 11.100 16.800 3.200
      vertex 11.100 18.000 3.200
    endloop
  endfacet
  facet normal 0 0 1
    outer loop
      vertex 10.500 16.800 3.200
      vertex 11.100 18.000 3.200
      vertex 10.500 18.000 3.200
    endloop
  endfacet
endsolid rack:F6-09:-y
solid rack:F6-10:-y
  facet normal -1 0 0
    outer loop
      vertex 11.100 16.800 1.000
      vertex 11.100 16.800 3.200
      vertex 11.100 18.000 3.200
    endloop
  endfacet
  facet normal -1 0 0
    outer loop
      vertex 11.100 16.800 1.000
      vertex 11.100 18.000 3.200
      vertex 11.100 18.000 1.000
    endloop
  endfacet
  facet normal 1 0 0
    outer loop
      vertex 11.700 16.800 1.000
      vertex 11.700 18.000 1.000
      vertex 11.700 18.000 3.200
    endloop
  endfacet
  facet normal 1 0 0
    outer loop
      vertex 11.700 16.800 1.000
      vertex 11.700 18.000 3.200
      vertex 11.700 16.800 3.200
    endloop
  endfacet
  facet normal 0 -1 0
    outer loop
      vertex 11.100 16.800 1.000
      vertex 11.700 16.800 1.000
      vertex 11.700 16.800 3.200
    endloop
  endfacet
  facet normal 0 -1 0
    outer loop
      vertex 11.100 16.800 1.000
      vertex 11.700 16.800 3.200
      vertex 11.100 16.800 3.200
    endloop
  endfacet
  facet normal 0 1 0
    outer loop
      vertex 11.100 18.000 1.000
      vertex 11.100 18.000 3.200
      vertex 11.700 18.000 3.200
    endloop
  endfacet
  facet normal 0 1 0
    outer loop
      vertex 11.100 18.000 1.000
      vertex 11.700 18.000 3.200
      vertex 11.700 18.000 1.000
    endloop
  endfacet
  facet normal 0 0 -1
    outer loop
      vertex 11.100 16.800 1.000
      vertex 11.100 18.000 1.000
      vertex 11.700 18.000 1.000
    endloop
  endfacet
  facet normal 0 0 -1
    outer loop
      vertex 11.100 16.800 1.000
      vertex 11.700 18.000 1.000
      vertex 11.700 16.800 1.000
    endloop
  endfacet
  facet normal 0 0 1
    outer loop
      vertex 11.100 16.800 3.200
      vertex 11.700 16.800 3.200
      vertex 11.700 18.000 3.200
    endloop
  endfacet
  facet normal 0 0 1
    outer loop
      vertex 11.100 16.800 3.200
      vertex 11.700 18.000 3.200
      vertex 11.100 18.000 3.200
    endloop
  endfacet
endsolid rack:F6-10:-y
solid rack:F6-11:-y
  facet normal -1 0 0
    outer loop
      vertex 11.700 16.800 1.000
      vertex 11.700 16.800 3.200
      vertex 11.700 18.000 3.200
    endloop
  endfacet
  facet normal -1 0 0
    outer loop
      vertex 11.700 16.800 1.000
      vertex 11.700 18.000 3.200
      vertex 11.700 18.000 1.000
    endloop
  endfacet
  facet normal 1 0 0
    outer loop
      vertex 12.300 16.800 1.000
      vertex 12.300 18.000 1.000
      vertex 12.300 18.000 3.200
    endloop
  endfacet
  facet normal 1 0 0
    outer loop
      vertex 12.300 16.800 1.000
      vertex 12.300 18.000 3.200
      vertex 12.300 16.800 3.200
    endloop
  endfacet
  facet normal 0 -1 0
    outer loop
      vertex 11.700 16.800 1.000
      vertex 12.300 16.800 1.000
      vertex 12.300 16.800 3.200
    endloop
  endfacet
  facet normal 0 -1 0
    outer loop
      vertex 11.700 16.800 1.000
      vertex 12.300 16.800 3.200
      vertex 11.700 16.800 3.200
    endloop
  endfacet
  facet normal 0 1 0
    outer loop
      vertex 11.700 18.000 1.000
      vertex 11.700 18.000 3.200
      vertex 12.300 18.000 3.200
    endloop
  endfacet
  facet normal 0 1 0
    outer loop
      vertex 11.700 18.000 1.000
      vertex 12.300 18.000 3.200
      vertex 12.300 18.000 1.000
    endloop
  endfacet
  facet normal 0 0 -1
    outer loop
      vertex 11.700 16.800 1.000
      vertex 11.700 18.000 1.000
      vertex 12.300 18.000 1.000
    endloop
  endfacet
  facet normal 0 0 -1
    outer loop
      vertex 11.700 16.800 1.000
      vertex 12.300 18.000 1.000
      vertex 12.300 16.800 1.000
    endloop
  endfacet
  facet normal 0 0 1
    outer loop
      vertex 11.700 16.800 3.200
      vertex 12.300 16.800 3.200
      vertex 12.300 18.000 3.200
    endloop
  endfacet
  facet normal 0 0 1
    outer loop
      vertex 11.700 16.800 3.200
      vertex 12.300 18.000 3.200
      vertex 11.700 18.000 3.200
    endloop
  endfacet
endsolid rack:F6-11:-y
solid rack:F6-12:-y
  facet normal -1 0 0
    outer loop
      vertex 12.300 16.800 1.000
      vertex 12.300 16.800 3.200
      vertex 12.300 18.000 3.200
    endloop
  endfacet
  facet normal -1 0 0
    outer loop
      vertex 12.300 16.800 1.000
      vertex 12.300 18.000 3.200
      vertex 12.300 18.000 1.000
    endloop
  endfacet
  facet normal 1 0 0
    outer loop
      vertex 12.900 16.800 1.000
      vertex 12.900 18.000 1.000
      vertex 12.900 18.000 3.200
    endloop
  endfacet
  facet normal 1 0 0
    outer loop
      vertex 12.900 16.800 1.000
      vertex 12.900 18.000 3.200
      vertex 12.900 16.800 3.200
    endloop
  endfacet
  facet normal 0 -1 0
    outer loop
      vertex 12.300 16.800 1.000
      vertex 12.900 16.800 1.000
      vertex 12.900 16.800 3.200
    endloop
  endfacet
  facet normal 0 -1 0
    outer loop
      vertex 12.300 16.800 1.000
      vertex 12.900 16.800 3.200
      vertex 12.300 16.800 3.200
    endloop
  endfacet
  facet normal 0 1 0
    outer loop
      vertex 12.300 18.000 1.000
      vertex 12.300 18.000 3.200
      vertex 12.900 18.000 3.200
    endloop
  endfacet
  facet normal 0 1 0
    outer loop
      vertex 12.300 18.000 1.000
      vertex 12.900 18.000 3.200
      vertex 12.900 18.000 1.000
    endloop
  endfacet
  facet normal 0 0 -1
    outer loop
      vertex 12.300 16.800 1.000
      vertex 12.300 18.000 1.000
      vertex 12.900 18.000 1.000
    endloop
  endfacet
  facet normal 0 0 -1
    outer loop
      vertex 12.300 16.800 1.000
      vertex 12.900 18.000 1.000
      vertex 12.900 16.800 1.000
    endloop
  endfacet
  facet normal 0 0 1
    outer loop
      vertex 12.300 16.800 3.200
      vertex 12.900 16.800 3.200
      vertex 12.900 18.000 3.200
    endloop
  endfacet
  facet normal 0 0 1
    outer loop
      vertex 12.300 16.800 3.200
      vertex 12.900 18.000 3.200
      vertex 12.300 18.000 3.200
    endloop
  endfacet
endsolid rack:F6-12:-y
solid rack:F6-13:-y
  facet normal -1 0 0
    outer loop
      vertex 12.900 16.800 1.000
      vertex 12.900 16.800 3.200
      vertex 12.900 18.000 3.200
    endloop
  endfacet
  facet normal -1 0 0
    outer loop
      vertex 12.900 16.800 1.000
      vertex 12.900 18.000 3.200
      vertex 12.900 18.000 1.000
    endloop
  endfacet
  facet normal 1 0 0
    outer loop
      vertex 13.500 16.800 1.000
      vertex 13.500 18.000 1.000
      vertex 13.500 18.000 3.200
    endloop
  endfacet
  facet normal 1 0 0
    outer loop
      vertex 13.500 16.800 1.000
      vertex 13.500 18.000 3.200
      vertex 13.500 16.800 3.200
    endloop
  endfacet
  facet normal 0 -1 0
    outer loop
      vertex 12.900 16.800 1.000
      vertex 13.500 16.800 1.000
      vertex 13.500 16.800 3.200
    endloop
  endfacet
  facet normal 0 -1 0
    outer loop
      vertex 12.900 16.800 1.000
      vertex 13.500 16.800 3.200
      vertex 12.900 16.800 3.200
    endloop
  endfacet
  facet normal 0 1 0
    outer loop
      vertex 12.900 18.000 1.000
      vertex 12.900 18.000 3.200
      vertex 13.500 18.000 3.200
    endloop
  endfacet
  facet normal 0 1 0
    outer loop
      vertex 12.900 18.000 1.000
      vertex 13.500 18.000 3.200
      vertex 13.500 18.000 1.000
    endloop
  endfacet
  facet normal 0 0 -1
    outer loop
      vertex 12.900 16.800 1.000
      vertex 12.900 18.000 1.000
      vertex 13.500 18.000 1.000
    endloop
  endfacet
  facet normal 0 0 -1
    outer loop
      vertex 12.900 16.800 1.000
      vertex 13.500 18.000 1.000
      vertex 13.500 16.800 1.000
    endloop
  endfacet
  facet normal 0 0 1
    outer loop
      vertex 12.900 16.800 3.200
      vertex 13.500 16.800 3.200
      vertex 13.500 18.000 3.200
    endloop
  endfacet
  facet normal 0 0 1
    outer loop
      vertex 12.900 16.800 3.200
      vertex 13.500 18.000 3.200
      vertex 12.900 18.000 3.200
    endloop
  endfacet
endsolid rack:F6-13:-y
solid rack:F6-14:-y
  facet normal -1 0 0
    outer loop
      vertex 13.500 16.800 1.000
      vertex 13.500 16.800 3.200
      vertex 13.500 18.000 3.200
    endloop
  endfacet
  facet normal -1 0 0
    outer loop
      vertex 13.500 16.800 1.000
      vertex 13.500 18.000 3.200
      vertex 13.500 18.000 1.000
    endloop
  endfacet
  facet normal 1 0 0
    outer loop
      vertex 14.100 16.800 1.000
      vertex 14.100 18.000 1.000
      vertex 14.100 18.000 3.200
    endloop
  endfacet
  facet normal 1 0 0
    outer loop
      vertex 14.100 16.800 1.000
      vertex 14.100 18.000 3.200
      vertex 14.100 16.800 3.200
    endloop
  endfacet
  facet normal 0 -1 0
    outer loop
      vertex 13.500 16.800 1.000
      vertex 14.100 16.800 1.000
      vertex 14.100 16.800 3.200
    endloop
  endfacet
  facet normal 0 -1 0
    outer loop
      vertex 13.500 16.800 1.000
      vertex 14.100 16.800 3.200
      vertex 13.500 16.800 3.200
    endloop
  endfacet
  facet normal 0 1 0
    outer loop
      vertex 13.500 18.000 1.000
      vertex 13.500 18.000 3.200
      vertex 14.100 18.000 3.200
    endloop
  endfacet
  facet normal 0 1 0
    outer loop
      vertex 13.500 18.000 1.000
      vertex 14.100 18.000 3.200
      vertex 14.100 18.000 1.000
    endloop
  endfacet
  facet normal 0 0 -1
    outer loop
      vertex 13.500 16.800 1.000
      vertex 13.500 18.000 1.000
      vertex 14.100 18.000 1.000
    endloop
  endfacet
  facet normal 0 0 -1
    outer loop
      vertex 13.500 16.800 1.000
      vertex 14.100 18.000 1.000
      vertex 14.100 16.800 1.000
    endloop
  endfacet
  facet normal 0 0 1
    outer loop
      vertex 13.500 16.800 3.200
      vertex 14.100 16.800 3.200
      vertex 14.100 18.000 3.200
    endloop
  endfacet
  facet normal 0 0 1
    outer loop
      vertex 13.500 16.800 3.200
      vertex 14.100 18.000 3.200
      vertex 13.500 18.000 3.200
    endloop
  endfacet
endsolid rack:F6-14:-y
solid rack:F6-15:-y
  facet normal -1 0 0
    outer loop
      vertex 14.100 16.800 1.000
      vertex 14.100 16.800 3.200
      vertex 14.100 18.000 3.200
    endloop
  endfacet
  facet normal -1 0 0
    outer loop
      vertex 14.100 16.800 1.000
      vertex 14.100 18.000 3.200
      vertex 14.100 18.000 1.000
    endloop
  endfacet
  facet normal 1 0 0
    outer loop
      vertex 14.700 16.800 1.000
      vertex 14.700 18.000 1.000
      vertex 14.700 18.000 3.200
    endloop
  endfacet
  facet normal 1 0 0
    outer loop
      vertex 14.700 16.800 1.000
      vertex 14.700 18.000 3.200
      vertex 14.700 16.800 3.200
    endloop
  endfacet
  facet normal 0 -1 0
    outer loop
      vertex 14.100 16.800 1.000
      vertex 14.700 16.800 1.000
      vertex 14.700 16.800 3.200
    endloop
  endfacet
  facet normal 0 -1 0
    outer loop
      vertex 14.100 16.800 1.000
      vertex 14.700 16.800 3.200
      vertex 14.100 16.800 3.200
    endloop
  endfacet
  facet normal 0 1 0
    outer loop
      vertex 14.100 18.000 1.000
      vertex 14.100 18.000 3.200
      vertex 14.700 18.000 3.200
    endloop
  endfacet
  facet normal 0 1 0
    outer loop
      vertex 14.100 18.000 1.000
      vertex 14.700 18.000 3.200
      vertex 14.700 18.000 1.000
    endloop
  endfacet
  facet normal 0 0 -1
    outer loop
      vertex 14.100 16.800 1.000
      vertex 14.100 18.000 1.000
      vertex 14.700 18.000 1.000
    endloop
  endfacet
  facet normal 0 0 -1
    outer loop
      vertex 14.100 16.800 1.000
      vertex 14.700 18.000 1.000
      vertex 14.700 16.800 1.000
    endloop
  endfacet
  facet normal 0 0 1
    outer loop
      vertex 14.100 16.800 3.200
      vertex 14.700 16.800 3.200
      vertex 14.700 18.000 3.200
    endloop
  endfacet
  facet normal 0 0 1
    outer loop
      vertex 14.100 16.800 3.200
      vertex 14.700 18.000 3.200
      vertex 14.100 18.000 3.200
    endloop
  endfacet
endsolid rack:F6-15:-y
solid rack:F6-16:-y
  facet normal -1 0 0
    outer loop
      vertex 14.700 16.800 1.000
      vertex 14.700 16.800 3.200
      vertex 14.700 18.000 3.200
    endloop
  endfacet
  facet normal -1 0 0
    outer loop
      vertex 14.700 16.800 1.000
      vertex 14.700 18.000 3.200
      vertex 14.700 18.000 1.000
    endloop
  endfacet
  facet normal 1 0 0
    outer loop
      vertex 15.300 16.800 1.000
      vertex 15.300 18.000 1.000
      vertex 15.300 18.000 3.200
    endloop
  endfacet
  facet normal 1 0 0
    outer loop
      vertex 15.300 16.800 1.000
      vertex 15.300 18.000 3.200
      vertex 15.300 16.800 3.200
    endloop
  endfacet
  facet normal 0 -1 0
    outer loop
      vertex 14.700 16.800 1.000
      vertex 15.300 16.800 1.000
      vertex 15.300 16.800 3.200
    endloop
  endfacet
  facet normal 0 -1 0
    outer loop
      vertex 14.700 16.800 1.000
      vertex 15.300 16.800 3.200
      vertex 14.700 16.800 3.200
    endloop
  endfacet
  facet normal 0 1 0
    outer loop
      vertex 14.700 18.000 1.000
      vertex 14.700 18.000 3.200
      vertex 15.300 18.000 3.200
    endloop
  endfacet
  facet normal 0 1 0
    outer loop
      vertex 14.700 18.000 1.000
      vertex 15.300 18.000 3.200
      vertex 15.300 18.000 1.000
    endloop
  endfacet
  facet normal 0 0 -1
    outer loop
      vertex 14.700 16.800 1.000
      vertex 14.700 18.000 1.000
      vertex 15.300 18.000 1.000
    endloop
  endfacet
  facet normal 0 0 -1
    outer loop
      vertex 14.700 16.800 1.000
      vertex 15.300 18.000 1.000
      vertex 15.300 16.800 1.000
    endloop
  endfacet
  facet normal 0 0 1
    outer loop
      vertex 14.700 16.800 3.200
      vertex 15.300 16.800 3.200
      vertex 15.300 18.000 3.200
    endloop
  endfacet
  facet normal 0 0 1
    outer loop
      vertex 14.700 16.800 3.200
      vertex 15.300 18.000 3.200
      vertex 14.700 18.000 3.200
    endloop
  endfacet
endsolid rack:F6-16:-y
solid rack:F6-17:-y
  facet normal -1 0 0
    outer loop
      vertex 15.300 16.800 1.000
      vertex 15.300 16.800 3.200
      vertex 15.300 18.000 3.200
    endloop
  endfacet
  facet normal -1 0 0
    outer loop
      vertex 15.300 16.800 1.000
      vertex 15.300 18.000 3.200
      vertex 15.300 18.000 1.000
    endloop
  endfacet
  facet normal 1 0 0
    outer loop
      vertex 15.900 16.800 1.000
      vertex 15.900 18.000 1.000
      vertex 15.900 18.000 3.200
    endloop
  endfacet
  facet normal 1 0 0
    outer loop
      vertex 15.900 16.800 1.000
      vertex 15.900 18.000 3.200
      vertex 15.900 16.800 3.200
    endloop
  endfacet
  facet normal 0 -1 0
    outer loop
      vertex 15.300 16.800 1.000
      vertex 15.900 16.800 1.000
      vertex 15.900 16.800 3.200
    endloop
  endfacet
  facet normal 0 -1 0
    outer loop
      vertex 15.300 16.800 1.000
      vertex 15.900 16.800 3.200
      vertex 15.300 16.800 3.200
    endloop
  endfacet
  facet normal 0 1 0
    outer loop
      vertex 15.300 18.000 1.000
      vertex 15.300 18.000 3.200
      vertex 15.900 18.000 3.200
    endloop
  endfacet
  facet normal 0 1 0
    outer loop
      vertex 15.300 18.000 1.000
      vertex 15.900 18.000 3.200
      vertex 15.900 18.000 1.000
    endloop
  endfacet
  facet normal 0 0 -1
    outer loop
      vertex 15.300 16.800 1.000
      vertex 15.300 18.000 1.000
      vertex 15.900 18.000 1.000
    endloop
  endfacet
  facet normal 0 0 -1
    outer loop
      vertex 15.300 16.800 1.000
      vertex 15.900 18.000 1.000
      vertex 15.900 16.800 1.000
    endloop
  endfacet
  facet normal 0 0 1
    outer loop
      vertex 15.300 16.800 3.200
      vertex 15.900 16.800 3.200
      vertex 15.900 18.000 3.200
    endloop
  endfacet
  facet normal 0 0 1
    outer loop
      vertex 15.300 16.800 3.200
      vertex 15.900 18.000 3.200
      vertex 15.300 18.000 3.200
    endloop
  endfacet
endsolid rack:F6-17:-y
solid rack:F7-01:+y
  facet normal -1 0 0
    outer loop
      vertex 5.700 14.400 1.000
      vertex 5.700 14.400 3.200
      vertex 5.700 15.600 3.200
    endloop
  endfacet
  facet normal -1 0 0
    outer loop
      vertex 5.700 14.400 1.000
      vertex 5.700 15.600 3.200
      vertex 5.700 15.600 1.000
    endloop
  endfacet
  facet normal 1 0 0
    outer loop
      vertex 6.300 14.400 1.000
      vertex 6.300 15.600 1.000
      vertex 6.300 15.600 3.200
    endloop
  endfacet
  facet normal 1 0 0
    outer loop
      vertex 6.300 14.400 1.000
      vertex 6.300 15.600 3.200
      vertex 6.300 14.400 3.200
    endloop
  endfacet
  facet normal 0 -1 0
    outer loop
      vertex 5.700 14.400 1.000
      vertex 6.300 14.400 1.000
      vertex 6.300 14.400 3.200
    endloop
  endfacet
  facet normal 0 -1 0
    outer loop
      vertex 5.700 14.400 1.000
      vertex 6.300 14.400 3.200
      vertex 5.700 14.400 3.200
    endloop
  endfacet
  facet normal 0 1 0
    outer loop
      vertex 5.700 15.600 1.000
      vertex 5.700 15.600 3.200
      vertex 6.300 15.600 3.200
    endloop
  endfacet
  facet normal 0 1 0
    outer loop
      vertex 5.700 15.600 1.000
      vertex 6.300 15.600 3.200
      vertex 6.300 15.600 1.000
    endloop
  endfacet
  facet normal 0 0 -1
    outer loop
      vertex 5.700 14.400 1.000
      vertex 5.700 15.600 1.000
      vertex 6.300 15.600 1.000
    endloop
  endfacet
  facet normal 0 0 -1
    outer loop
      vertex 5.700 14.400 1.000
      vertex 6.300 15.600 1.000
      vertex 6.300 14.400 1.000
    endloop
  endfacet
  facet normal 0 0 1
    outer loop
      vertex 5.700 14.400 3.200
      vertex 6.300 14.400 3.200
      vertex 6.300 15.600 3.200
    endloop
  endfacet
  facet normal 0 0 1
    outer loop
      vertex 5.700 14.400 3.200
      vertex 6.300 15.600 3.200
      vertex 5.700 15.600 3.200
    endloop
  endfacet
endsolid rack:F7-01:+y
solid rack:F7-02:+y
  facet normal -1 0 0
    outer loop
      vertex 6.300 14.400 1.000
      vertex 6.300 14.400 3.200
      vertex 6.300 15.600 3.200
    endloop
  endfacet
  facet normal -1 0 0
    outer loop
      vertex 6.300 14.400 1.000
      vertex 6.300 15.600 3.200
      vertex 6.300 15.600 1.000
    endloop
  endfacet
  facet normal 1 0 0
    outer loop
      vertex 6.900 14.400 1.000
      vertex 6.900 15.600 1.000
      vertex 6.900 15.600 3.200
    endloop
  endfacet
  facet normal 1 0 0
    outer loop
      vertex 6.900 14.400 1.000
      vertex 6.900 15.600 3.200
      vertex 6.900 14.400 3.200
    endloop
  endfacet
  facet normal 0 -1 0
    outer loop
      vertex 6.300 14.400 1.000
      vertex 6.900 14.400 1.000
      vertex 6.900 14.400 3.200
    endloop
  endfacet
  facet normal 0 -1 0
    outer loop
      vertex 6.300 14.400 1.000
      vertex 6.900 14.400 3.200
      vertex 6.300 14.400 3.200
    endloop
  endfacet
  facet normal 0 1 0
    outer loop
      vertex 6.300 15.600 1.000
      vertex 6.300 15.600 3.200
      vertex 6.900 15.600 3.200
    endloop
  endfacet
  facet normal 0 1 0
    outer loop
      vertex 6.300 15.600 1.000
      vertex 6.900 15.600 3.200
      vertex 6.900 15.600 1.000
    endloop
  endfacet
  facet normal 0 0 -1
    outer loop
      vertex 6.300 14.400 1.000
      vertex 6.300 15.600 1.000
      vertex 6.900 15.600 1.000
    endloop
  endfacet
  facet normal 0 0 -1
    outer loop
      vertex 6.300 14.400 1.000
      vertex 6.900 15.600 1.000
      vertex 6.900 14.400 1.000
    endloop
  endfacet
  facet normal 0 0 1
    outer loop
      vertex 6.300 14.400 3.200
      vertex 6.900 14.400 3.200
      vertex 6.900 15.600 3.200
    endloop
  endfacet
  facet normal 0 0 1
    outer loop
      vertex 6.300 14.400 3.200
      vertex 6.900 15.600 3.200
      vertex 6.300 15.600 3.200
    endloop
  endfacet
endsolid rack:F7-02:+y
solid rack:F7-03:+y
  facet normal -1 0 0
    outer loop
      vertex 6.900 14.400 1.000
      vertex 6.900 14.400 3.200
      vertex 6.900 15.600 3.200
    endloop
  endfacet
  facet normal -1 0 0
    outer loop
      vertex 6.900 14.400 1.000
      vertex 6.900 15.600 3.200
      vertex 6.900 15.600 1.000
    endloop
  endfacet
  facet normal 1 0 0
    outer loop
      vertex 7.500 14.400 1.000
      vertex 7.500 15.600 1.000
      vertex 7.500 15.600 3.200
    endloop
  endfacet
  facet normal 1 0 0
    outer loop
      vertex 7.500 14.400 1.000
      vertex 7.500 15.600 3.200
      vertex 7.500 14.400 3.200
    endloop
  endfacet
  facet normal 0 -1 0
    outer loop
      vertex 6.900 14.400 1.000
      vertex 7.500 14.400 1.000
      vertex 7.500 14.400 3.200
    endloop
  endfacet
  facet normal 0 -1 0
    outer loop
      vertex 6.900 14.400 1.000
      vertex 7.500 14.400 3.200
      vertex 6.900 14.400 3.200
    endloop
  endfacet
  facet normal 0 1 0
    outer loop
      vertex 6.900 15.600 1.000
      vertex 6.900 15.600 3.200
      vertex 7.500 15.600 3.200
    endloop
  endfacet
  facet normal 0 1 0
    outer loop
      vertex 6.900 15.600 1.000
      vertex 7.500 15.600 3.200
      vertex 7.500 15.600 1.000
    endloop
  endfacet
  facet normal 0 0 -1
    outer loop
      vertex 6.900 14.400 1.000
      vertex 6.900 15.600 1.000
      vertex 7.500 15.600 1.000
    endloop
  endfacet
  facet normal 0 0 -1
    outer loop
      vertex 6.900 14.400 1.000
      vertex 7.500 15.600 1.000
      vertex 7.500 14.400 1.000
    endloop
  endfacet
  facet normal 0 0 1
    outer loop
      vertex 6.900 14.400 3.200
      vertex 7.500 14.400 3.200
      vertex 7.500 15.600 3.200
    endloop
  endfacet
  facet normal 0 0 1
    outer loop
      vertex 6.900 14.400 3.200
      vertex 7.500 15.600 3.200
      vertex 6.900 15.600 3.200
    endloop
  endfacet
endsolid rack:F7-03:+y
solid rack:F7-04:+y
  facet normal -1 0 0
    outer loop
      vertex 7.500 14.400 1.000
      vertex 7.500 14.400 3.200
      vertex 7.500 15.600 3.200
    endloop
  endfacet
  facet normal -1 0 0
    outer loop
      vertex 7.500 14.400 1.000
      vertex 7.500 15.600 3.200
      vertex 7.500 15.600 1.000
    endloop
  endfacet
  facet normal 1 0 0
    outer loop
      vertex 8.100 14.400 1.000
      vertex 8.100 15.600 1.000
      vertex 8.100 15.600 3.200
    endloop
  endfacet
  facet normal 1 0 0
    outer loop
      vertex 8.100 14.400 1.000
      vertex 8.100 15.600 3.200
      vertex 8.100 14.400 3.200
    endloop
  endfacet
  facet normal 0 -1 0
    outer loop
      vertex 7.500 14.400 1.000
      vertex 8.100 14.400 1.000
      vertex 8.100 14.400 3.200
    endloop
  endfacet
  facet normal 0 -1 0
    outer loop
      vertex 7.500 14.400 1.000
      vertex 8.100 14.400 3.200
      vertex 7.500 14.400 3.200
    endloop
  endfacet
  facet normal 0 1 0
    outer loop
      vertex 7.500 15.600 1.000
      vertex 7.500 15.600 3.200
      vertex 8.100 15.600 3.200
    endloop
  endfacet
  facet normal 0 1 0
    outer loop
      vertex 7.500 15.600 1.000
      vertex 8.100 15.600 3.200
      vertex 8.100 15.600 1.000
    endloop
  endfacet
  facet normal 0 0 -1
    outer loop
      vertex 7.500 14.400 1.000
      vertex 7.500 15.600 1.000
      vertex 8.100 15.600 1.000
    endloop
  endfacet
  facet normal 0 0 -1
    outer loop
      vertex 7.500 14.400 1.000
      vertex 8.100 15.600 1.000
      vertex 8.100 14.400 1.000
    endloop
  endfacet
  facet normal 0 0 1
    outer loop
      vertex 7.500 14.400 3.200
      vertex 8.100 14.400 3.200
      vertex 8.100 15.600 3.200
    endloop
  endfacet
  facet normal 0 0 1
    outer loop
      vertex 7.500 14.400 3.200
      vertex 8.100 15.600 3.200
      vertex 7.500 15.600 3.200
    endloop
  endfacet
endsolid rack:F7-04:+y
solid rack:F7-05:+y
  facet normal -1 0 0
    outer loop
      vertex 8.100 14.400 1.000
      vertex 8.100 14.400 3.200
      vertex 8.100 15.600 3.200
    endloop
  endfacet
  facet normal -1 0 0
    outer loop
      vertex 8.100 14.400 1.000
      vertex 8.100 15.600 3.200
      vertex 8.100 15.600 1.000
    endloop
  endfacet
  facet normal 1 0 0
    outer loop
      vertex 8.700 14.400 1.000
      vertex 8.700 15.600 1.000
      vertex 8.700 15.600 3.200
    endloop
  endfacet
  facet normal 1 0 0
    outer loop
      vertex 8.700 14.400 1.000
      vertex 8.700 15.600 3.200
      vertex 8.700 14.400 3.200
    endloop
  endfacet
  facet normal 0 -1 0
    outer loop
      vertex 8.100 14.400 1.000
      vertex 8.700 14.400 1.000
      vertex 8.700 14.400 3.200
    endloop
  endfacet
  facet normal 0 -1 0
    outer loop
      vertex 8.100 14.400 1.000
      vertex 8.700 14.400 3.200
      vertex 8.100 14.400 3.200
    endloop
  endfacet
  facet normal 0 1 0
    outer loop
      vertex 8.100 15.600 1.000
      vertex 8.100 15.600 3.200
      vertex 8.700 15.600 3.200
    endloop
  endfacet
  facet normal 0 1 0
    outer loop
      vertex 8.100 15.600 1.000
      vertex 8.700 15.600 3.200
      vertex 8.700 15.600 1.000
    endloop
  endfacet
  facet normal 0 0 -1
    outer loop
      vertex 8.100 14.400 1.000
      vertex 8.100 15.600 1.000
      vertex 8.700 15.600 1.000
    endloop
  endfacet
  facet normal 0 0 -1
    outer loop
      vertex 8.100 14.400 1.000
      vertex 8.700 15.600 1.000
      vertex 8.700 14.400 1.000
    endloop
  endfacet
  facet normal 0 0 1
    outer loop
      vertex 8.100 14.400 3.200
      vertex 8.700 14.400 3.200
      vertex 8.700 15.600 3.200
    endloop
  endfacet
  facet normal 0 0 1
    outer loop
      vertex 8.100 14.400 3.200
      vertex 8.700 15.600 3.200
      vertex 8.100 15.600 3.200
    endloop
  endfacet
endsolid rack:F7-05:+y
solid rack:F7-06:+y
  facet normal -1 0 0
    outer loop
      vertex 8.700 14.400 1.000
      vertex 8.700 14.400 3.200
      vertex 8.700 15.600 3.200
    endloop
  endfacet
  facet normal -1 0 0
    outer loop
      vertex 8.700 14.400 1.000
      vertex 8.700 15.600 3.200
      vertex 8.700 15.600 1.000
    endloop
  endfacet
  facet normal 1 0 0
    outer loop
      vertex 9.300 14.400 1.000
      vertex 9.300 15.600 1.000
      vertex 9.300 15.600 3.200
    endloop
  endfacet
  facet normal 1 0 0
    outer loop
      vertex 9.300 14.400 1.000
      vertex 9.300 15.600 3.200
      vertex 9.300 14.400 3.200
    endloop
  endfacet
  facet normal 0 -1 0
    outer loop
      vertex 8.700 14.400 1.000
      vertex 9.300 14.400 1.000
      vertex 9.300 14.400 3.200
    endloop
  endfacet
  facet normal 0 -1 0
    outer loop
      vertex 8.700 14.400 1.000
      vertex 9.300 14.400 3.200
      vertex 8.700 14.400 3.200
    endloop
  endfacet
  facet normal 0 1 0
    outer loop
      vertex 8.700 15.600 1.000
      vertex 8.700 15.600 3.200
      vertex 9.300 15.600 3.200
    endloop
  endfacet
  facet normal 0 1 0
    outer loop
      vertex 8.700 15.600 1.000
      vertex 9.300 15.600 3.200
      vertex 9.300 15.600 1.000
    endloop
  endfacet
  facet normal 0 0 -1
    outer loop
      vertex 8.700 14.400 1.000
      vertex 8.700 15.600 1.000
      vertex 9.300 15.600 1.000
    endloop
  endfacet
  facet normal 0 0 -1
    outer loop
      vertex 8.700 14.400 1.000
      vertex 9.300 15.600 1.000
      vertex 9.300 14.400 1.000
    endloop
  endfacet
  facet normal 0 0 1
    outer loop
      vertex 8.700 14.400 3.200
      vertex 9.300 14.400 3.200
      vertex 9.300 15.600 3.200
    endloop
  endfacet
  facet normal 0 0 1
    outer loop
      vertex 8.700 14.400 3.200
      vertex 9.300 15.600 3.200
      vertex 8.700 15.600 3.200
    endloop
  endfacet
endsolid rack:F7-06:+y
solid rack:F7-07:+y
  facet normal -1 0 0
    outer loop
      vertex 9.300 14.400 1.000
      vertex 9.300 14.400 3.200
      vertex 9.300 15.600 3.200
    endloop
  endfacet
  facet normal -1 0 0
    outer loop
      vertex 9.300 14.400 1.000
      vertex 9.300 15.600 3.200
      vertex 9.300 15.600 1.000
    endloop
  endfacet
  facet normal 1 0 0
    outer loop
      vertex 9.900 14.400 1.000
      vertex 9.900 15.600 1.000
      vertex 9.900 15.600 3.200
    endloop
  endfacet
  facet normal 1 0 0
    outer loop
      vertex 9.900 14.400 1.000
      vertex 9.900 15.600 3.200
      vertex 9.900 14.400 3.200
    endloop
  endfacet
  facet normal 0 -1 0
    outer loop
      vertex 9.300 14.400 1.000
      vertex 9.900 14.400 1.000
      vertex 9.900 14.400 3.200
    endloop
  endfacet
  facet normal 0 -1 0
    outer loop
      vertex 9.300 14.400 1.000
      vertex 9.900 14.400 3.200
      vertex 9.300 14.400 3.200
    endloop
  endfacet
  facet normal 0 1 0
    outer loop
      vertex 9.300 15.600 1.000
      vertex 9.300 15.600 3.200
      vertex 9.900 15.600 3.200
    endloop
  endfacet
  facet normal 0 1 0
    outer loop
      vertex 9.300 15.600 1.000
      vertex 9.900 15.600 3.200
      vertex 9.900 15.600 1.000
    endloop
  endfacet
  facet normal 0 0 -1
    outer loop
      vertex 9.300 14.400 1.000
      vertex 9.300 15.600 1.000
      vertex 9.900 15.600 1.000
    endloop
  endfacet
  facet normal 0 0 -1
    outer loop
      vertex 9.300 14.400 1.000
      vertex 9.900 15.600 1.000
      vertex 9.900 14.400 1.000
    endloop
  endfacet
  facet normal 0 0 1
    outer loop
      vertex 9.300 14.400 3.200
      vertex 9.900 14.400 3.200
      vertex 9.900 15.600 3.200
    endloop
  endfacet
  facet normal 0 0 1
    outer loop
      vertex 9.300 14.400 3.200
      vertex 9.900 15.600 3.200
      vertex 9.300 15.600 3.200
    endloop
  endfacet
endsolid rack:F7-07:+y
solid rack:F7-08:+y
  facet normal -1 0 0
    outer loop
      vertex 9.900 14.400 1.000
      vertex 9.900 14.400 3.200
      vertex 9.900 15.600 3.200
    endloop
  endfacet
  facet normal -1 0 0
    outer loop
      vertex 9.900 14.400 1.000
      vertex 9.900 15.600 3.200
      vertex 9.900 15.600 1.000
    endloop
  endfacet
  facet normal 1 0 0
    outer loop
      vertex 10.500 14.400 1.000
      vertex 10.500 15.600 1.000
      vertex 10.500 15.600 3.200
    endloop
  endfacet
  facet normal 1 0 0
    outer loop
      vertex 10.500 14.400 1.000
      vertex 10.500 15.600 3.200
      vertex 10.500 14.400 3.200
    endloop
  endfacet
  facet normal 0 -1 0
    outer loop
      vertex 9.900 14.400 1.000
      vertex 10.500 14.400 1.000
      vertex 10.500 14.400 3.200
    endloop
  endfacet
  facet normal 0 -1 0
    outer loop
      vertex 9.900 14.400 1.000
      vertex 10.500 14.400 3.200
      vertex 9.900 14.400 3.200
    endloop
  endfacet
  facet normal 0 1 0
    outer loop
      vertex 9.900 15.600 1.000
      vertex 9.900 15.600 3.200
      vertex 10.500 15.600 3.200
    endloop
  endfacet
  facet normal 0 1 0
    outer loop
      vertex 9.900 15.600 1.000
      vertex 10.500 15.600 3.200
      vertex 10.500 15.600 1.000
    endloop
  endfacet
  facet normal 0 0 -1
    outer loop
      vertex 9.900 14.400 1.000
      vertex 9.900 15.600 1.000
      vertex 10.500 15.600 1.000
    endloop
  endfacet
  facet normal 0 0 -1
    outer loop
      vertex 9.900 14.400 1.000
      vertex 10.500 15.600 1.000
      vertex 10.500 14.400 1.000
    endloop
  endfacet
  facet normal 0 0 1
    outer loop
      vertex 9.900 14.400 3.200
      vertex 10.500 14.400 3.200
      vertex 10.500 15.600 3.200
    endloop
  endfacet
  facet normal 0 0 1
    outer loop
      vertex 9.900 14.400 3.200
      vertex 10.500 15.600 3.200
      vertex 9.900 15.600 3.200
    endloop
  endfacet
endsolid rack:F7-08:+y
solid rack:F7-09:+y
  facet normal -1 0 0
    outer loop
      vertex 10.500 14.400 1.000
      vertex 10.500 14.400 3.200
      vertex 10.500 15.600 3.200
    endloop
  endfacet
  facet normal -1 0 0
    outer loop
      vertex 10.500 14.400 1.000
      vertex 10.500 15.600 3.200
      vertex 10.500 15.600 1.000
    endloop
  endfacet
  facet normal 1 0 0
    outer loop
      vertex 11.100 14.400 1.000
      vertex 11.100 15.600 1.000
      vertex 11.100 15.600 3.200
    endloop
  endfacet
  facet normal 1 0 0
    outer loop
      vertex 11.100 14.400 1.000
      vertex 11.100 15.600 3.200
      vertex 11.100 14.400 3.200
    endloop
  endfacet
  facet normal 0 -1 0
    outer loop
      vertex 10.500 14.400 1.000
      vertex 11.100 14.400 1.000
      vertex 11.100 14.400 3.200
    endloop
  endfacet
  facet normal 0 -1 0
    outer loop
      vertex 10.500 14.400 1.000
      vertex 11.100 14.400 3.200
      vertex 10.500 14.400 3.200
    endloop
  endfacet
  facet normal 0 1 0
    outer loop
      vertex 10.500 15.600 1.000
      vertex 10.500 15.600 3.200
      vertex 11.100 15.600 3.200
    endloop
  endfacet
  facet normal 0 1 0
    outer loop
      vertex 10.500 15.600 1.000
      vertex 11.100 15.600 3.200
      vertex 11.100 15.600 1.000
    endloop
  endfacet
  facet normal 0 0 -1
    outer loop
      vertex 10.500 14.400 1.000
      vertex 10.500 15.600 1.000
      vertex 11.100 15.600 1.000
    endloop
  endfacet
  facet normal 0 0 -1
    outer loop
      vertex 10.500 14.400 1.000
      vertex 11.100 15.600 1.000
      vertex 11.100 14.400 1.000
    endloop
  endfacet
  facet normal 0 0 1
    outer loop
      vertex 10.500 14.400 3.200
      vertex 11.100 14.400 3.200
      vertex 11.100 15.600 3.200
    endloop
  endfacet
  facet normal 0 0 1
    outer loop
      vertex 10.500 14.400 3.200
      vertex 11.100 15.600 3.200
      vertex 10.500 15.600 3.200
    endloop
  endfacet
endsolid rack:F7-09:+y
solid rack:F7-10:+y
  facet normal -1 0 0
    outer loop
      vertex 11.100 14.400 1.000
      vertex 11.100 14.400 3.200
      vertex 11.100 15.600 3.200
    endloop
  endfacet
  facet normal -1 0 0
    outer loop
      vertex 11.100 14.400 1.000
      vertex 11.100 15.600 3.200
      vertex 11.100 15.600 1.000
    endloop
  endfacet
  facet normal 1 0 0
    outer loop
      vertex 11.700 14.400 1.000
      vertex 11.700 15.600 1.000
      vertex 11.700 15.600 3.200
    endloop
  endfacet
  facet normal 1 0 0
    outer loop
      vertex 11.700 14.400 1.000
      vertex 11.700 15.600 3.200
      vertex 11.700 14.400 3.200
    endloop
  endfacet
  facet normal 0 -1 0
    outer loop
      vertex 11.100 14.400 1.000
      vertex 11.700 14.400 1.000
      vertex 11.700 14.400 3.200
    endloop
  endfacet
  facet normal 0 -1 0
    outer loop
      vertex 11.100 14.400 1.000
      vertex 11.700 14.400 3.200
      vertex 11.100 14.400 3.200
    endloop
  endfacet
  facet normal 0 1 0
    outer loop
      vertex 11.100 15.600 1.000
      vertex 11.100 15.600 3.200
      vertex 11.700 15.600 3.200
    endloop
  endfacet
  facet normal 0 1 0
    outer loop
      vertex 11.100 15.600 1.000
      vertex 11.700 15.600 3.200
      vertex 11.700 15.600 1.000
    endloop
  endfacet
  facet normal 0 0 -1
    outer loop
      vertex 11.100 14.400 1.000
      vertex 11.100 15.600 1.000
      vertex 11.700 15.600 1.000
    endloop
  endfacet
  facet normal 0 0 -1
    outer loop
      vertex 11.100 14.400 1.000
      vertex 11.700 15.600 1.000
      vertex 11.700 14.400 1.000
    endloop
  endfacet
  facet normal 0 0 1
    outer loop
      vertex 11.100 14.400 3.200
      vertex 11.700 14.400 3.200
      vertex 11.700 15.600 3.200
    endloop
  endfacet
  facet normal 0 0 1
    outer loop
      vertex 11.100 14.400 3.200
      vertex 11.700 15.600 3.200
      vertex 11.100 15.600 3.200
    endloop
  endfacet
endsolid rack:F7-10:+y
solid rack:F7-11:+y
  facet normal -1 0 0
    outer loop
      vertex 11.700 14.400 1.000
      vertex 11.700 14.400 3.200
      vertex 11.700 15.600 3.200
    endloop
  endfacet
  facet normal -1 0 0
    outer loop
      vertex 11.700 14.400 1.000
      vertex 11.700 15.600 3.200
      vertex 11.700 15.600 1.000
    endloop
  endfacet
  facet normal 1 0 0
    outer loop
      vertex 12.300 14.400 1.000
      vertex 12.300 15.600 1.000
      vertex 12.300 15.600 3.200
    endloop
  endfacet
  facet normal 1 0 0
    outer loop
      vertex 12.300 14.400 1.000
      vertex 12.300 15.600 3.200
      vertex 12.300 14.400 3.200
    endloop
  endfacet
  facet normal 0 -1 0
    outer loop
      vertex 11.700 14.400 1.000
      vertex 12.300 14.400 1.000
      vertex 12.300 14.400 3.200
    endloop
  endfacet
  facet normal 0 -1 0
    outer loop
      vertex 11.700 14.400 1.000
      vertex 12.300 14.400 3.200
      vertex 11.700 14.400 3.200
    endloop
  endfacet
  facet normal 0 1 0
    outer loop
      vertex 11.700 15.600 1.000
      vertex 11.700 15.600 3.200
      vertex 12.300 15.600 3.200
    endloop
  endfacet
  facet normal 0 1 0
    outer loop
      vertex 11.700 15.600 1.000
      vertex 12.300 15.600 3.200
      vertex 12.300 15.600 1.000
    endloop
  endfacet
  facet normal 0 0 -1
    outer loop
      vertex 11.700 14.400 1.000
      vertex 11.700 15.600 1.000
      vertex 12.300 15.600 1.000
    endloop
  endfacet
  facet normal 0 0 -1
    outer loop
      vertex 11.700 14.400 1.000
      vertex 12.300 15.600 1.000
      vertex 12.300 14.400 1.000
    endloop
  endfacet
  facet normal 0 0 1
    outer loop
      vertex 11.700 14.400 3.200
      vertex 12.300 14.400 3.200
      vertex 12.300 15.600 3.200
    endloop
  endfacet
  facet normal 0 0 1
    outer loop
      vertex 11.700 14.400 3.200
      vertex 12.300 15.600 3.200
      vertex 11.700 15.600 3.200
    endloop
  endfacet
endsolid rack:F7-11:+y
solid rack:F7-12:+y
  facet normal -1 0 0
    outer loop
      vertex 12.300 14.400 1.000
      vertex 12.300 14.400 3.200
      vertex 12.300 15.600 3.200
    endloop
  endfacet
  facet normal -1 0 0
    outer loop
      vertex 12.300 14.400 1.000
      vertex 12.300 15.600 3.200
      vertex 12.300 15.600 1.000
    endloop
  endfacet
  facet normal 1 0 0
    outer loop
      vertex 12.900 14.400 1.000
      vertex 12.900 15.600 1.000
      vertex 12.900 15.600 3.200
    endloop
  endfacet
  facet normal 1 0 0
    outer loop
      vertex 12.900 14.400 1.000
      vertex 12.900 15.600 3.200
      vertex 12.900 14.400 3.200
    endloop
  endfacet
  facet normal 0 -1 0
    outer loop
      vertex 12.300 14.400 1.000
      vertex 12.900 14.400 1.000
      vertex 12.900 14.400 3.200
    endloop
  endfacet
  facet normal 0 -1 0
    outer loop
      vertex 12.300 14.400 1.000
      vertex 12.900 14.400 3.200
      vertex 12.300 14.400 3.200
    endloop
  endfacet
  facet normal 0 1 0
    outer loop
      vertex 12.300 15.600 1.000
      vertex 12.300 15.600 3.200
      vertex 12.900 15.600 3.200
    endloop
  endfacet
  facet normal 0 1 0
    outer loop
      vertex 12.300 15.600 1.000
      vertex 12.900 15.600 3.200
      vertex 12.900 15.600 1.000
    endloop
  endfacet
  facet normal 0 0 -1
    outer loop
      vertex 12.300 14.400 1.000
      vertex 12.300 15.600 1.000
      vertex 12.900 15.600 1.000
    endloop
  endfacet
  facet normal 0 0 -1
    outer loop
      vertex 12.300 14.400 1.000
      vertex 12.900 15.600 1.000
      vertex 12.900 14.400 1.000
    endloop
  endfacet
  facet normal 0 0 1
    outer loop
      vertex 12.300 14.400 3.200
      vertex 12.900 14.400 3.200
      vertex 12.900 15.600 3.200
    endloop
  endfacet
  facet normal 0 0 1
    outer loop
      vertex 12.300 14.400 3.200
      vertex 12.900 15.600 3.200
      vertex 12.300 15.600 3.200
    endloop
  endfacet
endsolid rack:F7-12:+y
solid rack:F7-13:+y
  facet normal -1 0 0
    outer loop
      vertex 12.900 14.400 1.000
      vertex 12.900 14.400 3.200
      vertex 12.900 15.600 3.200
    endloop
  endfacet
  facet normal -1 0 0
    outer loop
      vertex 12.900 14.400 1.000
      vertex 12.900 15.600 3.200
      vertex 12.900 15.600 1.000
    endloop
  endfacet
  facet normal 1 0 0
    outer loop
      vertex 13.500 14.400 1.000
      vertex 13.500 15.600 1.000
      vertex 13.500 15.600 3.200
    endloop
  endfacet
  facet normal 1 0 0
    outer loop
      vertex 13.500 14.400 1.000
      vertex 13.500 15.600 3.200
      vertex 13.500 14.400 3.200
    endloop
  endfacet
  facet normal 0 -1 0
    outer loop
      vertex 12.900 14.400 1.000
      vertex 13.500 14.400 1.000
      vertex 13.500 14.400 3.200
    endloop
  endfacet
  facet normal 0 -1 0
    outer loop
      vertex 12.900 14.400 1.000
      vertex 13.500 14.400 3.200
      vertex 12.900 14.400 3.200
    endloop
  endfacet
  facet normal 0 1 0
    outer loop
      vertex 12.900 15.600 1.000
      vertex 12.900 15.600 3.200
      vertex 13.500 15.600 3.200
    endloop
  endfacet
  facet normal 0 1 0
    outer loop
      vertex 12.900 15.600 1.000
      vertex 13.500 15.600 3.200
      vertex 13.500 15.600 1.000
    endloop
  endfacet
  facet normal 0 0 -1
    outer loop
      vertex 12.900 14.400 1.000
      vertex 12.900 15.600 1.000
      vertex 13.500 15.600 1.000
    endloop
  endfacet
  facet normal 0 0 -1
    outer loop
      vertex 12.900 14.400 1.000
      vertex 13.500 15.600 1.000
      vertex 13.500 14.400 1.000
    endloop
  endfacet
  facet normal 0 0 1
    outer loop
      vertex 12.900 14.400 3.200
      vertex 13.500 14.400 3.200
      vertex 13.500 15.600 3.200
    endloop
  endfacet
  facet normal 0 0 1
    outer loop
      vertex 12.900 14.400 3.200
      vertex 13.500 15.600 3.200
      vertex 12.900 15.600 3.200
    endloop
  endfacet
endsolid rack:F7-13:+y
solid rack:F7-14:+y
  facet normal -1 0 0
    outer loop
      vertex 13.500 14.400 1.000
      vertex 13.500 14.400 3.200
      vertex 13.500 15.600 3.200
    endloop
  endfacet
  facet normal -1 0 0
    outer loop
      vertex 13.500 14.400 1.000
      vertex 13.500 15.600 3.200
      vertex 13.500 15.600 1.000
    endloop
  endfacet
  facet normal 1 0 0
    outer loop
      vertex 14.100 14.400 1.000
      vertex 14.100 15.600 1.000
      vertex 14.100 15.600 3.200
    endloop
  endfacet
  facet normal 1 0 0
    outer loop
      vertex 14.100 14.400 1.000
      vertex 14.100 15.600 3.200
      vertex 14.100 14.400 3.200
    endloop
  endfacet
  facet normal 0 -1 0
    outer loop
      vertex 13.500 14.400 1.000
      vertex 14.100 14.400 1.000
      vertex 14.100 14.400 3.200
    endloop
  endfacet
  facet normal 0 -1 0
    outer loop
      vertex 13.500 14.400 1.000
      vertex 14.100 14.400 3.200
      vertex 13.500 14.400 3.200
    endloop
  endfacet
  facet normal 0 1 0
    outer loop
      vertex 13.500 15.600 1.000
      vertex 13.500 15.600 3.200
      vertex 14.100 15.600 3.200
    endloop
  endfacet
  facet normal 0 1 0
    outer loop
      vertex 13.500 15.600 1.000
      vertex 14.100 15.600 3.200
      vertex 14.100 15.600 1.000
    endloop
  endfacet
  facet normal 0 0 -1
    outer loop
      vertex 13.500 14.400 1.000
      vertex 13.500 15.600 1.000
      vertex 14.100 15.600 1.000
    endloop
  endfacet
  facet normal 0 0 -1
    outer loop
      vertex 13.500 14.400 1.000
      vertex 14.100 15.600 1.000
      vertex 14.100 14.400 1.000
    endloop
  endfacet
  facet normal 0 0 1
    outer loop
      vertex 13.500 14.400 3.200
      vertex 14.100 14.400 3.200
      vertex 14.100 15.600 3.200
    endloop
  endfacet
  facet normal 0 0 1
    outer loop
      vertex 13.500 14.400 3.200
      vertex 14.100 15.600 3.200
      vertex 13.500 15.600 3.200
    endloop
  endfacet
endsolid rack:F7-14:+y
solid rack:F7-15:+y
  facet normal -1 0 0
    outer loop
      vertex 14.100 14.400 1.000
      vertex 14.100 14.400 3.200
      vertex 14.100 15.600 3.200
    endloop
  endfacet
  facet normal -1 0 0
    outer loop
      vertex 14.100 14.400 1.000
      vertex 14.100 15.600 3.200
      vertex 14.100 15.600 1.000
    endloop
  endfacet
  facet normal 1 0 0
    outer loop
      vertex 14.700 14.400 1.000
      vertex 14.700 15.600 1.000
      vertex 14.700 15.600 3.200
    endloop
  endfacet
  facet normal 1 0 0
    outer loop
      vertex 14.700 14.400 1.000
      vertex 14.700 15.600 3.200
      vertex 14.700 14.400 3.200
    endloop
  endfacet
  facet normal 0 -1 0
    outer loop
      vertex 14.100 14.400 1.000
      vertex 14.700 14.400 1.000
      vertex 14.700 14.400 3.200
    endloop
  endfacet
  facet normal 0 -1 0
    outer loop
      vertex 14.100 14.400 1.000
      vertex 14.700 14.400 3.200
      vertex 14.100 14.400 3.200
    endloop
  endfacet
  facet normal 0 1 0
    outer loop
      vertex 14.100 15.600 1.000
      vertex 14.100 15.600 3.200
      vertex 14.700 15.600 3.200
    endloop
  endfacet
  facet normal 0 1 0
    outer loop
      vertex 14.100 15.600 1.000
      vertex 14.700 15.600 3.200
      vertex 14.700 15.600 1.000
    endloop
  endfacet
  facet normal 0 0 -1
    outer loop
      vertex 14.100 14.400 1.000
      vertex 14.100 15.600 1.000
      vertex 14.700 15.600 1.000
    endloop
  endfacet
  facet normal 0 0 -1
    outer loop
      vertex 14.100 14.400 1.000
      vertex 14.700 15.600 1.000
      vertex 14.700 14.400 1.000
    endloop
  endfacet
  facet normal 0 0 1
    outer loop
      vertex 14.100 14.400 3.200
      vertex 14.700 14.400 3.200
      vertex 14.700 15.600 3.200
    endloop
  endfacet
  facet normal 0 0 1
    outer loop
      vertex 14.100 14.400 3.200
      vertex 14.700 15.600 3.200
      vertex 14.100 15.600 3.200
    endloop
  endfacet
endsolid rack:F7-15:+y
solid rack:F7-16:+y
  facet normal -1 0 0
    outer loop
      vertex 14.700 14.400 1.000
      vertex 14.700 14.400 3.200
      vertex 14.700 15.600 3.200
    endloop
  endfacet
  facet normal -1 0 0
    outer loop
      vertex 14.700 14.400 1.000
      vertex 14.700 15.600 3.200
      vertex 14.700 15.600 1.000
    endloop
  endfacet
  facet normal 1 0 0
    outer loop
      vertex 15.300 14.400 1.000
      vertex 15.300 15.600 1.000
      vertex 15.300 15.600 3.200
    endloop
  endfacet
  facet normal 1 0 0
    outer loop
      vertex 15.300 14.400 1.000
      vertex 15.300 15.600 3.200
      vertex 15.300 14.400 3.200
    endloop
  endfacet
  facet normal 0 -1 0
    outer loop
      vertex 14.700 14.400 1.000
      vertex 15.300 14.400 1.000
      vertex 15.300 14.400 3.200
    endloop
  endfacet
  facet normal 0 -1 0
    outer loop
      vertex 14.700 14.400 1.000
      vertex 15.300 14.400 3.200
      vertex 14.700 14.400 3.200
    endloop
  endfacet
  facet normal 0 1 0
    outer loop
      vertex 14.700 15.600 1.000
      vertex 14.700 15.600 3.200
      vertex 15.300 15.600 3.200
    endloop
  endfacet
  facet normal 0 1 0
    outer loop
      vertex 14.700 15.600 1.000
      vertex 15.300 15.600 3.200
      vertex 15.300 15.600 1.000
    endloop
  endfacet
  facet normal 0 0 -1
    outer loop
      vertex 14.700 14.400 1.000
      vertex 14.700 15.600 1.000
      vertex 15.300 15.600 1.000
    endloop
  endfacet
  facet normal 0 0 -1
    outer loop
      vertex 14.700 14.400 1.000
      vertex 15.300 15.600 1.000
      vertex 15.300 14.400 1.000
    endloop
  endfacet
  facet normal 0 0 1
    outer loop
      vertex 14.700 14.400 3.200
      vertex 15.300 14.400 3.200
      vertex 15.300 15.600 3.200
    endloop
  endfacet
  facet normal 0 0 1
    outer loop
      vertex 14.700 14.400 3.200
      vertex 15.300 15.600 3.200
      vertex 14.700 15.600 3.200
    endloop
  endfacet
endsolid rack:F7-16:+y
solid rack:F7-17:+y
  facet normal -1 0 0
    outer loop
      vertex 15.300 14.400 1.000
      vertex 15.300 14.400 3.200
      vertex 15.300 15.600 3.200
    endloop
  endfacet
  facet normal -1 0 0
    outer loop
      vertex 15.300 14.400 1.000
      vertex 15.300 15.600 3.200
      vertex 15.300 15.600 1.000
    endloop
  endfacet
  facet normal 1 0 0
    outer loop
      vertex 15.900 14.400 1.000
      vertex 15.900 15.600 1.000
      vertex 15.900 15.600 3.200
    endloop
  endfacet
  facet normal 1 0 0
    outer loop
      vertex 15.900 14.400 1.000
      vertex 15.900 15.600 3.200
      vertex 15.900 14.400 3.200
    endloop
  endfacet
  facet normal 0 -1 0
    outer loop
      vertex 15.300 14.400 1.000
      vertex 15.900 14.400 1.000
      vertex 15.900 14.400 3.200
    endloop
  endfacet
  facet normal 0 -1 0
    outer loop
      vertex 15.300 14.400 1.000
      vertex 15.900 14.400 3.200
      vertex 15.300 14.400 3.200
    endloop
  endfacet
  facet normal 0 1 0
    outer loop
      vertex 15.300 15.600 1.000
      vertex 15.300 15.600 3.200
      vertex 15.900 15.600 3.200
    endloop
  endfacet
  facet normal 0 1 0
    outer loop
      vertex 15.300 15.600 1.000
      vertex 15.900 15.600 3.200
      vertex 15.900 15.600 1.000
    endloop
  endfacet
  facet normal 0 0 -1
    outer loop
      vertex 15.300 14.400 1.000
      vertex 15.300 15.600 1.000
      vertex 15.900 15.600 1.000
    endloop
  endfacet
  facet normal 0 0 -1
    outer loop
      vertex 15.300 14.400 1.000
      vertex 15.900 15.600 1.000
      vertex 15.900 14.400 1.000
    endloop
  endfacet
  facet normal 0 0 1
    outer loop
      vertex 15.300 14.400 3.200
      vertex 15.900 14.400 3.200
      vertex 15.900 15.600 3.200
    endloop
  endfacet
  facet normal 0 0 1
    outer loop
      vertex 15.300 14.400 3.200
      vertex 15.900 15.600 3.200
      vertex 15.300 15.600 3.200
    endloop
  endfacet
endsolid rack:F7-17:+y
solid rack:D01:-y
  facet normal -1 0 0
    outer loop
      vertex 5.700 9.600 1.000
      vertex 5.700 9.600 3.200
      vertex 5.700 10.800 3.200
    endloop
  endfacet
  facet normal -1 0 0
    outer loop
      vertex 5.700 9.600 1.000
      vertex 5.700 10.800 3.200
      vertex 5.700 10.800 1.000
    endloop
  endfacet
  facet normal 1 0 0
    outer loop
      vertex 6.600 9.600 1.000
      vertex 6.600 10.800 1.000
      vertex 6.600 10.800 3.200
    endloop
  endfacet
  facet normal 1 0 0
    outer loop
      vertex 6.600 9.600 1.000
      vertex 6.600 10.800 3.200
      vertex 6.600 9.600 3.200
    endloop
  endfacet
  facet normal 0 -1 0
    outer loop
      vertex 5.700 9.600 1.000
      vertex 6.600 9.600 1.000
      vertex 6.600 9.600 3.200
    endloop
  endfacet
  facet normal 0 -1 0
    outer loop
      vertex 5.700 9.600 1.000
      vertex 6.600 9.600 3.200
      vertex 5.700 9.600 3.200
    endloop
  endfacet
  facet normal 0 1 0
    outer loop
      vertex 5.700 10.800 1.000
      vertex 5.700 10.800 3.200
      vertex 6.600 10.800 3.200
    endloop
  endfacet
  facet normal 0 1 0
    outer loop
      vertex 5.700 10.800 1.000
      vertex 6.600 10.800 3.200
      vertex 6.600 10.800 1.000
    endloop
  endfacet
  facet normal 0 0 -1
    outer loop
      vertex 5.700 9.600 1.000
      vertex 5.700 10.800 1.000
      vertex 6.600 10.800 1.000
    endloop
  endfacet
  facet normal 0 0 -1
    outer loop
      vertex 5.700 9.600 1.000
      vertex 6.600 10.800 1.000
      vertex 6.600 9.600 1.000
    endloop
  endfacet
  facet normal 0 0 1
    outer loop
      vertex 5.700 9.600 3.200
      vertex 6.600 9.600 3.200
      vertex 6.600 10.800 3.200
    endloop
  endfacet
  facet normal 0 0 1
    outer loop
      vertex 5.700 9.600 3.200
      vertex 6.600 10.800 3.200
      vertex 5.700 10.800 3.200
    endloop
  endfacet
endsolid rack:D01:-y
solid rack:D02:-y
  facet normal -1 0 0
    outer loop
      vertex 6.600 9.600 1.000
      vertex 6.600 9.600 3.200
      vertex 6.600 10.800 3.200
    endloop
  endfacet
  facet normal -1 0 0
    outer loop
      vertex 6.600 9.600 1.000
      vertex 6.600 10.800 3.200
      vertex 6.600 10.800 1.000
    endloop
  endfacet
  facet normal 1 0 0
    outer loop
      vertex 7.500 9.600 1.000
      vertex 7.500 10.800 1.000
      vertex 7.500 10.800 3.200
    endloop
  endfacet
  facet normal 1 0 0
    outer loop
      vertex 7.500 9.600 1.000
      vertex 7.500 10.800 3.200
      vertex 7.500 9.600 3.200
    endloop
  endfacet
  facet normal 0 -1 0
    outer loop
      vertex 6.600 9.600 1.000
      vertex 7.500 9.600 1.000
      vertex 7.500 9.600 3.200
    endloop
  endfacet
  facet normal 0 -1 0
    outer loop
      vertex 6.600 9.600 1.000
      vertex 7.500 9.600 3.200
      vertex 6.600 9.600 3.200
    endloop
  endfacet
  facet normal 0 1 0
    outer loop
      vertex 6.600 10.800 1.000
      vertex 6.600 10.800 3.200
      vertex 7.500 10.800 3.200
    endloop
  endfacet
  facet normal 0 1 0
    outer loop
      vertex 6.600 10.800 1.000
      vertex 7.500 10.800 3.200
      vertex 7.500 10.800 1.000
    endloop
  endfacet
  facet normal 0 0 -1
    outer loop
      vertex 6.600 9.600 1.000
      vertex 6.600 10.800 1.000
      vertex 7.500 10.800 1.000
    endloop
  endfacet
  facet normal 0 0 -1
    outer loop
      vertex 6.600 9.600 1.000
      vertex 7.500 10.800 1.000
      vertex 7.500 9.600 1.000
    endloop
  endfacet
  facet normal 0 0 1
    outer loop
      vertex 6.600 9.600 3.200
      vertex 7.500 9.600 3.200
      vertex 7.500 10.800 3.200
    endloop
  endfacet
  facet normal 0 0 1
    outer loop
      vertex 6.600 9.600 3.200
      vertex 7.500 10.800 3.200
      vertex 6.600 10.800 3.200
    endloop
  endfacet
endsolid rack:D02:-y
solid rack:D03:-y
  facet normal -1 0 0
    outer loop
      vertex 7.500 9.600 1.000
      vertex 7.500 9.600 3.200
      vertex 7.500 10.800 3.200
    endloop
  endfacet
  facet normal -1 0 0
    outer loop
      vertex 7.500 9.600 1.000
      vertex 7.500 10.800 3.200
      vertex 7.500 10.800 1.000
    endloop
  endfacet
  facet normal 1 0 0
    outer loop
      vertex 8.400 9.600 1.000
      vertex 8.400 10.800 1.000
      vertex 8.400 10.800 3.200
    endloop
  endfacet
  facet normal 1 0 0
    outer loop
      vertex 8.400 9.600 1.000
      vertex 8.400 10.800 3.200
      vertex 8.400 9.600 3.200
    endloop
  endfacet
  facet normal 0 -1 0
    outer loop
      vertex 7.500 9.600 1.000
      vertex 8.400 9.600 1.000
      vertex 8.400 9.600 3.200
    endloop
  endfacet
  facet normal 0 -1 0
    outer loop
      vertex 7.500 9.600 1.000
      vertex 8.400 9.600 3.200
      vertex 7.500 9.600 3.200
    endloop
  endfacet
  facet normal 0 1 0
    outer loop
      vertex 7.500 10.800 1.000
      vertex 7.500 10.800 3.200
      vertex 8.400 10.800 3.200
    endloop
  endfacet
  facet normal 0 1 0
    outer loop
      vertex 7.500 10.800 1.000
      vertex 8.400 10.800 3.200
      vertex 8.400 10.800 1.000
    endloop
  endfacet
  facet normal 0 0 -1
    outer loop
      vertex 7.500 9.600 1.000
      vertex 7.500 10.800 1.000
      vertex 8.400 10.800 1.000
    endloop
  endfacet
  facet normal 0 0 -1
    outer loop
      vertex 7.500 9.600 1.000
      vertex 8.400 10.800 1.000
      vertex 8.400 9.600 1.000
    endloop
  endfacet
  facet normal 0 0 1
    outer loop
      vertex 7.500 9.600 3.200
      vertex 8.400 9.600 3.200
      vertex 8.400 10.800 3.200
    endloop
  endfacet
  facet normal 0 0 1
    outer loop
      vertex 7.500 9.600 3.200
      vertex 8.400 10.800 3.200
      vertex 7.500 10.800 3.200
    endloop
  endfacet
endsolid rack:D03:-y
solid rack:D04:-y
  facet normal -1 0 0
    outer loop
      vertex 8.400 9.600 1.000
      vertex 8.400 9.600 3.200
      vertex 8.400 10.800 3.200
    endloop
  endfacet
  facet normal -1 0 0
    outer loop
      vertex 8.400 9.600 1.000
      vertex 8.400 10.800 3.200
      vertex 8.400 10.800 1.000
    endloop
  endfacet
  facet normal 1 0 0
    outer loop
      vertex 9.300 9.600 1.000
      vertex 9.300 10.800 1.000
      vertex 9.300 10.800 3.200
    endloop
  endfacet
  facet normal 1 0 0
    outer loop
      vertex 9.300 9.600 1.000
      vertex 9.300 10.800 3.200
      vertex 9.300 9.600 3.200
    endloop
  endfacet
  facet normal 0 -1 0
    outer loop
      vertex 8.400 9.600 1.000
      vertex 9.300 9.600 1.000
      vertex 9.300 9.600 3.200
    endloop
  endfacet
  facet normal 0 -1 0
    outer loop
      vertex 8.400 9.600 1.000
      vertex 9.300 9.600 3.200
      vertex 8.400 9.600 3.200
    endloop
  endfacet
  facet normal 0 1 0
    outer loop
      vertex 8.400 10.800 1.000
      vertex 8.400 10.800 3.200
      vertex 9.300 10.800 3.200
    endloop
  endfacet
  facet normal 0 1 0
    outer loop
      vertex 8.400 10.800 1.000
      vertex 9.300 10.800 3.200
      vertex 9.300 10.800 1.000
    endloop
  endfacet
  facet normal 0 0 -1
    outer loop
      vertex 8.400 9.600 1.000
      vertex 8.400 10.800 1.000
      vertex 9.300 10.800 1.000
    endloop
  endfacet
  facet normal 0 0 -1
    outer loop
      vertex 8.400 9.600 1.000
      vertex 9.300 10.800 1.000
      vertex 9.300 9.600 1.000
    endloop
  endfacet
  facet normal 0 0 1
    outer loop
      vertex 8.400 9.600 3.200
      vertex 9.300 9.600 3.200
      vertex 9.300 10.800 3.200
    endloop
  endfacet
  facet normal 0 0 1
    outer loop
      vertex 8.400 9.600 3.200
      vertex 9.300 10.800 3.200
      vertex 8.400 10.800 3.200
    endloop
  endfacet
endsolid rack:D04:-y
solid rack:D05:-y
  facet normal -1 0 0
    outer loop
      vertex 9.300 9.600 1.000
      vertex 9.300 9.600 3.200
      vertex 9.300 10.800 3.200
    endloop
  endfacet
  facet normal -1 0 0
    outer loop
      vertex 9.300 9.600 1.000
      vertex 9.300 10.800 3.200
      vertex 9.300 10.800 1.000
    endloop
  endfacet
  facet normal 1 0 0
    outer loop
      vertex 10.200 9.600 1.000
      vertex 10.200 10.800 1.000
      vertex 10.200 10.800 3.200
    endloop
  endfacet
  facet normal 1 0 0
    outer loop
      vertex 10.200 9.600 1.000
      vertex 10.200 10.800 3.200
      vertex 10.200 9.600 3.200
    endloop
  endfacet
  facet normal 0 -1 0
    outer loop
      vertex 9.300 9.600 1.000
      vertex 10.200 9.600 1.000
      vertex 10.200 9.600 3.200
    endloop
  endfacet
  facet normal 0 -1 0
    outer loop
      vertex 9.300 9.600 1.000
      vertex 10.200 9.600 3.200
      vertex 9.300 9.600 3.200
    endloop
  endfacet
  facet normal 0 1 0
    outer loop
      vertex 9.300 10.800 1.000
      vertex 9.300 10.800 3.200
      vertex 10.200 10.800 3.200
    endloop
  endfacet
  facet normal 0 1 0
    outer loop
      vertex 9.300 10.800 1.000
      vertex 10.200 10.800 3.200
      vertex 10.200 10.800 1.000
    endloop
  endfacet
  facet normal 0 0 -1
    outer loop
      vertex 9.300 9.600 1.000
      vertex 9.300 10.800 1.000
      vertex 10.200 10.800 1.000
    endloop
  endfacet
  facet normal 0 0 -1
    outer loop
      vertex 9.300 9.600 1.000
      vertex 10.200 10.800 1.000
      vertex 10.200 9.600 1.000
    endloop
  endfacet
  facet normal 0 0 1
    outer loop
      vertex 9.300 9.600 3.200
      vertex 10.200 9.600 3.200
      vertex 10.200 10.800 3.200
    endloop
  endfacet
  facet normal 0 0 1
    outer loop
      vertex 9.300 9.600 3.200
      vertex 10.200 10.800 3.200
      vertex 9.300 10.800 3.200
    endloop
  endfacet
endsolid rack:D05:-y
solid rack:D06:-y
  facet normal -1 0 0
    outer loop
      vertex 10.200 9.600 1.000
      vertex 10.200 9.600 3.200
      vertex 10.200 10.800 3.200
    endloop
  endfacet
  facet normal -1 0 0
    outer loop
      vertex 10.200 9.600 1.000
      vertex 10.200 10.800 3.200
      vertex 10.200 10.800 1.000
    endloop
  endfacet
  facet normal 1 0 0
    outer loop
      vertex 11.100 9.600 1.000
      vertex 11.100 10.800 1.000
      vertex 11.100 10.800 3.200
    endloop
  endfacet
  facet normal 1 0 0
    outer loop
      vertex 11.100 9.600 1.000
      vertex 11.100 10.800 3.200
      vertex 11.100 9.600 3.200
    endloop
  endfacet
  facet normal 0 -1 0
    outer loop
      vertex 10.200 9.600 1.000
      vertex 11.100 9.600 1.000
      vertex 11.100 9.600 3.200
    endloop
  endfacet
  facet normal 0 -1 0
    outer loop
      vertex 10.200 9.600 1.000
      vertex 11.100 9.600 3.200
      vertex 10.200 9.600 3.200
    endloop
  endfacet
  facet normal 0 1 0
    outer loop
      vertex 10.200 10.800 1.000
      vertex 10.200 10.800 3.200
      vertex 11.100 10.800 3.200
    endloop
  endfacet
  facet normal 0 1 0
    outer loop
      vertex 10.200 10.800 1.000
      vertex 11.100 10.800 3.200
      vertex 11.100 10.800 1.000
    endloop
  endfacet
  facet normal 0 0 -1
    outer loop
      vertex 10.200 9.600 1.000
      vertex 10.200 10.800 1.000
      vertex 11.100 10.800 1.000
    endloop
  endfacet
  facet normal 0 0 -1
    outer loop
      vertex 10.200 9.600 1.000
      vertex 11.100 10.800 1.000
      vertex 11.100 9.600 1.000
    endloop
  endfacet
  facet normal 0 0 1
    outer loop
      vertex 10.200 9.600 3.200
      vertex 11.100 9.600 3.200
      vertex 11.100 10.800 3.200
    endloop
  endfacet
  facet normal 0 0 1
    outer loop
      vertex 10.200 9.600 3.200
      vertex 11.100 10.800 3.200
      vertex 10.200 10.800 3.200
    endloop
  endfacet
endsolid rack:D06:-y
solid rack:D07:-y
  facet normal -1 0 0
    outer loop
      vertex 11.100 9.600 1.000
      vertex 11.100 9.600 3.200
      vertex 11.100 10.800 3.200
    endloop
  endfacet
  facet normal -1 0 0
    outer loop
      vertex 11.100 9.600 1.000
      vertex 11.100 10.800 3.200
      vertex 11.100 10.800 1.000
    endloop
  endfacet
  facet normal 1 0 0
    outer loop
      vertex 12.000 9.600 1.000
      vertex 12.000 10.800 1.000
      vertex 12.000 10.800 3.200
    endloop
  endfacet
  facet normal 1 0 0
    outer loop
      vertex 12.000 9.600 1.000
      vertex 12.000 10.800 3.200
      vertex 12.000 9.600 3.200
    endloop
  endfacet
  facet normal 0 -1 0
    outer loop
      vertex 11.100 9.600 1.000
      vertex 12.000 9.600 1.000
      vertex 12.000 9.600 3.200
    endloop
  endfacet
  facet normal 0 -1 0
    outer loop
      vertex 11.100 9.600 1.000
      vertex 12.000 9.600 3.200
      vertex 11.100 9.600 3.200
    endloop
  endfacet
  facet normal 0 1 0
    outer loop
      vertex 11.100 10.800 1.000
      vertex 11.100 10.800 3.200
      vertex 12.000 10.800 3.200
    endloop
  endfacet
  facet normal 0 1 0
    outer loop
      vertex 11.100 10.800 1.000
      vertex 12.000 10.800 3.200
      vertex 12.000 10.800 1.000
    endloop
  endfacet
  facet normal 0 0 -1
    outer loop
      vertex 11.100 9.600 1.000
      vertex 11.100 10.800 1.000
      vertex 12.000 10.800 1.000
    endloop
  endfacet
  facet normal 0 0 -1
    outer loop
      vertex 11.100 9.600 1.000
      vertex 12.000 10.800 1.000
      vertex 12.000 9.600 1.000
    endloop
  endfacet
  facet normal 0 0 1
    outer loop
      vertex 11.100 9.600 3.200
      vertex 12.000 9.600 3.200
      vertex 12.000 10.800 3.200
    endloop
  endfacet
  facet normal 0 0 1
    outer loop
      vertex 11.100 9.600 3.200
      vertex 12.000 10.800 3.200
      vertex 11.100 10.800 3.200
    endloop
  endfacet
endsolid rack:D07:-y
solid rack:D08:-y
  facet normal -1 0 0
    outer loop
      vertex 12.000 9.600 1.000
      vertex 12.000 9.600 3.200
      vertex 12.000 10.800 3.200
    endloop
  endfacet
  facet normal -1 0 0
    outer loop
      vertex 12.000 9.600 1.000
      vertex 12.000 10.800 3.200
      vertex 12.000 10.800 1.000
    endloop
  endfacet
  facet normal 1 0 0
    outer loop
      vertex 12.900 9.600 1.000
      vertex 12.900 10.800 1.000
      vertex 12.900 10.800 3.200
    endloop
  endfacet
  facet normal 1 0 0
    outer loop
      vertex 12.900 9.600 1.000
      vertex 12.900 10.800 3.200
      vertex 12.900 9.600 3.200
    endloop
  endfacet
  facet normal 0 -1 0
    outer loop
      vertex 12.000 9.600 1.000
      vertex 12.900 9.600 1.000
      vertex 12.900 9.600 3.200
    endloop
  endfacet
  facet normal 0 -1 0
    outer loop
      vertex 12.000 9.600 1.000
      vertex 12.900 9.600 3.200
      vertex 12.000 9.600 3.200
    endloop
  endfacet
  facet normal 0 1 0
    outer loop
      vertex 12.000 10.800 1.000
      vertex 12.000 10.800 3.200
      vertex 12.900 10.800 3.200
    endloop
  endfacet
  facet normal 0 1 0
    outer loop
      vertex 12.000 10.800 1.000
      vertex 12.900 10.800 3.200
      vertex 12.900 10.800 1.000
    endloop
  endfacet
  facet normal 0 0 -1
    outer loop
      vertex 12.000 9.600 1.000
      vertex 12.000 10.800 1.000
      vertex 12.900 10.800 1.000
    endloop
  endfacet
  facet normal 0 0 -1
    outer loop
      vertex 12.000 9.600 1.000
      vertex 12.900 10.800 1.000
      vertex 12.900 9.600 1.000
    endloop
  endfacet
  facet normal 0 0 1
    outer loop
      vertex 12.000 9.600 3.200
      vertex 12.900 9.600 3.200
      vertex 12.900 10.800 3.200
    endloop
  endfacet
  facet normal 0 0 1
    outer loop
      vertex 12.000 9.600 3.200
      vertex 12.900 10.800 3.200
      vertex 12.000 10.800 3.200
    endloop
  endfacet
endsolid rack:D08:-y
solid rack:D09:-y
  facet normal -1 0 0
    outer loop
      vertex 12.900 9.600 1.000
      vertex 12.900 9.600 3.200
      vertex 12.900 10.800 3.200
    endloop
  endfacet
  facet normal -1 0 0
    outer loop
      vertex 12.900 9.600 1.000
      vertex 12.900 10.800 3.200
      vertex 12.900 10.800 1.000
    endloop
  endfacet
  facet normal 1 0 0
    outer loop
      vertex 13.800 9.600 1.000
      vertex 13.800 10.800 1.000
      vertex 13.800 10.800 3.200
    endloop
  endfacet
  facet normal 1 0 0
    outer loop
      vertex 13.800 9.600 1.000
      vertex 13.800 10.800 3.200
      vertex 13.800 9.600 3.200
    endloop
  endfacet
  facet normal 0 -1 0
    outer loop
      vertex 12.900 9.600 1.000
      vertex 13.800 9.600 1.000
      vertex 13.800 9.600 3.200
    endloop
  endfacet
  facet normal 0 -1 0
    outer loop
      vertex 12.900 9.600 1.000
      vertex 13.800 9.600 3.200
      vertex 12.900 9.600 3.200
    endloop
  endfacet
  facet normal 0 1 0
    outer loop
      vertex 12.900 10.800 1.000
      vertex 12.900 10.800 3.200
      vertex 13.800 10.800 3.200
    endloop
  endfacet
  facet normal 0 1 0
    outer loop
      vertex 12.900 10.800 1.000
      vertex 13.800 10.800 3.200
      vertex 13.800 10.800 1.000
    endloop
  endfacet
  facet normal 0 0 -1
    outer loop
      vertex 12.900 9.600 1.000
      vertex 12.900 10.800 1.000
      vertex 13.800 10.800 1.000
    endloop
  endfacet
  facet normal 0 0 -1
    outer loop
      vertex 12.900 9.600 1.000
      vertex 13.800 10.800 1.000
      vertex 13.800 9.600 1.000
    endloop
  endfacet
  facet normal 0 0 1
    outer loop
      vertex 12.900 9.600 3.200
      vertex 13.800 9.600 3.200
      vertex 13.800 10.800 3.200
    endloop
  endfacet
  facet normal 0 0 1
    outer loop
      vertex 12.900 9.600 3.200
      vertex 13.800 10.800 3.200
      vertex 12.900 10.800 3.200
    endloop
  endfacet
endsolid rack:D09:-y
solid rack:D10:-y
  facet normal -1 0 0
    outer loop
      vertex 13.800 9.600 1.000
      vertex 13.800 9.600 3.200
      vertex 13.800 10.800 3.200
    endloop
  endfacet
  facet normal -1 0 0
    outer loop
      vertex 13.800 9.600 1.000
      vertex 13.800 10.800 3.200
      vertex 13.800 10.800 1.000
    endloop
  endfacet
  facet normal 1 0 0
    outer loop
      vertex 14.700 9.600 1.000
      vertex 14.700 10.800 1.000
      vertex 14.700 10.800 3.200
    endloop
  endfacet
  facet normal 1 0 0
    outer loop
      vertex 14.700 9.600 1.000
      vertex 14.700 10.800 3.200
      vertex 14.700 9.600 3.200
    endloop
  endfacet
  facet normal 0 -1 0
    outer loop
      vertex 13.800 9.600 1.000
      vertex 14.700 9.600 1.000
      vertex 14.700 9.600 3.200
    endloop
  endfacet
  facet normal 0 -1 0
    outer loop
      vertex 13.800 9.600 1.000
      vertex 14.700 9.600 3.200
      vertex 13.800 9.600 3.200
    endloop
  endfacet
  facet normal 0 1 0
    outer loop
      vertex 13.800 10.800 1.000
      vertex 13.800 10.800 3.200
      vertex 14.700 10.800 3.200
    endloop
  endfacet
  facet normal 0 1 0
    outer loop
      vertex 13.800 10.800 1.000
      vertex 14.700 10.800 3.200
      vertex 14.700 10.800 1.000
    endloop
  endfacet
  facet normal 0 0 -1
    outer loop
      vertex 13.800 9.600 1.000
      vertex 13.800 10.800 1.000
      vertex 14.700 10.800 1.000
    endloop
  endfacet
  facet normal 0 0 -1
    outer loop
      vertex 13.800 9.600 1.000
      vertex 14.700 10.800 1.000
      vertex 14.700 9.600 1.000
    endloop
  endfacet
  facet normal 0 0 1
    outer loop
      vertex 13.800 9.600 3.200
      vertex 14.700 9.600 3.200
      vertex 14.700 10.800 3.200
    endloop
  endfacet
  facet normal 0 0 1
    outer loop
      vertex 13.800 9.600 3.200
      vertex 14.700 10.800 3.200
      vertex 13.800 10.800 3.200
    endloop
  endfacet
endsolid rack:D10:-y
solid rack:D11:-y
  facet normal -1 0 0
    outer loop
      vertex 14.700 9.600 1.000
      vertex 14.700 9.600 3.200
      vertex 14.700 10.800 3.200
    endloop
  endfacet
  facet normal -1 0 0
    outer loop
      vertex 14.700 9.600 1.000
      vertex 14.700 10.800 3.200
      vertex 14.700 10.800 1.000
    endloop
  endfacet
  facet normal 1 0 0
    outer loop
      vertex 15.600 9.600 1.000
      vertex 15.600 10.800 1.000
      vertex 15.600 10.800 3.200
    endloop
  endfacet
  facet normal 1 0 0
    outer loop
      vertex 15.600 9.600 1.000
      vertex 15.600 10.800 3.200
      vertex 15.600 9.600 3.200
    endloop
  endfacet
  facet normal 0 -1 0
    outer loop
      vertex 14.700 9.600 1.000
      vertex 15.600 9.600 1.000
      vertex 15.600 9.600 3.200
    endloop
  endfacet
  facet normal 0 -1 0
    outer loop
      vertex 14.700 9.600 1.000
      vertex 15.600 9.600 3.200
      vertex 14.700 9.600 3.200
    endloop
  endfacet
  facet normal 0 1 0
    outer loop
      vertex 14.700 10.800 1.000
      vertex 14.700 10.800 3.200
      vertex 15.600 10.800 3.200
    endloop
  endfacet
  facet normal 0 1 0
    outer loop
      vertex 14.700 10.800 1.000
      vertex 15.600 10.800 3.200
      vertex 15.600 10.800 1.000
    endloop
  endfacet
  facet normal 0 0 -1
    outer loop
      vertex 14.700 9.600 1.000
      vertex 14.700 10.800 1.000
      vertex 15.600 10.800 1.000
    endloop
  endfacet
  facet normal 0 0 -1
    outer loop
      vertex 14.700 9.600 1.000
      vertex 15.600 10.800 1.000
      vertex 15.600 9.600 1.000
    endloop
  endfacet
  facet normal 0 0 1
    outer loop
      vertex 14.700 9.600 3.200
      vertex 15.600 9.600 3.200
      vertex 15.600 10.800 3.200
    endloop
  endfacet
  facet normal 0 0 1
    outer loop
      vertex 14.700 9.600 3.200
      vertex 15.600 10.800 3.200
      vertex 14.700 10.800 3.200
    endloop
  endfacet
endsolid rack:D11:-y
solid rack:D12:-y
  facet normal -1 0 0
    outer loop
      vertex 15.600 9.600 1.000
      vertex 15.600 9.600 3.200
      vertex 15.600 10.800 3.200
    endloop
  endfacet
  facet normal -1 0 0
    outer loop
      vertex 15.600 9.600 1.000
      vertex 15.600 10.800 3.200
      vertex 15.600 10.800 1.000
    endloop
  endfacet
  facet normal 1 0 0
    outer loop
      vertex 16.200 9.600 1.000
      vertex 16.200 10.800 1.000
      vertex 16.200 10.800 3.200
    endloop
  endfacet
  facet normal 1 0 0
    outer loop
      vertex 16.200 9.600 1.000
      vertex 16.200 10.800 3.200
      vertex 16.200 9.600 3.200
    endloop
  endfacet
  facet normal 0 -1 0
    outer loop
      vertex 15.600 9.600 1.000
      vertex 16.200 9.600 1.000
      vertex 16.200 9.600 3.200
    endloop
  endfacet
  facet normal 0 -1 0
    outer loop
      vertex 15.600 9.600 1.000
      vertex 16.200 9.600 3.200
      vertex 15.600 9.600 3.200
    endloop
  endfacet
  facet normal 0 1 0
    outer loop
      vertex 15.600 10.800 1.000
      vertex 15.600 10.800 3.200
      vertex 16.200 10.800 3.200
    endloop
  endfacet
  facet normal 0 1 0
    outer loop
      vertex 15.600 10.800 1.000
      vertex 16.200 10.800 3.200
      vertex 16.200 10.800 1.000
    endloop
  endfacet
  facet normal 0 0 -1
    outer loop
      vertex 15.600 9.600 1.000
      vertex 15.600 10.800 1.000
      vertex 16.200 10.800 1.000
    endloop
  endfacet
  facet normal 0 0 -1
    outer loop
      vertex 15.600 9.600 1.000
      vertex 16.200 10.800 1.000
      vertex 16.200 9.600 1.000
    endloop
  endfacet
  facet normal 0 0 1
    outer loop
      vertex 15.600 9.600 3.200
      vertex 16.200 9.600 3.200
      vertex 16.200 10.800 3.200
    endloop
  endfacet
  facet normal 0 0 1
    outer loop
      vertex 15.600 9.600 3.200
      vertex 16.200 10.800 3.200
      vertex 15.600 10.800 3.200
    endloop
  endfacet
endsolid rack:D12:-y
solid rack:D13:-y
  facet normal -1 0 0
    outer loop
      vertex 16.200 9.600 1.000
      vertex 16.200 9.600 3.200
      vertex 16.200 10.800 3.200
    endloop
  endfacet
  facet normal -1 0 0
    outer loop
      vertex 16.200 9.600 1.000
      vertex 16.200 10.800 3.200
      vertex 16.200 10.800 1.000
    endloop
  endfacet
  facet normal 1 0 0
    outer loop
      vertex 16.800 9.600 1.000
      vertex 16.800 10.800 1.000
      vertex 16.800 10.800 3.200
    endloop
  endfacet
  facet normal 1 0 0
    outer loop
      vertex 16.800 9.600 1.000
      vertex 16.800 10.800 3.200
      vertex 16.800 9.600 3.200
    endloop
  endfacet
  facet normal 0 -1 0
    outer loop
      vertex 16.200 9.600 1.000
      vertex 16.800 9.600 1.000
      vertex 16.800 9.600 3.200
    endloop
  endfacet
  facet normal 0 -1 0
    outer loop
      vertex 16.200 9.600 1.000
      vertex 16.800 9.600 3.200
      vertex 16.200 9.600 3.200
    endloop
  endfacet
  facet normal 0 1 0
    outer loop
      vertex 16.200 10.800 1.000
      vertex 16.200 10.800 3.200
      vertex 16.800 10.800 3.200
    endloop
  endfacet
  facet normal 0 1 0
    outer loop
      vertex 16.200 10.800 1.000
      vertex 16.800 10.800 3.200
      vertex 16.800 10.800 1.000
    endloop
  endfacet
  facet normal 0 0 -1
    outer loop
      vertex 16.200 9.600 1.000
      vertex 16.200 10.800 1.000
      vertex 16.800 10.800 1.000
    endloop
  endfacet
  facet normal 0 0 -1
    outer loop
      vertex 16.200 9.600 1.000
      vertex 16.800 10.800 1.000
      vertex 16.800 9.600 1.000
    endloop
  endfacet
  facet normal 0 0 1
    outer loop
      vertex 16.200 9.600 3.200
      vertex 16.800 9.600 3.200
      vertex 16.800 10.800 3.200
    endloop
  endfacet
  facet normal 0 0 1
    outer loop
      vertex 16.200 9.600 3.200
      vertex 16.800 10.800 3.200
      vertex 16.200 10.800 3.200
    endloop
  endfacet
endsolid rack:D13:-y
solid rack:C01:+y
  facet normal -1 0 0
    outer loop
      vertex 5.400 6.600 1.000
      vertex 5.400 6.600 3.200
      vertex 5.400 7.800 3.200
    endloop
  endfacet
  facet normal -1 0 0
    outer loop
      vertex 5.400 6.600 1.000
      vertex 5.400 7.800 3.200
      vertex 5.400 7.800 1.000
    endloop
  endfacet
  facet normal 1 0 0
    outer loop
      vertex 6.300 6.600 1.000
      vertex 6.300 7.800 1.000
      vertex 6.300 7.800 3.200
    endloop
  endfacet
  facet normal 1 0 0
    outer loop
      vertex 6.300 6.600 1.000
      vertex 6.300 7.800 3.200
      vertex 6.300 6.600 3.200
    endloop
  endfacet
  facet normal 0 -1 0
    outer loop
      vertex 5.400 6.600 1.000
      vertex 6.300 6.600 1.000
      vertex 6.300 6.600 3.200
    endloop
  endfacet
  facet normal 0 -1 0
    outer loop
      vertex 5.400 6.600 1.000
      vertex 6.300 6.600 3.200
      vertex 5.400 6.600 3.200
    endloop
  endfacet
  facet normal 0 1 0
    outer loop
      vertex 5.400 7.800 1.000
      vertex 5.400 7.800 3.200
      vertex 6.300 7.800 3.200
    endloop
  endfacet
  facet normal 0 1 0
    outer loop
      vertex 5.400 7.800 1.000
      vertex 6.300 7.800 3.200
      vertex 6.300 7.800 1.000
    endloop
  endfacet
  facet normal 0 0 -1
    outer loop
      vertex 5.400 6.600 1.000
      vertex 5.400 7.800 1.000
      vertex 6.300 7.800 1.000
    endloop
  endfacet
  facet normal 0 0 -1
    outer loop
      vertex 5.400 6.600 1.000
      vertex 6.300 7.800 1.000
      vertex 6.300 6.600 1.000
    endloop
  endfacet
  facet normal 0 0 1
    outer loop
      vertex 5.400 6.600 3.200
      vertex 6.300 6.600 3.200
      vertex 6.300 7.800 3.200
    endloop
  endfacet
  facet normal 0 0 1
    outer loop
      vertex 5.400 6.600 3.200
      vertex 6.300 7.800 3.200
      vertex 5.400 7.800 3.200
    endloop
  endfacet
endsolid rack:C01:+y
solid rack:C02:+y
  facet normal -1 0 0
    outer loop
      vertex 6.300 6.600 1.000
      vertex 6.300 6.600 3.200
      vertex 6.300 7.800 3.200
    endloop
  endfacet
  facet normal -1 0 0
    outer loop
      vertex 6.300 6.600 1.000
      vertex 6.300 7.800 3.200
      vertex 6.300 7.800 1.000
    endloop
  endfacet
  facet normal 1 0 0
    outer loop
      vertex 7.200 6.600 1.000
      vertex 7.200 7.800 1.000
      vertex 7.200 7.800 3.200
    endloop
  endfacet
  facet normal 1 0 0
    outer loop
      vertex 7.200 6.600 1.000
      vertex 7.200 7.800 3.200
      vertex 7.200 6.600 3.200
    endloop
  endfacet
  facet normal 0 -1 0
    outer loop
      vertex 6.300 6.600 1.000
      vertex 7.200 6.600 1.000
      vertex 7.200 6.600 3.200
    endloop
  endfacet
  facet normal 0 -1 0
    outer loop
      vertex 6.300 6.600 1.000
      vertex 7.200 6.600 3.200
      vertex 6.300 6.600 3.200
    endloop
  endfacet
  facet normal 0 1 0
    outer loop
      vertex 6.300 7.800 1.000
      vertex 6.300 7.800 3.200
      vertex 7.200 7.800 3.200
    endloop
  endfacet
  facet normal 0 1 0
    outer loop
      vertex 6.300 7.800 1.000
      vertex 7.200 7.800 3.200
      vertex 7.200 7.800 1.000
    endloop
  endfacet
  facet normal 0 0 -1
    outer loop
      vertex 6.300 6.600 1.000
      vertex 6.300 7.800 1.000
      vertex 7.200 7.800 1.000
    endloop
  endfacet
  facet normal 0 0 -1
    outer loop
      vertex 6.300 6.600 1.000
      vertex 7.200 7.800 1.000
      vertex 7.200 6.600 1.000
    endloop
  endfacet
  facet normal 0 0 1
    outer loop
      vertex 6.300 6.600 3.200
      vertex 7.200 6.600 3.200
      vertex 7.200 7.800 3.200
    endloop
  endfacet
  facet normal 0 0 1
    outer loop
      vertex 6.300 6.600 3.200
      vertex 7.200 7.800 3.200
      vertex 6.300 7.800 3.200
    endloop
  endfacet
endsolid rack:C02:+y
solid rack:C03:+y
  facet normal -1 0 0
    outer loop
      vertex 7.200 6.600 1.000
      vertex 7.200 6.600 3.200
      vertex 7.200 7.800 3.200
    endloop
  endfacet
  facet normal -1 0 0
    outer loop
      vertex 7.200 6.600 1.000
      vertex 7.200 7.800 3.200
      vertex 7.200 7.800 1.000
    endloop
  endfacet
  facet normal 1 0 0
    outer loop
      vertex 8.100 6.600 1.000
      vertex 8.100 7.800 1.000
      vertex 8.100 7.800 3.200
    endloop
  endfacet
  facet normal 1 0 0
    outer loop
      vertex 8.100 6.600 1.000
      vertex 8.100 7.800 3.200
      vertex 8.100 6.600 3.200
    endloop
  endfacet
  facet normal 0 -1 0
    outer loop
      vertex 7.200 6.600 1.000
      vertex 8.100 6.600 1.000
      vertex 8.100 6.600 3.200
    endloop
  endfacet
  facet normal 0 -1 0
    outer loop
      vertex 7.200 6.600 1.000
      vertex 8.100 6.600 3.200
      vertex 7.200 6.600 3.200
    endloop
  endfacet
  facet normal 0 1 0
    outer loop
      vertex 7.200 7.800 1.000
      vertex 7.200 7.800 3.200
      vertex 8.100 7.800 3.200
    endloop
  endfacet
  facet normal 0 1 0
    outer loop
      vertex 7.200 7.800 1.000
      vertex 8.100 7.800 3.200
      vertex 8.100 7.800 1.000
    endloop
  endfacet
  facet normal 0 0 -1
    outer loop
      vertex 7.200 6.600 1.000
      vertex 7.200 7.800 1.000
      vertex 8.100 7.800 1.000
    endloop
  endfacet
  facet normal 0 0 -1
    outer loop
      vertex 7.200 6.600 1.000
      vertex 8.100 7.800 1.000
      vertex 8.100 6.600 1.000
    endloop
  endfacet
  facet normal 0 0 1
    outer loop
      vertex 7.200 6.600 3.200
      vertex 8.100 6.600 3.200
      vertex 8.100 7.800 3.200
    endloop
  endfacet
  facet normal 0 0 1
    outer loop
      vertex 7.200 6.600 3.200
      vertex 8.100 7.800 3.200
      vertex 7.200 7.800 3.200
    endloop
  endfacet
endsolid rack:C03:+y
solid rack:C04:+y
  facet normal -1 0 0
    outer loop
      vertex 8.100 6.600 1.000
      vertex 8.100 6.600 3.200
      vertex 8.100 7.800 3.200
    endloop
  endfacet
  facet normal -1 0 0
    outer loop
      vertex 8.100 6.600 1.000
      vertex 8.100 7.800 3.200
      vertex 8.100 7.800 1.000
    endloop
  endfacet
  facet normal 1 0 0
    outer loop
      vertex 9.000 6.600 1.000
      vertex 9.000 7.800 1.000
      vertex 9.000 7.800 3.200
    endloop
  endfacet
  facet normal 1 0 0
    outer loop
      vertex 9.000 6.600 1.000
      vertex 9.000 7.800 3.200
      vertex 9.000 6.600 3.200
    endloop
  endfacet
  facet normal 0 -1 0
    outer loop
      vertex 8.100 6.600 1.000
      vertex 9.000 6.600 1.000
      vertex 9.000 6.600 3.200
    endloop
  endfacet
  facet normal 0 -1 0
    outer loop
      vertex 8.100 6.600 1.000
      vertex 9.000 6.600 3.200
      vertex 8.100 6.600 3.200
    endloop
  endfacet
  facet normal 0 1 0
    outer loop
      vertex 8.100 7.800 1.000
      vertex 8.100 7.800 3.200
      vertex 9.000 7.800 3.200
    endloop
  endfacet
  facet normal 0 1 0
    outer loop
      vertex 8.100 7.800 1.000
      vertex 9.000 7.800 3.200
      vertex 9.000 7.800 1.000
    endloop
  endfacet
  facet normal 0 0 -1
    outer loop
      vertex 8.100 6.600 1.000
      vertex 8.100 7.800 1.000
      vertex 9.000 7.800 1.000
    endloop
  endfacet
  facet normal 0 0 -1
    outer loop
      vertex 8.100 6.600 1.000
      vertex 9.000 7.800 1.000
      vertex 9.000 6.600 1.000
    endloop
  endfacet
  facet normal 0 0 1
    outer loop
      vertex 8.100 6.600 3.200
      vertex 9.000 6.600 3.200
      vertex 9.000 7.800 3.200
    endloop
  endfacet
  facet normal 0 0 1
    outer loop
      vertex 8.100 6.600 3.200
      vertex 9.000 7.800 3.200
      vertex 8.100 7.800 3.200
    endloop
  endfacet
endsolid rack:C04:+y
solid rack:C05:+y
  facet normal -1 0 0
    outer loop
      vertex 9.000 6.600 1.000
      vertex 9.000 6.600 3.200
      vertex 9.000 7.800 3.200
    endloop
  endfacet
  facet normal -1 0 0
    outer loop
      vertex 9.000 6.600 1.000
      vertex 9.000 7.800 3.200
      vertex 9.000 7.800 1.000
    endloop
  endfacet
  facet normal 1 0 0
    outer loop
      vertex 9.900 6.600 1.000
      vertex 9.900 7.800 1.000
      vertex 9.900 7.800 3.200
    endloop
  endfacet
  facet normal 1 0 0
    outer loop
      vertex 9.900 6.600 1.000
      vertex 9.900 7.800 3.200
      vertex 9.900 6.600 3.200
    endloop
  endfacet
  facet normal 0 -1 0
    outer loop
      vertex 9.000 6.600 1.000
      vertex 9.900 6.600 1.000
      vertex 9.900 6.600 3.200
    endloop
  endfacet
  facet normal 0 -1 0
    outer loop
      vertex 9.000 6.600 1.000
      vertex 9.900 6.600 3.200
      vertex 9.000 6.600 3.200
    endloop
  endfacet
  facet normal 0 1 0
    outer loop
      vertex 9.000 7.800 1.000
      vertex 9.000 7.800 3.200
      vertex 9.900 7.800 3.200
    endloop
  endfacet
  facet normal 0 1 0
    outer loop
      vertex 9.000 7.800 1.000
      vertex 9.900 7.800 3.200
      vertex 9.900 7.800 1.000
    endloop
  endfacet
  facet normal 0 0 -1
    outer loop
      vertex 9.000 6.600 1.000
      vertex 9.000 7.800 1.000
      vertex 9.900 7.800 1.000
    endloop
  endfacet
  facet normal 0 0 -1
    outer loop
      vertex 9.000 6.600 1.000
      vertex 9.900 7.800 1.000
      vertex 9.900 6.600 1.000
    endloop
  endfacet
  facet normal 0 0 1
    outer loop
      vertex 9.000 6.600 3.200
      vertex 9.900 6.600 3.200
      vertex 9.900 7.800 3.200
    endloop
  endfacet
  facet normal 0 0 1
    outer loop
      vertex 9.000 6.600 3.200
      vertex 9.900 7.800 3.200
      vertex 9.000 7.800 3.200
    endloop
  endfacet
endsolid rack:C05:+y
solid rack:C06:+y
  facet normal -1 0 0
    outer loop
      vertex 9.900 6.600 1.000
      vertex 9.900 6.600 3.200
      vertex 9.900 7.800 3.200
    endloop
  endfacet
  facet normal -1 0 0
    outer loop
      vertex 9.900 6.600 1.000
      vertex 9.900 7.800 3.200
      vertex 9.900 7.800 1.000
    endloop
  endfacet
  facet normal 1 0 0
    outer loop
      vertex 10.800 6.600 1.000
      vertex 10.800 7.800 1.000
      vertex 10.800 7.800 3.200
    endloop
  endfacet
  facet normal 1 0 0
    outer loop
      vertex 10.800 6.600 1.000
      vertex 10.800 7.800 3.200
      vertex 10.800 6.600 3.200
    endloop
  endfacet
  facet normal 0 -1 0
    outer loop
      vertex 9.900 6.600 1.000
      vertex 10.800 6.600 1.000
      vertex 10.800 6.600 3.200
    endloop
  endfacet
  facet normal 0 -1 0
    outer loop
      vertex 9.900 6.600 1.000
      vertex 10.800 6.600 3.200
      vertex 9.900 6.600 3.200
    endloop
  endfacet
  facet normal 0 1 0
    outer loop
      vertex 9.900 7.800 1.000
      vertex 9.900 7.800 3.200
      vertex 10.800 7.800 3.200
    endloop
  endfacet
  facet normal 0 1 0
    outer loop
      vertex 9.900 7.800 1.000
      vertex 10.800 7.800 3.200
      vertex 10.800 7.800 1.000
    endloop
  endfacet
  facet normal 0 0 -1
    outer loop
      vertex 9.900 6.600 1.000
      vertex 9.900 7.800 1.000
      vertex 10.800 7.800 1.000
    endloop
  endfacet
  facet normal 0 0 -1
    outer loop
      vertex 9.900 6.600 1.000
      vertex 10.800 7.800 1.000
      vertex 10.800 6.600 1.000
    endloop
  endfacet
  facet normal 0 0 1
    outer loop
      vertex 9.900 6.600 3.200
      vertex 10.800 6.600 3.200
      vertex 10.800 7.800 3.200
    endloop
  endfacet
  facet normal 0 0 1
    outer loop
      vertex 9.900 6.600 3.200
      vertex 10.800 7.800 3.200
      vertex 9.900 7.800 3.200
    endloop
  endfacet
endsolid rack:C06:+y
solid rack:C07:+y
  facet normal -1 0 0
    outer loop
      vertex 10.800 6.600 1.000
      vertex 10.800 6.600 3.200
      vertex 10.800 7.800 3.200
    endloop
  endfacet
  facet normal -1 0 0
    outer loop
      vertex 10.800 6.600 1.000
      vertex 10.800 7.800 3.200
      vertex 10.800 7.800 1.000
    endloop
  endfacet
  facet normal 1 0 0
    outer loop
      vertex 11.700 6.600 1.000
      vertex 11.700 7.800 1.000
      vertex 11.700 7.800 3.200
    endloop
  endfacet
  facet normal 1 0 0
    outer loop
      vertex 11.700 6.600 1.000
      vertex 11.700 7.800 3.200
      vertex 11.700 6.600 3.200
    endloop
  endfacet
  facet normal 0 -1 0
    outer loop
      vertex 10.800 6.600 1.000
      vertex 11.700 6.600 1.000
      vertex 11.700 6.600 3.200
    endloop
  endfacet
  facet normal 0 -1 0
    outer loop
      vertex 10.800 6.600 1.000
      vertex 11.700 6.600 3.200
      vertex 10.800 6.600 3.200
    endloop
  endfacet
  facet normal 0 1 0
    outer loop
      vertex 10.800 7.800 1.000
      vertex 10.800 7.800 3.200
      vertex 11.700 7.800 3.200
    endloop
  endfacet
  facet normal 0 1 0
    outer loop
      vertex 10.800 7.800 1.000
      vertex 11.700 7.800 3.200
      vertex 11.700 7.800 1.000
    endloop
  endfacet
  facet normal 0 0 -1
    outer loop
      vertex 10.800 6.600 1.000
      vertex 10.800 7.800 1.000
      vertex 11.700 7.800 1.000
    endloop
  endfacet
  facet normal 0 0 -1
    outer loop
      vertex 10.800 6.600 1.000
      vertex 11.700 7.800 1.000
      vertex 11.700 6.600 1.000
    endloop
  endfacet
  facet normal 0 0 1
    outer loop
      vertex 10.800 6.600 3.200
      vertex 11.700 6.600 3.200
      vertex 11.700 7.800 3.200
    endloop
  endfacet
  facet normal 0 0 1
    outer loop
      vertex 10.800 6.600 3.200
      vertex 11.700 7.800 3.200
      vertex 10.800 7.800 3.200
    endloop
  endfacet
endsolid rack:C07:+y
solid rack:C08:+y
  facet normal -1 0 0
    outer loop
      vertex 11.700 6.600 1.000
      vertex 11.700 6.600 3.200
      vertex 11.700 7.800 3.200
    endloop
  endfacet
  facet normal -1 0 0
    outer loop
      vertex 11.700 6.600 1.000
      vertex 11.700 7.800 3.200
      vertex 11.700 7.800 1.000
    endloop
  endfacet
  facet normal 1 0 0
    outer loop
      vertex 12.600 6.600 1.000
      vertex 12.600 7.800 1.000
      vertex 12.600 7.800 3.200
    endloop
  endfacet
  facet normal 1 0 0
    outer loop
      vertex 12.600 6.600 1.000
      vertex 12.600 7.800 3.200
      vertex 12.600 6.600 3.200
    endloop
  endfacet
  facet normal 0 -1 0
    outer loop
      vertex 11.700 6.600 1.000
      vertex 12.600 6.600 1.000
      vertex 12.600 6.600 3.200
    endloop
  endfacet
  facet normal 0 -1 0
    outer loop
      vertex 11.700 6.600 1.000
      vertex 12.600 6.600 3.200
      vertex 11.700 6.600 3.200
    endloop
  endfacet
  facet normal 0 1 0
    outer loop
      vertex 11.700 7.800 1.000
      vertex 11.700 7.800 3.200
      vertex 12.600 7.800 3.200
    endloop
  endfacet
  facet normal 0 1 0
    outer loop
      vertex 11.700 7.800 1.000
      vertex 12.600 7.800 3.200
      vertex 12.600 7.800 1.000
    endloop
  endfacet
  facet normal 0 0 -1
    outer loop
      vertex 11.700 6.600 1.000
      vertex 11.700 7.800 1.000
      vertex 12.600 7.800 1.000
    endloop
  endfacet
  facet normal 0 0 -1
    outer loop
      vertex 11.700 6.600 1.000
      vertex 12.600 7.800 1.000
      vertex 12.600 6.600 1.000
    endloop
  endfacet
  facet normal 0 0 1
    outer loop
      vertex 11.700 6.600 3.200
      vertex 12.600 6.600 3.200
      vertex 12.600 7.800 3.200
    endloop
  endfacet
  facet normal 0 0 1
    outer loop
      vertex 11.700 6.600 3.200
      vertex 12.600 7.800 3.200
      vertex 11.700 7.800 3.200
    endloop
  endfacet
endsolid rack:C08:+y
solid rack:C09:+y
  facet normal -1 0 0
    outer loop
      vertex 12.600 6.600 1.000
      vertex 12.600 6.600 3.200
      vertex 12.600 7.800 3.200
    endloop
  endfacet
  facet normal -1 0 0
    outer loop
      vertex 12.600 6.600 1.000
      vertex 12.600 7.800 3.200
      vertex 12.600 7.800 1.000
    endloop
  endfacet
  facet normal 1 0 0
    outer loop
      vertex 13.500 6.600 1.000
      vertex 13.500 7.800 1.000
      vertex 13.500 7.800 3.200
    endloop
  endfacet
  facet normal 1 0 0
    outer loop
      vertex 13.500 6.600 1.000
      vertex 13.500 7.800 3.200
      vertex 13.500 6.600 3.200
    endloop
  endfacet
  facet normal 0 -1 0
    outer loop
      vertex 12.600 6.600 1.000
      vertex 13.500 6.600 1.000
      vertex 13.500 6.600 3.200
    endloop
  endfacet
  facet normal 0 -1 0
    outer loop
      vertex 12.600 6.600 1.000
      vertex 13.500 6.600 3.200
      vertex 12.600 6.600 3.200
    endloop
  endfacet
  facet normal 0 1 0
    outer loop
      vertex 12.600 7.800 1.000
      vertex 12.600 7.800 3.200
      vertex 13.500 7.800 3.200
    endloop
  endfacet
  facet normal 0 1 0
    outer loop
      vertex 12.600 7.800 1.000
      vertex 13.500 7.800 3.200
      vertex 13.500 7.800 1.000
    endloop
  endfacet
  facet normal 0 0 -1
    outer loop
      vertex 12.600 6.600 1.000
      vertex 12.600 7.800 1.000
      vertex 13.500 7.800 1.000
    endloop
  endfacet
  facet normal 0 0 -1
    outer loop
      vertex 12.600 6.600 1.000
      vertex 13.500 7.800 1.000
      vertex 13.500 6.600 1.000
    endloop
  endfacet
  facet normal 0 0 1
    outer loop
      vertex 12.600 6.600 3.200
      vertex 13.500 6.600 3.200
      vertex 13.500 7.800 3.200
    endloop
  endfacet
  facet normal 0 0 1
    outer loop
      vertex 12.600 6.600 3.200
      vertex 13.500 7.800 3.200
      vertex 12.600 7.800 3.200
    endloop
  endfacet
endsolid rack:C09:+y
solid rack:C10:+y
  facet normal -1 0 0
    outer loop
      vertex 13.500 6.600 1.000
      vertex 13.500 6.600 3.200
      vertex 13.500 7.800 3.200
    endloop
  endfacet
  facet normal -1 0 0
    outer loop
      vertex 13.500 6.600 1.000
      vertex 13.500 7.800 3.200
      vertex 13.500 7.800 1.000
    endloop
  endfacet
  facet normal 1 0 0
    outer loop
      vertex 14.400 6.600 1.000
      vertex 14.400 7.800 1.000
      vertex 14.400 7.800 3.200
    endloop
  endfacet
  facet normal 1 0 0
    outer loop
      vertex 14.400 6.600 1.000
      vertex 14.400 7.800 3.200
      vertex 14.400 6.600 3.200
    endloop
  endfacet
  facet normal 0 -1 0
    outer loop
      vertex 13.500 6.600 1.000
      vertex 14.400 6.600 1.000
      vertex 14.400 6.600 3.200
    endloop
  endfacet
  facet normal 0 -1 0
    outer loop
      vertex 13.500 6.600 1.000
      vertex 14.400 6.600 3.200
      vertex 13.500 6.600 3.200
    endloop
  endfacet
  facet normal 0 1 0
    outer loop
      vertex 13.500 7.800 1.000
      vertex 13.500 7.800 3.200
      vertex 14.400 7.800 3.200
    endloop
  endfacet
  facet normal 0 1 0
    outer loop
      vertex 13.500 7.800 1.000
      vertex 14.400 7.800 3.200
      vertex 14.400 7.800 1.000
    endloop
  endfacet
  facet normal 0 0 -1
    outer loop
      vertex 13.500 6.600 1.000
      vertex 13.500 7.800 1.000
      vertex 14.400 7.800 1.000
    endloop
  endfacet
  facet normal 0 0 -1
    outer loop
      vertex 13.500 6.600 1.000
      vertex 14.400 7.800 1.000
      vertex 14.400 6.600 1.000
    endloop
  endfacet
  facet normal 0 0 1
    outer loop
      vertex 13.500 6.600 3.200
      vertex 14.400 6.600 3.200
      vertex 14.400 7.800 3.200
    endloop
  endfacet
  facet normal 0 0 1
    outer loop
      vertex 13.500 6.600 3.200
      vertex 14.400 7.800 3.200
      vertex 13.500 7.800 3.200
    endloop
  endfacet
endsolid rack:C10:+y
solid rack:C11:+y
  facet normal -1 0 0
    outer loop
      vertex 14.400 6.600 1.000
      vertex 14.400 6.600 3.200
      vertex 14.400 7.800 3.200
    endloop
  endfacet
  facet normal -1 0 0
    outer loop
      vertex 14.400 6.600 1.000
      vertex 14.400 7.800 3.200
      vertex 14.400 7.800 1.000
    endloop
  endfacet
  facet normal 1 0 0
    outer loop
      vertex 15.300 6.600 1.000
      vertex 15.300 7.800 1.000
      vertex 15.300 7.800 3.200
    endloop
  endfacet
  facet normal 1 0 0
    outer loop
      vertex 15.300 6.600 1.000
      vertex 15.300 7.800 3.200
      vertex 15.300 6.600 3.200
    endloop
  endfacet
  facet normal 0 -1 0
    outer loop
      vertex 14.400 6.600 1.000
      vertex 15.300 6.600 1.000
      vertex 15.300 6.600 3.200
    endloop
  endfacet
  facet normal 0 -1 0
    outer loop
      vertex 14.400 6.600 1.000
      vertex 15.300 6.600 3.200
      vertex 14.400 6.600 3.200
    endloop
  endfacet
  facet normal 0 1 0
    outer loop
      vertex 14.400 7.800 1.000
      vertex 14.400 7.800 3.200
      vertex 15.300 7.800 3.200
    endloop
  endfacet
  facet normal 0 1 0
    outer loop
      vertex 14.400 7.800 1.000
      vertex 15.300 7.800 3.200
      vertex 15.300 7.800 1.000
    endloop
  endfacet
  facet normal 0 0 -1
    outer loop
      vertex 14.400 6.600 1.000
      vertex 14.400 7.800 1.000
      vertex 15.300 7.800 1.000
    endloop
  endfacet
  facet normal 0 0 -1
    outer loop
      vertex 14.400 6.600 1.000
      vertex 15.300 7.800 1.000
      vertex 15.300 6.600 1.000
    endloop
  endfacet
  facet normal 0 0 1
    outer loop
      vertex 14.400 6.600 3.200
      vertex 15.300 6.600 3.200
      vertex 15.300 7.800 3.200
    endloop
  endfacet
  facet normal 0 0 1
    outer loop
      vertex 14.400 6.600 3.200
      vertex 15.300 7.800 3.200
      vertex 14.400 7.800 3.200
    endloop
  endfacet
endsolid rack:C11:+y
solid rack:C12:+y
  facet normal -1 0 0
    outer loop
      vertex 15.300 6.600 1.000
      vertex 15.300 6.600 3.200
      vertex 15.300 7.800 3.200
    endloop
  endfacet
  facet normal -1 0 0
    outer loop
      vertex 15.300 6.600 1.000
      vertex 15.300 7.800 3.200
      vertex 15.300 7.800 1.000
    endloop
  endfacet
  facet normal 1 0 0
    outer loop
      vertex 15.900 6.600 1.000
      vertex 15.900 7.800 1.000
      vertex 15.900 7.800 3.200
    endloop
  endfacet
  facet normal 1 0 0
    outer loop
      vertex 15.900 6.600 1.000
      vertex 15.900 7.800 3.200
      vertex 15.900 6.600 3.200
    endloop
  endfacet
  facet normal 0 -1 0
    outer loop
      vertex 15.300 6.600 1.000
      vertex 15.900 6.600 1.000
      vertex 15.900 6.600 3.200
    endloop
  endfacet
  facet normal 0 -1 0
    outer loop
      vertex 15.300 6.600 1.000
      vertex 15.900 6.600 3.200
      vertex 15.300 6.600 3.200
    endloop
  endfacet
  facet normal 0 1 0
    outer loop
      vertex 15.300 7.800 1.000
      vertex 15.300 7.800 3.200
      vertex 15.900 7.800 3.200
    endloop
  endfacet
  facet normal 0 1 0
    outer loop
      vertex 15.300 7.800 1.000
      vertex 15.900 7.800 3.200
      vertex 15.900 7.800 1.000
    endloop
  endfacet
  facet normal 0 0 -1
    outer loop
      vertex 15.300 6.600 1.000
      vertex 15.300 7.800 1.000
      vertex 15.900 7.800 1.000
    endloop
  endfacet
  facet normal 0 0 -1
    outer loop
      vertex 15.300 6.600 1.000
      vertex 15.900 7.800 1.000
      vertex 15.900 6.600 1.000
    endloop
  endfacet
  facet normal 0 0 1
    outer loop
      vertex 15.300 6.600 3.200
      vertex 15.900 6.600 3.200
      vertex 15.900 7.800 3.200
    endloop
  endfacet
  facet normal 0 0 1
    outer loop
      vertex 15.300 6.600 3.200
      vertex 15.900 7.800 3.200
      vertex 15.300 7.800 3.200
    endloop
  endfacet
endsolid rack:C12:+y
solid rack:C13:+y
  facet normal -1 0 0
    outer loop
      vertex 15.900 6.600 1.000
      vertex 15.900 6.600 3.200
      vertex 15.900 7.800 3.200
    endloop
  endfacet
  facet normal -1 0 0
    outer loop
      vertex 15.900 6.600 1.000
      vertex 15.900 7.800 3.200
      vertex 15.900 7.800 1.000
    endloop
  endfacet
  facet normal 1 0 0
    outer loop
      vertex 16.500 6.600 1.000
      vertex 16.500 7.800 1.000
      vertex 16.500 7.800 3.200
    endloop
  endfacet
  facet normal 1 0 0
    outer loop
      vertex 16.500 6.600 1.000
      vertex 16.500 7.800 3.200
      vertex 16.500 6.600 3.200
    endloop
  endfacet
  facet normal 0 -1 0
    outer loop
      vertex 15.900 6.600 1.000
      vertex 16.500 6.600 1.000
      vertex 16.500 6.600 3.200
    endloop
  endfacet
  facet normal 0 -1 0
    outer loop
      vertex 15.900 6.600 1.000
      vertex 16.500 6.600 3.200
      vertex 15.900 6.600 3.200
    endloop
  endfacet
  facet normal 0 1 0
    outer loop
      vertex 15.900 7.800 1.000
      vertex 15.900 7.800 3.200
      vertex 16.500 7.800 3.200
    endloop
  endfacet
  facet normal 0 1 0
    outer loop
      vertex 15.900 7.800 1.000
      vertex 16.500 7.800 3.200
      vertex 16.500 7.800 1.000
    endloop
  endfacet
  facet normal 0 0 -1
    outer loop
      vertex 15.900 6.600 1.000
      vertex 15.900 7.800 1.000
      vertex 16.500 7.800 1.000
    endloop
  endfacet
  facet normal 0 0 -1
    outer loop
      vertex 15.900 6.600 1.000
      vertex 16.500 7.800 1.000
      vertex 16.500 6.600 1.000
    endloop
  endfacet
  facet normal 0 0 1
    outer loop
      vertex 15.900 6.600 3.200
      vertex 16.500 6.600 3.200
      vertex 16.500 7.800 3.200
    endloop
  endfacet
  facet normal 0 0 1
    outer loop
      vertex 15.900 6.600 3.200
      vertex 16.500 7.800 3.200
      vertex 15.900 7.800 3.200
    endloop
  endfacet
endsolid rack:C13:+y
solid rack:B01:-y
  facet normal -1 0 0
    outer loop
      vertex 5.700 4.200 1.000
      vertex 5.700 4.200 3.200
      vertex 5.700 5.400 3.200
    endloop
  endfacet
  facet normal -1 0 0
    outer loop
      vertex 5.700 4.200 1.000
      vertex 5.700 5.400 3.200
      vertex 5.700 5.400 1.000
    endloop
  endfacet
  facet normal 1 0 0
    outer loop
      vertex 6.600 4.200 1.000
      vertex 6.600 5.400 1.000
      vertex 6.600 5.400 3.200
    endloop
  endfacet
  facet normal 1 0 0
    outer loop
      vertex 6.600 4.200 1.000
      vertex 6.600 5.400 3.200
      vertex 6.600 4.200 3.200
    endloop
  endfacet
  facet normal 0 -1 0
    outer loop
      vertex 5.700 4.200 1.000
      vertex 6.600 4.200 1.000
      vertex 6.600 4.200 3.200
    endloop
  endfacet
  facet normal 0 -1 0
    outer loop
      vertex 5.700 4.200 1.000
      vertex 6.600 4.200 3.200
      vertex 5.700 4.200 3.200
    endloop
  endfacet
  facet normal 0 1 0
    outer loop
      vertex 5.700 5.400 1.000
      vertex 5.700 5.400 3.200
      vertex 6.600 5.400 3.200
    endloop
  endfacet
  facet normal 0 1 0
    outer loop
      vertex 5.700 5.400 1.000
      vertex 6.600 5.400 3.200
      vertex 6.600 5.400 1.000
    endloop
  endfacet
  facet normal 0 0 -1
    outer loop
      vertex 5.700 4.200 1.000
      vertex 5.700 5.400 1.000
      vertex 6.600 5.400 1.000
    endloop
  endfacet
  facet normal 0 0 -1
    outer loop
      vertex 5.700 4.200 1.000
      vertex 6.600 5.400 1.000
      vertex 6.600 4.200 1.000
    endloop
  endfacet
  facet normal 0 0 1
    outer loop
      vertex 5.700 4.200 3.200
      vertex 6.600 4.200 3.200
      vertex 6.600 5.400 3.200
    endloop
  endfacet
  facet normal 0 0 1
    outer loop
      vertex 5.700 4.200 3.200
      vertex 6.600 5.400 3.200
      vertex 5.700 5.400 3.200
    endloop
  endfacet
endsolid rack:B01:-y
solid rack:B02:-y
  facet normal -1 0 0
    outer loop
      vertex 6.600 4.200 1.000
      vertex 6.600 4.200 3.200
      vertex 6.600 5.400 3.200
    endloop
  endfacet
  facet normal -1 0 0
    outer loop
      vertex 6.600 4.200 1.000
      vertex 6.600 5.400 3.200
      vertex 6.600 5.400 1.000
    endloop
  endfacet
  facet normal 1 0 0
    outer loop
      vertex 7.500 4.200 1.000
      vertex 7.500 5.400 1.000
      vertex 7.500 5.400 3.200
    endloop
  endfacet
  facet normal 1 0 0
    outer loop
      vertex 7.500 4.200 1.000
      vertex 7.500 5.400 3.200
      vertex 7.500 4.200 3.200
    endloop
  endfacet
  facet normal 0 -1 0
    outer loop
      vertex 6.600 4.200 1.000
      vertex 7.500 4.200 1.000
      vertex 7.500 4.200 3.200
    endloop
  endfacet
  facet normal 0 -1 0
    outer loop
      vertex 6.600 4.200 1.000
      vertex 7.500 4.200 3.200
      vertex 6.600 4.200 3.200
    endloop
  endfacet
  facet normal 0 1 0
    outer loop
      vertex 6.600 5.400 1.000
      vertex 6.600 5.400 3.200
      vertex 7.500 5.400 3.200
    endloop
  endfacet
  facet normal 0 1 0
    outer loop
      vertex 6.600 5.400 1.000
      vertex 7.500 5.400 3.200
      vertex 7.500 5.400 1.000
    endloop
  endfacet
  facet normal 0 0 -1
    outer loop
      vertex 6.600 4.200 1.000
      vertex 6.600 5.400 1.000
      vertex 7.500 5.400 1.000
    endloop
  endfacet
  facet normal 0 0 -1
    outer loop
      vertex 6.600 4.200 1.000
      vertex 7.500 5.400 1.000
      vertex 7.500 4.200 1.000
    endloop
  endfacet
  facet normal 0 0 1
    outer loop
      vertex 6.600 4.200 3.200
      vertex 7.500 4.200 3.200
      vertex 7.500 5.400 3.200
    endloop
  endfacet
  facet normal 0 0 1
    outer loop
      vertex 6.600 4.200 3.200
      vertex 7.500 5.400 3.200
      vertex 6.600 5.400 3.200
    endloop
  endfacet
endsolid rack:B02:-y
solid rack:B03:-y
  facet normal -1 0 0
    outer loop
      vertex 7.500 4.200 1.000
      vertex 7.500 4.200 3.200
      vertex 7.500 5.400 3.200
    endloop
  endfacet
  facet normal -1 0 0
    outer loop
      vertex 7.500 4.200 1.000
      vertex 7.500 5.400 3.200
      vertex 7.500 5.400 1.000
    endloop
  endfacet
  facet normal 1 0 0
    outer loop
      vertex 8.400 4.200 1.000
      vertex 8.400 5.400 1.000
      vertex 8.400 5.400 3.200
    endloop
  endfacet
  facet normal 1 0 0
    outer loop
      vertex 8.400 4.200 1.000
      vertex 8.400 5.400 3.200
      vertex 8.400 4.200 3.200
    endloop
  endfacet
  facet normal 0 -1 0
    outer loop
      vertex 7.500 4.200 1.000
      vertex 8.400 4.200 1.000
      vertex 8.400 4.200 3.200
    endloop
  endfacet
  facet normal 0 -1 0
    outer loop
      vertex 7.500 4.200 1.000
      vertex 8.400 4.200 3.200
      vertex 7.500 4.200 3.200
    endloop
  endfacet
  facet normal 0 1 0
    outer loop
      vertex 7.500 5.400 1.000
      vertex 7.500 5.400 3.200
      vertex 8.400 5.400 3.200
    endloop
  endfacet
  facet normal 0 1 0
    outer loop
      vertex 7.500 5.400 1.000
      vertex 8.400 5.400 3.200
      vertex 8.400 5.400 1.000
    endloop
  endfacet
  facet normal 0 0 -1
    outer loop
      vertex 7.500 4.200 1.000
      vertex 7.500 5.400 1.000
      vertex 8.400 5.400 1.000
    endloop
  endfacet
  facet normal 0 0 -1
    outer loop
      vertex 7.500 4.200 1.000
      vertex 8.400 5.400 1.000
      vertex 8.400 4.200 1.000
    endloop
  endfacet
  facet normal 0 0 1
    outer loop
      vertex 7.500 4.200 3.200
      vertex 8.400 4.200 3.200
      vertex 8.400 5.400 3.200
    endloop
  endfacet
  facet normal 0 0 1
    outer loop
      vertex 7.500 4.200 3.200
      vertex 8.400 5.400 3.200
      vertex 7.500 5.400 3.200
    endloop
  endfacet
endsolid rack:B03:-y
solid rack:B04:-y
  facet normal -1 0 0
    outer loop
      vertex 8.400 4.200 1.000
      vertex 8.400 4.200 3.200
      vertex 8.400 5.400 3.200
    endloop
  endfacet
  facet normal -1 0 0
    outer loop
      vertex 8.400 4.200 1.000
      vertex 8.400 5.400 3.200
      vertex 8.400 5.400 1.000
    endloop
  endfacet
  facet normal 1 0 0
    outer loop
      vertex 9.300 4.200 1.000
      vertex 9.300 5.400 1.000
      vertex 9.300 5.400 3.200
    endloop
  endfacet
  facet normal 1 0 0
    outer loop
      vertex 9.300 4.200 1.000
      vertex 9.300 5.400 3.200
      vertex 9.300 4.200 3.200
    endloop
  endfacet
  facet normal 0 -1 0
    outer loop
      vertex 8.400 4.200 1.000
      vertex 9.300 4.200 1.000
      vertex 9.300 4.200 3.200
    endloop
  endfacet
  facet normal 0 -1 0
    outer loop
      vertex 8.400 4.200 1.000
      vertex 9.300 4.200 3.200
      vertex 8.400 4.200 3.200
    endloop
  endfacet
  facet normal 0 1 0
    outer loop
      vertex 8.400 5.400 1.000
      vertex 8.400 5.400 3.200
      vertex 9.300 5.400 3.200
    endloop
  endfacet
  facet normal 0 1 0
    outer loop
      vertex 8.400 5.400 1.000
      vertex 9.300 5.400 3.200
      vertex 9.300 5.400 1.000
    endloop
  endfacet
  facet normal 0 0 -1
    outer loop
      vertex 8.400 4.200 1.000
      vertex 8.400 5.400 1.000
      vertex 9.300 5.400 1.000
    endloop
  endfacet
  facet normal 0 0 -1
    outer loop
      vertex 8.400 4.200 1.000
      vertex 9.300 5.400 1.000
      vertex 9.300 4.200 1.000
    endloop
  endfacet
  facet normal 0 0 1
    outer loop
      vertex 8.400 4.200 3.200
      vertex 9.300 4.200 3.200
      vertex 9.300 5.400 3.200
    endloop
  endfacet
  facet normal 0 0 1
    outer loop
      vertex 8.400 4.200 3.200
      vertex 9.300 5.400 3.200
      vertex 8.400 5.400 3.200
    endloop
  endfacet
endsolid rack:B04:-y
solid rack:B05:-y
  facet normal -1 0 0
    outer loop
      vertex 9.300 4.200 1.000
      vertex 9.300 4.200 3.200
      vertex 9.300 5.400 3.200
    endloop
  endfacet
  facet normal -1 0 0
    outer loop
      vertex 9.300 4.200 1.000
      vertex 9.300 5.400 3.200
      vertex 9.300 5.400 1.000
    endloop
  endfacet
  facet normal 1 0 0
    outer loop
      vertex 10.200 4.200 1.000
      vertex 10.200 5.400 1.000
      vertex 10.200 5.400 3.200
    endloop
  endfacet
  facet normal 1 0 0
    outer loop
      vertex 10.200 4.200 1.000
      vertex 10.200 5.400 3.200
      vertex 10.200 4.200 3.200
    endloop
  endfacet
  facet normal 0 -1 0
    outer loop
      vertex 9.300 4.200 1.000
      vertex 10.200 4.200 1.000
      vertex 10.200 4.200 3.200
    endloop
  endfacet
  facet normal 0 -1 0
    outer loop
      vertex 9.300 4.200 1.000
      vertex 10.200 4.200 3.200
      vertex 9.300 4.200 3.200
    endloop
  endfacet
  facet normal 0 1 0
    outer loop
      vertex 9.300 5.400 1.000
      vertex 9.300 5.400 3.200
      vertex 10.200 5.400 3.200
    endloop
  endfacet
  facet normal 0 1 0
    outer loop
      vertex 9.300 5.400 1.000
      vertex 10.200 5.400 3.200
      vertex 10.200 5.400 1.000
    endloop
  endfacet
  facet normal 0 0 -1
    outer loop
      vertex 9.300 4.200 1.000
      vertex 9.300 5.400 1.000
      vertex 10.200 5.400 1.000
    endloop
  endfacet
  facet normal 0 0 -1
    outer loop
      vertex 9.300 4.200 1.000
      vertex 10.200 5.400 1.000
      vertex 10.200 4.200 1.000
    endloop
  endfacet
  facet normal 0 0 1
    outer loop
      vertex 9.300 4.200 3.200
      vertex 10.200 4.200 3.200
      vertex 10.200 5.400 3.200
    endloop
  endfacet
  facet normal 0 0 1
    outer loop
      vertex 9.300 4.200 3.200
      vertex 10.200 5.400 3.200
      vertex 9.300 5.400 3.200
    endloop
  endfacet
endsolid rack:B05:-y
solid rack:B06:-y
  facet normal -1 0 0
    outer loop
      vertex 10.200 4.200 1.000
      vertex 10.200 4.200 3.200
      vertex 10.200 5.400 3.200
    endloop
  endfacet
  facet normal -1 0 0
    outer loop
      vertex 10.200 4.200 1.000
      vertex 10.200 5.400 3.200
      vertex 10.200 5.400 1.000
    endloop
  endfacet
  facet normal 1 0 0
    outer loop
      vertex 11.100 4.200 1.000
      vertex 11.100 5.400 1.000
      vertex 11.100 5.400 3.200
    endloop
  endfacet
  facet normal 1 0 0
    outer loop
      vertex 11.100 4.200 1.000
      vertex 11.100 5.400 3.200
      vertex 11.100 4.200 3.200
    endloop
  endfacet
  facet normal 0 -1 0
    outer loop
      vertex 10.200 4.200 1.000
      vertex 11.100 4.200 1.000
      vertex 11.100 4.200 3.200
    endloop
  endfacet
  facet normal 0 -1 0
    outer loop
      vertex 10.200 4.200 1.000
      vertex 11.100 4.200 3.200
      vertex 10.200 4.200 3.200
    endloop
  endfacet
  facet normal 0 1 0
    outer loop
      vertex 10.200 5.400 1.000
      vertex 10.200 5.400 3.200
      vertex 11.100 5.400 3.200
    endloop
  endfacet
  facet normal 0 1 0
    outer loop
      vertex 10.200 5.400 1.000
      vertex 11.100 5.400 3.200
      vertex 11.100 5.400 1.000
    endloop
  endfacet
  facet normal 0 0 -1
    outer loop
      vertex 10.200 4.200 1.000
      vertex 10.200 5.400 1.000
      vertex 11.100 5.400 1.000
    endloop
  endfacet
  facet normal 0 0 -1
    outer loop
      vertex 10.200 4.200 1.000
      vertex 11.100 5.400 1.000
      vertex 11.100 4.200 1.000
    endloop
  endfacet
  facet normal 0 0 1
    outer loop
      vertex 10.200 4.200 3.200
      vertex 11.100 4.200 3.200
      vertex 11.100 5.400 3.200
    endloop
  endfacet
  facet normal 0 0 1
    outer loop
      vertex 10.200 4.200 3.200
      vertex 11.100 5.400 3.200
      vertex 10.200 5.400 3.200
    endloop
  endfacet
endsolid rack:B06:-y
solid rack:B07:-y
  facet normal -1 0 0
    outer loop
      vertex 11.100 4.200 1.000
      vertex 11.100 4.200 3.200
      vertex 11.100 5.400 3.200
    endloop
  endfacet
  facet normal -1 0 0
    outer loop
      vertex 11.100 4.200 1.000
      vertex 11.100 5.400 3.200
      vertex 11.100 5.400 1.000
    endloop
  endfacet
  facet normal 1 0 0
    outer loop
      vertex 12.000 4.200 1.000
      vertex 12.000 5.400 1.000
      vertex 12.000 5.400 3.200
    endloop
  endfacet
  facet normal 1 0 0
    outer loop
      vertex 12.000 4.200 1.000
      vertex 12.000 5.400 3.200
      vertex 12.000 4.200 3.200
    endloop
  endfacet
  facet normal 0 -1 0
    outer loop
      vertex 11.100 4.200 1.000
      vertex 12.000 4.200 1.000
      vertex 12.000 4.200 3.200
    endloop
  endfacet
  facet normal 0 -1 0
    outer loop
      vertex 11.100 4.200 1.000
      vertex 12.000 4.200 3.200
      vertex 11.100 4.200 3.200
    endloop
  endfacet
  facet normal 0 1 0
    outer loop
      vertex 11.100 5.400 1.000
      vertex 11.100 5.400 3.200
      vertex 12.000 5.400 3.200
    endloop
  endfacet
  facet normal 0 1 0
    outer loop
      vertex 11.100 5.400 1.000
      vertex 12.000 5.400 3.200
      vertex 12.000 5.400 1.000
    endloop
  endfacet
  facet normal 0 0 -1
    outer loop
      vertex 11.100 4.200 1.000
      vertex 11.100 5.400 1.000
      vertex 12.000 5.400 1.000
    endloop
  endfacet
  facet normal 0 0 -1
    outer loop
      vertex 11.100 4.200 1.000
      vertex 12.000 5.400 1.000
      vertex 12.000 4.200 1.000
    endloop
  endfacet
  facet normal 0 0 1
    outer loop
      vertex 11.100 4.200 3.200
      vertex 12.000 4.200 3.200
      vertex 12.000 5.400 3.200
    endloop
  endfacet
  facet normal 0 0 1
    outer loop
      vertex 11.100 4.200 3.200
      vertex 12.000 5.400 3.200
      vertex 11.100 5.400 3.200
    endloop
  endfacet
endsolid rack:B07:-y
solid rack:B08:-y
  facet normal -1 0 0
    outer loop
      vertex 12.000 4.200 1.000
      vertex 12.000 4.200 3.200
      vertex 12.000 5.400 3.200
    endloop
  endfacet
  facet normal -1 0 0
    outer loop
      vertex 12.000 4.200 1.000
      vertex 12.000 5.400 3.200
      vertex 12.000 5.400 1.000
    endloop
  endfacet
  facet normal 1 0 0
    outer loop
      vertex 12.900 4.200 1.000
      vertex 12.900 5.400 1.000
      vertex 12.900 5.400 3.200
    endloop
  endfacet
  facet normal 1 0 0
    outer loop
      vertex 12.900 4.200 1.000
      vertex 12.900 5.400 3.200
      vertex 12.900 4.200 3.200
    endloop
  endfacet
  facet normal 0 -1 0
    outer loop
      vertex 12.000 4.200 1.000
      vertex 12.900 4.200 1.000
      vertex 12.900 4.200 3.200
    endloop
  endfacet
  facet normal 0 -1 0
    outer loop
      vertex 12.000 4.200 1.000
      vertex 12.900 4.200 3.200
      vertex 12.000 4.200 3.200
    endloop
  endfacet
  facet normal 0 1 0
    outer loop
      vertex 12.000 5.400 1.000
      vertex 12.000 5.400 3.200
      vertex 12.900 5.400 3.200
    endloop
  endfacet
  facet normal 0 1 0
    outer loop
      vertex 12.000 5.400 1.000
      vertex 12.900 5.400 3.200
      vertex 12.900 5.400 1.000
    endloop
  endfacet
  facet normal 0 0 -1
    outer loop
      vertex 12.000 4.200 1.000
      vertex 12.000 5.400 1.000
      vertex 12.900 5.400 1.000
    endloop
  endfacet
  facet normal 0 0 -1
    outer loop
      vertex 12.000 4.200 1.000
      vertex 12.900 5.400 1.000
      vertex 12.900 4.200 1.000
    endloop
  endfacet
  facet normal 0 0 1
    outer loop
      vertex 12.000 4.200 3.200
      vertex 12.900 4.200 3.200
      vertex 12.900 5.400 3.200
    endloop
  endfacet
  facet normal 0 0 1
    outer loop
      vertex 12.000 4.200 3.200
      vertex 12.900 5.400 3.200
      vertex 12.000 5.400 3.200
    endloop
  endfacet
endsolid rack:B08:-y
solid rack:B09:-y
  facet normal -1 0 0
    outer loop
      vertex 12.900 4.200 1.000
      vertex 12.900 4.200 3.200
      vertex 12.900 5.400 3.200
    endloop
  endfacet
  facet normal -1 0 0
    outer loop
      vertex 12.900 4.200 1.000
      vertex 12.900 5.400 3.200
      vertex 12.900 5.400 1.000
    endloop
  endfacet
  facet normal 1 0 0
    outer loop
      vertex 13.800 4.200 1.000
      vertex 13.800 5.400 1.000
      vertex 13.800 5.400 3.200
    endloop
  endfacet
  facet normal 1 0 0
    outer loop
      vertex 13.800 4.200 1.000
      vertex 13.800 5.400 3.200
      vertex 13.800 4.200 3.200
    endloop
  endfacet
  facet normal 0 -1 0
    outer loop
      vertex 12.900 4.200 1.000
      vertex 13.800 4.200 1.000
      vertex 13.800 4.200 3.200
    endloop
  endfacet
  facet normal 0 -1 0
    outer loop
      vertex 12.900 4.200 1.000
      vertex 13.800 4.200 3.200
      vertex 12.900 4.200 3.200
    endloop
  endfacet
  facet normal 0 1 0
    outer loop
      vertex 12.900 5.400 1.000
      vertex 12.900 5.400 3.200
      vertex 13.800 5.400 3.200
    endloop
  endfacet
  facet normal 0 1 0
    outer loop
      vertex 12.900 5.400 1.000
      vertex 13.800 5.400 3.200
      vertex 13.800 5.400 1.000
    endloop
  endfacet
  facet normal 0 0 -1
    outer loop
      vertex 12.900 4.200 1.000
      vertex 12.900 5.400 1.000
      vertex 13.800 5.400 1.000
    endloop
  endfacet
  facet normal 0 0 -1
    outer loop
      vertex 12.900 4.200 1.000
      vertex 13.800 5.400 1.000
      vertex 13.800 4.200 1.000
    endloop
  endfacet
  facet normal 0 0 1
    outer loop
      vertex 12.900 4.200 3.200
      vertex 13.800 4.200 3.200
      vertex 13.800 5.400 3.200
    endloop
  endfacet
  facet normal 0 0 1
    outer loop
      vertex 12.900 4.200 3.200
      vertex 13.800 5.400 3.200
      vertex 12.900 5.400 3.200
    endloop
  endfacet
endsolid rack:B09:-y
solid rack:B10:-y
  facet normal -1 0 0
    outer loop
      vertex 13.800 4.200 1.000
      vertex 13.800 4.200 3.200
      vertex 13.800 5.400 3.200
    endloop
  endfacet
  facet normal -1 0 0
    outer loop
      vertex 13.800 4.200 1.000
      vertex 13.800 5.400 3.200
      vertex 13.800 5.400 1.000
    endloop
  endfacet
  facet normal 1 0 0
    outer loop
      vertex 14.700 4.200 1.000
      vertex 14.700 5.400 1.000
      vertex 14.700 5.400 3.200
    endloop
  endfacet
  facet normal 1 0 0
    outer loop
      vertex 14.700 4.200 1.000
      vertex 14.700 5.400 3.200
      vertex 14.700 4.200 3.200
    endloop
  endfacet
  facet normal 0 -1 0
    outer loop
      vertex 13.800 4.200 1.000
      vertex 14.700 4.200 1.000
      vertex 14.700 4.200 3.200
    endloop
  endfacet
  facet normal 0 -1 0
    outer loop
      vertex 13.800 4.200 1.000
      vertex 14.700 4.200 3.200
      vertex 13.800 4.200 3.200
    endloop
  endfacet
  facet normal 0 1 0
    outer loop
      vertex 13.800 5.400 1.000
      vertex 13.800 5.400 3.200
      vertex 14.700 5.400 3.200
    endloop
  endfacet
  facet normal 0 1 0
    outer loop
      vertex 13.800 5.400 1.000
      vertex 14.700 5.400 3.200
      vertex 14.700 5.400 1.000
    endloop
  endfacet
  facet normal 0 0 -1
    outer loop
      vertex 13.800 4.200 1.000
      vertex 13.800 5.400 1.000
      vertex 14.700 5.400 1.000
    endloop
  endfacet
  facet normal 0 0 -1
    outer loop
      vertex 13.800 4.200 1.000
      vertex 14.700 5.400 1.000
      vertex 14.700 4.200 1.000
    endloop
  endfacet
  facet normal 0 0 1
    outer loop
      vertex 13.800 4.200 3.200
      vertex 14.700 4.200 3.200
      vertex 14.700 5.400 3.200
    endloop
  endfacet
  facet normal 0 0 1
    outer loop
      vertex 13.800 4.200 3.200
      vertex 14.700 5.400 3.200
      vertex 13.800 5.400 3.200
    endloop
  endfacet
endsolid rack:B10:-y
solid rack:B11:-y
  facet normal -1 0 0
    outer loop
      vertex 14.700 4.200 1.000
      vertex 14.700 4.200 3.200
      vertex 14.700 5.400 3.200
    endloop
  endfacet
  facet normal -1 0 0
    outer loop
      vertex 14.700 4.200 1.000
      vertex 14.700 5.400 3.200
      vertex 14.700 5.400 1.000
    endloop
  endfacet
  facet normal 1 0 0
    outer loop
      vertex 15.600 4.200 1.000
      vertex 15.600 5.400 1.000
      vertex 15.600 5.400 3.200
    endloop
  endfacet
  facet normal 1 0 0
    outer loop
      vertex 15.600 4.200 1.000
      vertex 15.600 5.400 3.200
      vertex 15.600 4.200 3.200
    endloop
  endfacet
  facet normal 0 -1 0
    outer loop
      vertex 14.700 4.200 1.000
      vertex 15.600 4.200 1.000
      vertex 15.600 4.200 3.200
    endloop
  endfacet
  facet normal 0 -1 0
    outer loop
      vertex 14.700 4.200 1.000
      vertex 15.600 4.200 3.200
      vertex 14.700 4.200 3.200
    endloop
  endfacet
  facet normal 0 1 0
    outer loop
      vertex 14.700 5.400 1.000
      vertex 14.700 5.400 3.200
      vertex 15.600 5.400 3.200
    endloop
  endfacet
  facet normal 0 1 0
    outer loop
      vertex 14.700 5.400 1.000
      vertex 15.600 5.400 3.200
      vertex 15.600 5.400 1.000
    endloop
  endfacet
  facet normal 0 0 -1
    outer loop
      vertex 14.700 4.200 1.000
      vertex 14.700 5.400 1.000
      vertex 15.600 5.400 1.000
    endloop
  endfacet
  facet normal 0 0 -1
    outer loop
      vertex 14.700 4.200 1.000
      vertex 15.600 5.400 1.000
      vertex 15.600 4.200 1.000
    endloop
  endfacet
  facet normal 0 0 1
    outer loop
      vertex 14.700 4.200 3.200
      vertex 15.600 4.200 3.200
      vertex 15.600 5.400 3.200
    endloop
  endfacet
  facet normal 0 0 1
    outer loop
      vertex 14.700 4.200 3.200
      vertex 15.600 5.400 3.200
      vertex 14.700 5.400 3.200
    endloop
  endfacet
endsolid rack:B11:-y
solid rack:B12:-y
  facet normal -1 0 0
    outer loop
      vertex 15.600 4.200 1.000
      vertex 15.600 4.200 3.200
      vertex 15.600 5.400 3.200
    endloop
  endfacet
  facet normal -1 0 0
    outer loop
      vertex 15.600 4.200 1.000
      vertex 15.600 5.400 3.200
      vertex 15.600 5.400 1.000
    endloop
  endfacet
  facet normal 1 0 0
    outer loop
      vertex 16.200 4.200 1.000
      vertex 16.200 5.400 1.000
      vertex 16.200 5.400 3.200
    endloop
  endfacet
  facet normal 1 0 0
    outer loop
      vertex 16.200 4.200 1.000
      vertex 16.200 5.400 3.200
      vertex 16.200 4.200 3.200
    endloop
  endfacet
  facet normal 0 -1 0
    outer loop
      vertex 15.600 4.200 1.000
      vertex 16.200 4.200 1.000
      vertex 16.200 4.200 3.200
    endloop
  endfacet
  facet normal 0 -1 0
    outer loop
      vertex 15.600 4.200 1.000
      vertex 16.200 4.200 3.200
      vertex 15.600 4.200 3.200
    endloop
  endfacet
  facet normal 0 1 0
    outer loop
      vertex 15.600 5.400 1.000
      vertex 15.600 5.400 3.200
      vertex 16.200 5.400 3.200
    endloop
  endfacet
  facet normal 0 1 0
    outer loop
      vertex 15.600 5.400 1.000
      vertex 16.200 5.400 3.200
      vertex 16.200 5.400 1.000
    endloop
  endfacet
  facet normal 0 0 -1
    outer loop
      vertex 15.600 4.200 1.000
      vertex 15.600 5.400 1.000
      vertex 16.200 5.400 1.000
    endloop
  endfacet
  facet normal 0 0 -1
    outer loop
      vertex 15.600 4.200 1.000
      vertex 16.200 5.400 1.000
      vertex 16.200 4.200 1.000
    endloop
  endfacet
  facet normal 0 0 1
    outer loop
      vertex 15.600 4.200 3.200
      vertex 16.200 4.200 3.200
      vertex 16.200 5.400 3.200
    endloop
  endfacet
  facet normal 0 0 1
    outer loop
      vertex 15.600 4.200 3.200
      vertex 16.200 5.400 3.200
      vertex 15.600 5.400 3.200
    endloop
  endfacet
endsolid rack:B12:-y
solid rack:B13:-y
  facet normal -1 0 0
    outer loop
      vertex 16.200 4.200 1.000
      vertex 16.200 4.200 3.200
      vertex 16.200 5.400 3.200
    endloop
  endfacet
  facet normal -1 0 0
    outer loop
      vertex 16.200 4.200 1.000
      vertex 16.200 5.400 3.200
      vertex 16.200 5.400 1.000
    endloop
  endfacet
  facet normal 1 0 0
    outer loop
      vertex 16.800 4.200 1.000
      vertex 16.800 5.400 1.000
      vertex 16.800 5.400 3.200
    endloop
  endfacet
  facet normal 1 0 0
    outer loop
      vertex 16.800 4.200 1.000
      vertex 16.800 5.400 3.200
      vertex 16.800 4.200 3.200
    endloop
  endfacet
  facet normal 0 -1 0
    outer loop
      vertex 16.200 4.200 1.000
      vertex 16.800 4.200 1.000
      vertex 16.800 4.200 3.200
    endloop
  endfacet
  facet normal 0 -1 0
    outer loop
      vertex 16.200 4.200 1.000
      vertex 16.800 4.200 3.200
      vertex 16.200 4.200 3.200
    endloop
  endfacet
  facet normal 0 1 0
    outer loop
      vertex 16.200 5.400 1.000
      vertex 16.200 5.400 3.200
      vertex 16.800 5.400 3.200
    endloop
  endfacet
  facet normal 0 1 0
    outer loop
      vertex 16.200 5.400 1.000
      vertex 16.800 5.400 3.200
      vertex 16.800 5.400 1.000
    endloop
  endfacet
  facet normal 0 0 -1
    outer loop
      vertex 16.200 4.200 1.000
      vertex 16.200 5.400 1.000
      vertex 16.800 5.400 1.000
    endloop
  endfacet
  facet normal 0 0 -1
    outer loop
      vertex 16.200 4.200 1.000
      vertex 16.800 5.400 1.000
      vertex 16.800 4.200 1.000
    endloop
  endfacet
  facet normal 0 0 1
    outer loop
      vertex 16.200 4.200 3.200
      vertex 16.800 4.200 3.200
      vertex 16.800 5.400 3.200
    endloop
  endfacet
  facet normal 0 0 1
    outer loop
      vertex 16.200 4.200 3.200
      vertex 16.800 5.400 3.200
      vertex 16.200 5.400 3.200
    endloop
  endfacet
endsolid rack:B13:-y
solid rack:A01:+y
  facet normal -1 0 0
    outer loop
      vertex 5.700 1.200 1.000
      vertex 5.700 1.200 3.200
      vertex 5.700 2.400 3.200
    endloop
  endfacet
  facet normal -1 0 0
    outer loop
      vertex 5.700 1.200 1.000
      vertex 5.700 2.400 3.200
      vertex 5.700 2.400 1.000
    endloop
  endfacet
  facet normal 1 0 0
    outer loop
      vertex 6.600 1.200 1.000
      vertex 6.600 2.400 1.000
      vertex 6.600 2.400 3.200
    endloop
  endfacet
  facet normal 1 0 0
    outer loop
      vertex 6.600 1.200 1.000
      vertex 6.600 2.400 3.200
      vertex 6.600 1.200 3.200
    endloop
  endfacet
  facet normal 0 -1 0
    outer loop
      vertex 5.700 1.200 1.000
      vertex 6.600 1.200 1.000
      vertex 6.600 1.200 3.200
    endloop
  endfacet
  facet normal 0 -1 0
    outer loop
      vertex 5.700 1.200 1.000
      vertex 6.600 1.200 3.200
      vertex 5.700 1.200 3.200
    endloop
  endfacet
  facet normal 0 1 0
    outer loop
      vertex 5.700 2.400 1.000
      vertex 5.700 2.400 3.200
      vertex 6.600 2.400 3.200
    endloop
  endfacet
  facet normal 0 1 0
    outer loop
      vertex 5.700 2.400 1.000
      vertex 6.600 2.400 3.200
      vertex 6.600 2.400 1.000
    endloop
  endfacet
  facet normal 0 0 -1
    outer loop
      vertex 5.700 1.200 1.000
      vertex 5.700 2.400 1.000
      vertex 6.600 2.400 1.000
    endloop
  endfacet
  facet normal 0 0 -1
    outer loop
      vertex 5.700 1.200 1.000
      vertex 6.600 2.400 1.000
      vertex 6.600 1.200 1.000
    endloop
  endfacet
  facet normal 0 0 1
    outer loop
      vertex 5.700 1.200 3.200
      vertex 6.600 1.200 3.200
      vertex 6.600 2.400 3.200
    endloop
  endfacet
  facet normal 0 0 1
    outer loop
      vertex 5.700 1.200 3.200
      vertex 6.600 2.400 3.200
      vertex 5.700 2.400 3.200
    endloop
  endfacet
endsolid rack:A01:+y
solid rack:A02:+y
  facet normal -1 0 0
    outer loop
      vertex 6.600 1.200 1.000
      vertex 6.600 1.200 3.200
      vertex 6.600 2.400 3.200
    endloop
  endfacet
  facet normal -1 0 0
    outer loop
      vertex 6.600 1.200 1.000
      vertex 6.600 2.400 3.200
      vertex 6.600 2.400 1.000
    endloop
  endfacet
  facet normal 1 0 0
    outer loop
      vertex 7.500 1.200 1.000
      vertex 7.500 2.400 1.000
      vertex 7.500 2.400 3.200
    endloop
  endfacet
  facet normal 1 0 0
    outer loop
      vertex 7.500 1.200 1.000
      vertex 7.500 2.400 3.200
      vertex 7.500 1.200 3.200
    endloop
  endfacet
  facet normal 0 -1 0
    outer loop
      vertex 6.600 1.200 1.000
      vertex 7.500 1.200 1.000
      vertex 7.500 1.200 3.200
    endloop
  endfacet
  facet normal 0 -1 0
    outer loop
      vertex 6.600 1.200 1.000
      vertex 7.500 1.200 3.200
      vertex 6.600 1.200 3.200
    endloop
  endfacet
  facet normal 0 1 0
    outer loop
      vertex 6.600 2.400 1.000
      vertex 6.600 2.400 3.200
      vertex 7.500 2.400 3.200
    endloop
  endfacet
  facet normal 0 1 0
    outer loop
      vertex 6.600 2.400 1.000
      vertex 7.500 2.400 3.200
      vertex 7.500 2.400 1.000
    endloop
  endfacet
  facet normal 0 0 -1
    outer loop
      vertex 6.600 1.200 1.000
      vertex 6.600 2.400 1.000
      vertex 7.500 2.400 1.000
    endloop
  endfacet
  facet normal 0 0 -1
    outer loop
      vertex 6.600 1.200 1.000
      vertex 7.500 2.400 1.000
      vertex 7.500 1.200 1.000
    endloop
  endfacet
  facet normal 0 0 1
    outer loop
      vertex 6.600 1.200 3.200
      vertex 7.500 1.200 3.200
      vertex 7.500 2.400 3.200
    endloop
  endfacet
  facet normal 0 0 1
    outer loop
      vertex 6.600 1.200 3.200
      vertex 7.500 2.400 3.200
      vertex 6.600 2.400 3.200
    endloop
  endfacet
endsolid rack:A02:+y
solid rack:A03:+y
  facet normal -1 0 0
    outer loop
      vertex 7.500 1.200 1.000
      vertex 7.500 1.200 3.200
      vertex 7.500 2.400 3.200
    endloop
  endfacet
  facet normal -1 0 0
    outer loop
      vertex 7.500 1.200 1.000
      vertex 7.500 2.400 3.200
      vertex 7.500 2.400 1.000
    endloop
  endfacet
  facet normal 1 0 0
    outer loop
      vertex 8.400 1.200 1.000
      vertex 8.400 2.400 1.000
      vertex 8.400 2.400 3.200
    endloop
  endfacet
  facet normal 1 0 0
    outer loop
      vertex 8.400 1.200 1.000
      vertex 8.400 2.400 3.200
      vertex 8.400 1.200 3.200
    endloop
  endfacet
  facet normal 0 -1 0
    outer loop
      vertex 7.500 1.200 1.000
      vertex 8.400 1.200 1.000
      vertex 8.400 1.200 3.200
    endloop
  endfacet
  facet normal 0 -1 0
    outer loop
      vertex 7.500 1.200 1.000
      vertex 8.400 1.200 3.200
      vertex 7.500 1.200 3.200
    endloop
  endfacet
  facet normal 0 1 0
    outer loop
      vertex 7.500 2.400 1.000
      vertex 7.500 2.400 3.200
      vertex 8.400 2.400 3.200
    endloop
  endfacet
  facet normal 0 1 0
    outer loop
      vertex 7.500 2.400 1.000
      vertex 8.400 2.400 3.200
      vertex 8.400 2.400 1.000
    endloop
  endfacet
  facet normal 0 0 -1
    outer loop
      vertex 7.500 1.200 1.000
      vertex 7.500 2.400 1.000
      vertex 8.400 2.400 1.000
    endloop
  endfacet
  facet normal 0 0 -1
    outer loop
      vertex 7.500 1.200 1.000
      vertex 8.400 2.400 1.000
      vertex 8.400 1.200 1.000
    endloop
  endfacet
  facet normal 0 0 1
    outer loop
      vertex 7.500 1.200 3.200
      vertex 8.400 1.200 3.200
      vertex 8.400 2.400 3.200
    endloop
  endfacet
  facet normal 0 0 1
    outer loop
      vertex 7.500 1.200 3.200
      vertex 8.400 2.400 3.200
      vertex 7.500 2.400 3.200
    endloop
  endfacet
endsolid rack:A03:+y
solid rack:A04:+y
  facet normal -1 0 0
    outer loop
      vertex 8.400 1.200 1.000
      vertex 8.400 1.200 3.200
      vertex 8.400 2.400 3.200
    endloop
  endfacet
  facet normal -1 0 0
    outer loop
      vertex 8.400 1.200 1.000
      vertex 8.400 2.400 3.200
      vertex 8.400 2.400 1.000
    endloop
  endfacet
  facet normal 1 0 0
    outer loop
      vertex 9.300 1.200 1.000
      vertex 9.300 2.400 1.000
      vertex 9.300 2.400 3.200
    endloop
  endfacet
  facet normal 1 0 0
    outer loop
      vertex 9.300 1.200 1.000
      vertex 9.300 2.400 3.200
      vertex 9.300 1.200 3.200
    endloop
  endfacet
  facet normal 0 -1 0
    outer loop
      vertex 8.400 1.200 1.000
      vertex 9.300 1.200 1.000
      vertex 9.300 1.200 3.200
    endloop
  endfacet
  facet normal 0 -1 0
    outer loop
      vertex 8.400 1.200 1.000
      vertex 9.300 1.200 3.200
      vertex 8.400 1.200 3.200
    endloop
  endfacet
  facet normal 0 1 0
    outer loop
      vertex 8.400 2.400 1.000
      vertex 8.400 2.400 3.200
      vertex 9.300 2.400 3.200
    endloop
  endfacet
  facet normal 0 1 0
    outer loop
      vertex 8.400 2.400 1.000
      vertex 9.300 2.400 3.200
      vertex 9.300 2.400 1.000
    endloop
  endfacet
  facet normal 0 0 -1
    outer loop
      vertex 8.400 1.200 1.000
      vertex 8.400 2.400 1.000
      vertex 9.300 2.400 1.000
    endloop
  endfacet
  facet normal 0 0 -1
    outer loop
      vertex 8.400 1.200 1.000
      vertex 9.300 2.400 1.000
      vertex 9.300 1.200 1.000
    endloop
  endfacet
  facet normal 0 0 1
    outer loop
      vertex 8.400 1.200 3.200
      vertex 9.300 1.200 3.200
      vertex 9.300 2.400 3.200
    endloop
  endfacet
  facet normal 0 0 1
    outer loop
      vertex 8.400 1.200 3.200
      vertex 9.300 2.400 3.200
      vertex 8.400 2.400 3.200
    endloop
  endfacet
endsolid rack:A04:+y
solid rack:A05:+y
  facet normal -1 0 0
    outer loop
      vertex 9.300 1.200 1.000
      vertex 9.300 1.200 3.200
      vertex 9.300 2.400 3.200
    endloop
  endfacet
  facet normal -1 0 0
    outer loop
      vertex 9.300 1.200 1.000
      vertex 9.300 2.400 3.200
      vertex 9.300 2.400 1.000
    endloop
  endfacet
  facet normal 1 0 0
    outer loop
      vertex 10.200 1.200 1.000
      vertex 10.200 2.400 1.000
      vertex 10.200 2.400 3.200
    endloop
  endfacet
  facet normal 1 0 0
    outer loop
      vertex 10.200 1.200 1.000
      vertex 10.200 2.400 3.200
      vertex 10.200 1.200 3.200
    endloop
  endfacet
  facet normal 0 -1 0
    outer loop
      vertex 9.300 1.200 1.000
      vertex 10.200 1.200 1.000
      vertex 10.200 1.200 3.200
    endloop
  endfacet
  facet normal 0 -1 0
    outer loop
      vertex 9.300 1.200 1.000
      vertex 10.200 1.200 3.200
      vertex 9.300 1.200 3.200
    endloop
  endfacet
  facet normal 0 1 0
    outer loop
      vertex 9.300 2.400 1.000
      vertex 9.300 2.400 3.200
      vertex 10.200 2.400 3.200
    endloop
  endfacet
  facet normal 0 1 0
    outer loop
      vertex 9.300 2.400 1.000
      vertex 10.200 2.400 3.200
      vertex 10.200 2.400 1.000
    endloop
  endfacet
  facet normal 0 0 -1
    outer loop
      vertex 9.300 1.200 1.000
      vertex 9.300 2.400 1.000
      vertex 10.200 2.400 1.000
    endloop
  endfacet
  facet normal 0 0 -1
    outer loop
      vertex 9.300 1.200 1.000
      vertex 10.200 2.400 1.000
      vertex 10.200 1.200 1.000
    endloop
  endfacet
  facet normal 0 0 1
    outer loop
      vertex 9.300 1.200 3.200
      vertex 10.200 1.200 3.200
      vertex 10.200 2.400 3.200
    endloop
  endfacet
  facet normal 0 0 1
    outer loop
      vertex 9.300 1.200 3.200
      vertex 10.200 2.400 3.200
      vertex 9.300 2.400 3.200
    endloop
  endfacet
endsolid rack:A05:+y
solid rack:A06:+y
  facet normal -1 0 0
    outer loop
      vertex 10.200 1.200 1.000
      vertex 10.200 1.200 3.200
      vertex 10.200 2.400 3.200
    endloop
  endfacet
  facet normal -1 0 0
    outer loop
      vertex 10.200 1.200 1.000
      vertex 10.200 2.400 3.200
      vertex 10.200 2.400 1.000
    endloop
  endfacet
  facet normal 1 0 0
    outer loop
      vertex 11.100 1.200 1.000
      vertex 11.100 2.400 1.000
      vertex 11.100 2.400 3.200
    endloop
  endfacet
  facet normal 1 0 0
    outer loop
      vertex 11.100 1.200 1.000
      vertex 11.100 2.400 3.200
      vertex 11.100 1.200 3.200
    endloop
  endfacet
  facet normal 0 -1 0
    outer loop
      vertex 10.200 1.200 1.000
      vertex 11.100 1.200 1.000
      vertex 11.100 1.200 3.200
    endloop
  endfacet
  facet normal 0 -1 0
    outer loop
      vertex 10.200 1.200 1.000
      vertex 11.100 1.200 3.200
      vertex 10.200 1.200 3.200
    endloop
  endfacet
  facet normal 0 1 0
    outer loop
      vertex 10.200 2.400 1.000
      vertex 10.200 2.400 3.200
      vertex 11.100 2.400 3.200
    endloop
  endfacet
  facet normal 0 1 0
    outer loop
      vertex 10.200 2.400 1.000
      vertex 11.100 2.400 3.200
      vertex 11.100 2.400 1.000
    endloop
  endfacet
  facet normal 0 0 -1
    outer loop
      vertex 10.200 1.200 1.000
      vertex 10.200 2.400 1.000
      vertex 11.100 2.400 1.000
    endloop
  endfacet
  facet normal 0 0 -1
    outer loop
      vertex 10.200 1.200 1.000
      vertex 11.100 2.400 1.000
      vertex 11.100 1.200 1.000
    endloop
  endfacet
  facet normal 0 0 1
    outer loop
      vertex 10.200 1.200 3.200
      vertex 11.100 1.200 3.200
      vertex 11.100 2.400 3.200
    endloop
  endfacet
  facet normal 0 0 1
    outer loop
      vertex 10.200 1.200 3.200
      vertex 11.100 2.400 3.200
      vertex 10.200 2.400 3.200
    endloop
  endfacet
endsolid rack:A06:+y
solid rack:A07:+y
  facet normal -1 0 0
    outer loop
      vertex 11.100 1.200 1.000
      vertex 11.100 1.200 3.200
      vertex 11.100 2.400 3.200
    endloop
  endfacet
  facet normal -1 0 0
    outer loop
      vertex 11.100 1.200 1.000
      vertex 11.100 2.400 3.200
      vertex 11.100 2.400 1.000
    endloop
  endfacet
  facet normal 1 0 0
    outer loop
      vertex 12.000 1.200 1.000
      vertex 12.000 2.400 1.000
      vertex 12.000 2.400 3.200
    endloop
  endfacet
  facet normal 1 0 0
    outer loop
      vertex 12.000 1.200 1.000
      vertex 12.000 2.400 3.200
      vertex 12.000 1.200 3.200
    endloop
  endfacet
  facet normal 0 -1 0
    outer loop
      vertex 11.100 1.200 1.000
      vertex 12.000 1.200 1.000
      vertex 12.000 1.200 3.200
    endloop
  endfacet
  facet normal 0 -1 0
    outer loop
      vertex 11.100 1.200 1.000
      vertex 12.000 1.200 3.200
      vertex 11.100 1.200 3.200
    endloop
  endfacet
  facet normal 0 1 0
    outer loop
      vertex 11.100 2.400 1.000
      vertex 11.100 2.400 3.200
      vertex 12.000 2.400 3.200
    endloop
  endfacet
  facet normal 0 1 0
    outer loop
      vertex 11.100 2.400 1.000
      vertex 12.000 2.400 3.200
      vertex 12.000 2.400 1.000
    endloop
  endfacet
  facet normal 0 0 -1
    outer loop
      vertex 11.100 1.200 1.000
      vertex 11.100 2.400 1.000
      vertex 12.000 2.400 1.000
    endloop
  endfacet
  facet normal 0 0 -1
    outer loop
      vertex 11.100 1.200 1.000
      vertex 12.000 2.400 1.000
      vertex 12.000 1.200 1.000
    endloop
  endfacet
  facet normal 0 0 1
    outer loop
      vertex 11.100 1.200 3.200
      vertex 12.000 1.200 3.200
      vertex 12.000 2.400 3.200
    endloop
  endfacet
  facet normal 0 0 1
    outer loop
      vertex 11.100 1.200 3.200
      vertex 12.000 2.400 3.200
      vertex 11.100 2.400 3.200
    endloop
  endfacet
endsolid rack:A07:+y
solid rack:A08:+y
  facet normal -1 0 0
    outer loop
      vertex 12.000 1.200 1.000
      vertex 12.000 1.200 3.200
      vertex 12.000 2.400 3.200
    endloop
  endfacet
  facet normal -1 0 0
    outer loop
      vertex 12.000 1.200 1.000
      vertex 12.000 2.400 3.200
      vertex 12.000 2.400 1.000
    endloop
  endfacet
  facet normal 1 0 0
    outer loop
      vertex 12.900 1.200 1.000
      vertex 12.900 2.400 1.000
      vertex 12.900 2.400 3.200
    endloop
  endfacet
  facet normal 1 0 0
    outer loop
      vertex 12.900 1.200 1.000
      vertex 12.900 2.400 3.200
      vertex 12.900 1.200 3.200
    endloop
  endfacet
  facet normal 0 -1 0
    outer loop
      vertex 12.000 1.200 1.000
      vertex 12.900 1.200 1.000
      vertex 12.900 1.200 3.200
    endloop
  endfacet
  facet normal 0 -1 0
    outer loop
      vertex 12.000 1.200 1.000
      vertex 12.900 1.200 3.200
      vertex 12.000 1.200 3.200
    endloop
  endfacet
  facet normal 0 1 0
    outer loop
      vertex 12.000 2.400 1.000
      vertex 12.000 2.400 3.200
      vertex 12.900 2.400 3.200
    endloop
  endfacet
  facet normal 0 1 0
    outer loop
      vertex 12.000 2.400 1.000
      vertex 12.900 2.400 3.200
      vertex 12.900 2.400 1.000
    endloop
  endfacet
  facet normal 0 0 -1
    outer loop
      vertex 12.000 1.200 1.000
      vertex 12.000 2.400 1.000
      vertex 12.900 2.400 1.000
    endloop
  endfacet
  facet normal 0 0 -1
    outer loop
      vertex 12.000 1.200 1.000
      vertex 12.900 2.400 1.000
      vertex 12.900 1.200 1.000
    endloop
  endfacet
  facet normal 0 0 1
    outer loop
      vertex 12.000 1.200 3.200
      vertex 12.900 1.200 3.200
      vertex 12.900 2.400 3.200
    endloop
  endfacet
  facet normal 0 0 1
    outer loop
      vertex 12.000 1.200 3.200
      vertex 12.900 2.400 3.200
      vertex 12.000 2.400 3.200
    endloop
  endfacet
endsolid rack:A08:+y
solid rack:A09:+y
  facet normal -1 0 0
    outer loop
      vertex 12.900 1.200 1.000
      vertex 12.900 1.200 3.200
      vertex 12.900 2.400 3.200
    endloop
  endfacet
  facet normal -1 0 0
    outer loop
      vertex 12.900 1.200 1.000
      vertex 12.900 2.400 3.200
      vertex 12.900 2.400 1.000
    endloop
  endfacet
  facet normal 1 0 0
    outer loop
      vertex 13.800 1.200 1.000
      vertex 13.800 2.400 1.000
      vertex 13.800 2.400 3.200
    endloop
  endfacet
  facet normal 1 0 0
    outer loop
      vertex 13.800 1.200 1.000
      vertex 13.800 2.400 3.200
      vertex 13.800 1.200 3.200
    endloop
  endfacet
  facet normal 0 -1 0
    outer loop
      vertex 12.900 1.200 1.000
      vertex 13.800 1.200 1.000
      vertex 13.800 1.200 3.200
    endloop
  endfacet
  facet normal 0 -1 0
    outer loop
      vertex 12.900 1.200 1.000
      vertex 13.800 1.200 3.200
      vertex 12.900 1.200 3.200
    endloop
  endfacet
  facet normal 0 1 0
    outer loop
      vertex 12.900 2.400 1.000
      vertex 12.900 2.400 3.200
      vertex 13.800 2.400 3.200
    endloop
  endfacet
  facet normal 0 1 0
    outer loop
      vertex 12.900 2.400 1.000
      vertex 13.800 2.400 3.200
      vertex 13.800 2.400 1.000
    endloop
  endfacet
  facet normal 0 0 -1
    outer loop
      vertex 12.900 1.200 1.000
      vertex 12.900 2.400 1.000
      vertex 13.800 2.400 1.000
    endloop
  endfacet
  facet normal 0 0 -1
    outer loop
      vertex 12.900 1.200 1.000
      vertex 13.800 2.400 1.000
      vertex 13.800 1.200 1.000
    endloop
  endfacet
  facet normal 0 0 1
    outer loop
      vertex 12.900 1.200 3.200
      vertex 13.800 1.200 3.200
      vertex 13.800 2.400 3.200
    endloop
  endfacet
  facet normal 0 0 1
    outer loop
      vertex 12.900 1.200 3.200
      vertex 13.800 2.400 3.200
      vertex 12.900 2.400 3.200
    endloop
  endfacet
endsolid rack:A09:+y
solid rack:A10:+y
  facet normal -1 0 0
    outer loop
      vertex 13.800 1.200 1.000
      vertex 13.800 1.200 3.200
      vertex 13.800 2.400 3.200
    endloop
  endfacet
  facet normal -1 0 0
    outer loop
      vertex 13.800 1.200 1.000
      vertex 13.800 2.400 3.200
      vertex 13.800 2.400 1.000
    endloop
  endfacet
  facet normal 1 0 0
    outer loop
      vertex 14.700 1.200 1.000
      vertex 14.700 2.400 1.000
      vertex 14.700 2.400 3.200
    endloop
  endfacet
  facet normal 1 0 0
    outer loop
      vertex 14.700 1.200 1.000
      vertex 14.700 2.400 3.200
      vertex 14.700 1.200 3.200
    endloop
  endfacet
  facet normal 0 -1 0
    outer loop
      vertex 13.800 1.200 1.000
      vertex 14.700 1.200 1.000
      vertex 14.700 1.200 3.200
    endloop
  endfacet
  facet normal 0 -1 0
    outer loop
      vertex 13.800 1.200 1.000
      vertex 14.700 1.200 3.200
      vertex 13.800 1.200 3.200
    endloop
  endfacet
  facet normal 0 1 0
    outer loop
      vertex 13.800 2.400 1.000
      vertex 13.800 2.400 3.200
      vertex 14.700 2.400 3.200
    endloop
  endfacet
  facet normal 0 1 0
    outer loop
      vertex 13.800 2.400 1.000
      vertex 14.700 2.400 3.200
      vertex 14.700 2.400 1.000
    endloop
  endfacet
  facet normal 0 0 -1
    outer loop
      vertex 13.800 1.200 1.000
      vertex 13.800 2.400 1.000
      vertex 14.700 2.400 1.000
    endloop
  endfacet
  facet normal 0 0 -1
    outer loop
      vertex 13.800 1.200 1.000
      vertex 14.700 2.400 1.000
      vertex 14.700 1.200 1.000
    endloop
  endfacet
  facet normal 0 0 1
    outer loop
      vertex 13.800 1.200 3.200
      vertex 14.700 1.200 3.200
      vertex 14.700 2.400 3.200
    endloop
  endfacet
  facet normal 0 0 1
    outer loop
      vertex 13.800 1.200 3.200
      vertex 14.700 2.400 3.200
      vertex 13.800 2.400 3.200
    endloop
  endfacet
endsolid rack:A10:+y
solid rack:A11:+y
  facet normal -1 0 0
    outer loop
      vertex 14.700 1.200 1.000
      vertex 14.700 1.200 3.200
      vertex 14.700 2.400 3.200
    endloop
  endfacet
  facet normal -1 0 0
    outer loop
      vertex 14.700 1.200 1.000
      vertex 14.700 2.400 3.200
      vertex 14.700 2.400 1.000
    endloop
  endfacet
  facet normal 1 0 0
    outer loop
      vertex 15.600 1.200 1.000
      vertex 15.600 2.400 1.000
      vertex 15.600 2.400 3.200
    endloop
  endfacet
  facet normal 1 0 0
    outer loop
      vertex 15.600 1.200 1.000
      vertex 15.600 2.400 3.200
      vertex 15.600 1.200 3.200
    endloop
  endfacet
  facet normal 0 -1 0
    outer loop
      vertex 14.700 1.200 1.000
      vertex 15.600 1.200 1.000
      vertex 15.600 1.200 3.200
    endloop
  endfacet
  facet normal 0 -1 0
    outer loop
      vertex 14.700 1.200 1.000
      vertex 15.600 1.200 3.200
      vertex 14.700 1.200 3.200
    endloop
  endfacet
  facet normal 0 1 0
    outer loop
      vertex 14.700 2.400 1.000
      vertex 14.700 2.400 3.200
      vertex 15.600 2.400 3.200
    endloop
  endfacet
  facet normal 0 1 0
    outer loop
      vertex 14.700 2.400 1.000
      vertex 15.600 2.400 3.200
      vertex 15.600 2.400 1.000
    endloop
  endfacet
  facet normal 0 0 -1
    outer loop
      vertex 14.700 1.200 1.000
      vertex 14.700 2.400 1.000
      vertex 15.600 2.400 1.000
    endloop
  endfacet
  facet normal 0 0 -1
    outer loop
      vertex 14.700 1.200 1.000
      vertex 15.600 2.400 1.000
      vertex 15.600 1.200 1.000
    endloop
  endfacet
  facet normal 0 0 1
    outer loop
      vertex 14.700 1.200 3.200
      vertex 15.600 1.200 3.200
      vertex 15.600 2.400 3.200
    endloop
  endfacet
  facet normal 0 0 1
    outer loop
      vertex 14.700 1.200 3.200
      vertex 15.600 2.400 3.200
      vertex 14.700 2.400 3.200
    endloop
  endfacet
endsolid rack:A11:+y
solid rack:A12:+y
  facet normal -1 0 0
    outer loop
      vertex 15.600 1.200 1.000
      vertex 15.600 1.200 3.200
      vertex 15.600 2.400 3.200
    endloop
  endfacet
  facet normal -1 0 0
    outer loop
      vertex 15.600 1.200 1.000
      vertex 15.600 2.400 3.200
      vertex 15.600 2.400 1.000
    endloop
  endfacet
  facet normal 1 0 0
    outer loop
      vertex 16.200 1.200 1.000
      vertex 16.200 2.400 1.000
      vertex 16.200 2.400 3.200
    endloop
  endfacet
  facet normal 1 0 0
    outer loop
      vertex 16.200 1.200 1.000
      vertex 16.200 2.400 3.200
      vertex 16.200 1.200 3.200
    endloop
  endfacet
  facet normal 0 -1 0
    outer loop
      vertex 15.600 1.200 1.000
      vertex 16.200 1.200 1.000
      vertex 16.200 1.200 3.200
    endloop
  endfacet
  facet normal 0 -1 0
    outer loop
      vertex 15.600 1.200 1.000
      vertex 16.200 1.200 3.200
      vertex 15.600 1.200 3.200
    endloop
  endfacet
  facet normal 0 1 0
    outer loop
      vertex 15.600 2.400 1.000
      vertex 15.600 2.400 3.200
      vertex 16.200 2.400 3.200
    endloop
  endfacet
  facet normal 0 1 0
    outer loop
      vertex 15.600 2.400 1.000
      vertex 16.200 2.400 3.200
      vertex 16.200 2.400 1.000
    endloop
  endfacet
  facet normal 0 0 -1
    outer loop
      vertex 15.600 1.200 1.000
      vertex 15.600 2.400 1.000
      vertex 16.200 2.400 1.000
    endloop
  endfacet
  facet normal 0 0 -1
    outer loop
      vertex 15.600 1.200 1.000
      vertex 16.200 2.400 1.000
      vertex 16.200 1.200 1.000
    endloop
  endfacet
  facet normal 0 0 1
    outer loop
      vertex 15.600 1.200 3.200
      vertex 16.200 1.200 3.200
      vertex 16.200 2.400 3.200
    endloop
  endfacet
  facet normal 0 0 1
    outer loop
      vertex 15.600 1.200 3.200
      vertex 16.200 2.400 3.200
      vertex 15.600 2.400 3.200
    endloop
  endfacet
endsolid rack:A12:+y
solid rack:A13:+y
  facet normal -1 0 0
    outer loop
      vertex 16.200 1.200 1.000
      vertex 16.200 1.200 3.200
      vertex 16.200 2.400 3.200
    endloop
  endfacet
  facet normal -1 0 0
    outer loop
      vertex 16.200 1.200 1.000
      vertex 16.200 2.400 3.200
      vertex 16.200 2.400 1.000
    endloop
  endfacet
  facet normal 1 0 0
    outer loop
      vertex 16.800 1.200 1.000
      vertex 16.800 2.400 1.000
      vertex 16.800 2.400 3.200
    endloop
  endfacet
  facet normal 1 0 0
    outer loop
      vertex 16.800 1.200 1.000
      vertex 16.800 2.400 3.200
      vertex 16.800 1.200 3.200
    endloop
  endfacet
  facet normal 0 -1 0
    outer loop
      vertex 16.200 1.200 1.000
      vertex 16.800 1.200 1.000
      vertex 16.800 1.200 3.200
    endloop
  endfacet
  facet normal 0 -1 0
    outer loop
      vertex 16.200 1.200 1.000
      vertex 16.800 1.200 3.200
      vertex 16.200 1.200 3.200
    endloop
  endfacet
  facet normal 0 1 0
    outer loop
      vertex 16.200 2.400 1.000
      vertex 16.200 2.400 3.200
      vertex 16.800 2.400 3.200
    endloop
  endfacet
  facet normal 0 1 0
    outer loop
      vertex 16.200 2.400 1.000
      vertex 16.800 2.400 3.200
      vertex 16.800 2.400 1.000
    endloop
  endfacet
  facet normal 0 0 -1
    outer loop
      vertex 16.200 1.200 1.000
      vertex 16.200 2.400 1.000
      vertex 16.800 2.400 1.000
    endloop
  endfacet
  facet normal 0 0 -1
    outer loop
      vertex 16.200 1.200 1.000
      vertex 16.800 2.400 1.000
      vertex 16.800 1.200 1.000
    endloop
  endfacet
  facet normal 0 0 1
    outer loop
      vertex 16.200 1.200 3.200
      vertex 16.800 1.200 3.200
      vertex 16.800 2.400 3.200
    endloop
  endfacet
  facet normal 0 0 1
    outer loop
      vertex 16.200 1.200 3.200
      vertex 16.800 2.400 3.200
      vertex 16.200 2.400 3.200
    endloop
  endfacet
endsolid rack:A13:+y
solid unit:UE-46
  facet normal -1 0 0
    outer loop
      vertex 3.000 2.400 1.000
      vertex 3.000 2.400 3.000
      vertex 3.000 5.100 3.000
    endloop
  endfacet
  facet normal -1 0 0
    outer loop
      vertex 3.000 2.400 1.000
      vertex 3.000 5.100 3.000
      vertex 3.000 5.100 1.000
    endloop
  endfacet
  facet normal 1 0 0
    outer loop
      vertex 3.900 2.400 1.000
      vertex 3.900 5.100 1.000
      vertex 3.900 5.100 3.000
    endloop
  endfacet
  facet normal 1 0 0
    outer loop
      vertex 3.900 2.400 1.000
      vertex 3.900 5.100 3.000
      vertex 3.900 2.400 3.000
    endloop
  endfacet
  facet normal 0 -1 0
    outer loop
      vertex 3.000 2.400 1.000
      vertex 3.900 2.400 1.000
      vertex 3.900 2.400 3.000
    endloop
  endfacet
  facet normal 0 -1 0
    outer loop
      vertex 3.000 2.400 1.000
      vertex 3.900 2.400 3.000
      vertex 3.000 2.400 3.000
    endloop
  endfacet
  facet normal 0 1 0
    outer loop
      vertex 3.000 5.100 1.000
      vertex 3.000 5.100 3.000
      vertex 3.900 5.100 3.000
    endloop
  endfacet
  facet normal 0 1 0
    outer loop
      vertex 3.000 5.100 1.000
      vertex 3.900 5.100 3.000
      vertex 3.900 5.100 1.000
    endloop
  endfacet
  facet normal 0 0 -1
    outer loop
      vertex 3.000 2.400 1.000
      vertex 3.000 5.100 1.000
      vertex 3.900 5.100 1.000
    endloop
  endfacet
  facet normal 0 0 -1
    outer loop
      vertex 3.000 2.400 1.000
      vertex 3.900 5.100 1.000
      vertex 3.900 2.400 1.000
    endloop
  endfacet
  facet normal 0 0 1
    outer loop
      vertex 3.000 2.400 3.000
      vertex 3.900 2.400 3.000
      vertex 3.900 5.100 3.000
    endloop
  endfacet
  facet normal 0 0 1
    outer loop
      vertex 3.000 2.400 3.000
      vertex 3.900 5.100 3.000
      vertex 3.000 5.100 3.000
    endloop
  endfacet
endsolid unit:UE-46
solid unit:UE-52
  facet normal -1 0 0
    outer loop
      vertex 3.000 7.200 1.000
      vertex 3.000 7.200 3.000
      vertex 3.000 9.900 3.000
    endloop
  endfacet
  facet normal -1 0 0
    outer loop
      vertex 3.000 7.200 1.000
      vertex 3.000 9.900 3.000
      vertex 3.000 9.900 1.000
    endloop
  endfacet
  facet normal 1 0 0
    outer loop
      vertex 3.900 7.200 1.000
      vertex 3.900 9.900 1.000
      vertex 3.900 9.900 3.000
    endloop
  endfacet
  facet normal 1 0 0
    outer loop
      vertex 3.900 7.200 1.000
      vertex 3.900 9.900 3.000
      vertex 3.900 7.200 3.000
    endloop
  endfacet
  facet normal 0 -1 0
    outer loop
      vertex 3.000 7.200 1.000
      vertex 3.900 7.200 1.000
      vertex 3.900 7.200 3.000
    endloop
  endfacet
  facet normal 0 -1 0
    outer loop
      vertex 3.000 7.200 1.000
      vertex 3.900 7.200 3.000
      vertex 3.000 7.200 3.000
    endloop
  endfacet
  facet normal 0 1 0
    outer loop
      vertex 3.000 9.900 1.000
      vertex 3.000 9.900 3.000
      vertex 3.900 9.900 3.000
    endloop
  endfacet
  facet normal 0 1 0
    outer loop
      vertex 3.000 9.900 1.000
      vertex 3.900 9.900 3.000
      vertex 3.900 9.900 1.000
    endloop
  endfacet
  facet normal 0 0 -1
    outer loop
      vertex 3.000 7.200 1.000
      vertex 3.000 9.900 1.000
      vertex 3.900 9.900 1.000
    endloop
  endfacet
  facet normal 0 0 -1
    outer loop
      vertex 3.000 7.200 1.000
      vertex 3.900 9.900 1.000
      vertex 3.900 7.200 1.000
    endloop
  endfacet
  facet normal 0 0 1
    outer loop
      vertex 3.000 7.200 3.000
      vertex 3.900 7.200 3.000
      vertex 3.900 9.900 3.000
    endloop
  endfacet
  facet normal 0 0 1
    outer loop
      vertex 3.000 7.200 3.000
      vertex 3.900 9.900 3.000
      vertex 3.000 9.900 3.000
    endloop
  endfacet
endsolid unit:UE-52
solid unit:UE-51
  facet normal -1 0 0
    outer loop
      vertex 3.000 11.700 1.000
      vertex 3.000 11.700 3.000
      vertex 3.000 14.400 3.000
    endloop
  endfacet
  facet normal -1 0 0
    outer loop
      vertex 3.000 11.700 1.000
      vertex 3.000 14.400 3.000
      vertex 3.000 14.400 1.000
    endloop
  endfacet
  facet normal 1 0 0
    outer loop
      vertex 3.900 11.700 1.000
      vertex 3.900 14.400 1.000
      vertex 3.900 14.400 3.000
    endloop
  endfacet
  facet normal 1 0 0
    outer loop
      vertex 3.900 11.700 1.000
      vertex 3.900 14.400 3.000
      vertex 3.900 11.700 3.000
    endloop
  endfacet
  facet normal 0 -1 0
    outer loop
      vertex 3.000 11.700 1.000
      vertex 3.900 11.700 1.000
      vertex 3.900 11.700 3.000
    endloop
  endfacet
  facet normal 0 -1 0
    outer loop
      vertex 3.000 11.700 1.000
      vertex 3.900 11.700 3.000
      vertex 3.000 11.700 3.000
    endloop
  endfacet
  facet normal 0 1 0
    outer loop
      vertex 3.000 14.400 1.000
      vertex 3.000 14.400 3.000
      vertex 3.900 14.400 3.000
    endloop
  endfacet
  facet normal 0 1 0
    outer loop
      vertex 3.000 14.400 1.000
      vertex 3.900 14.400 3.000
      vertex 3.900 14.400 1.000
    endloop
  endfacet
  facet normal 0 0 -1
    outer loop
      vertex 3.000 11.700 1.000
      vertex 3.000 14.400 1.000
      vertex 3.900 14.400 1.000
    endloop
  endfacet
  facet normal 0 0 -1
    outer loop
      vertex 3.000 11.700 1.000
      vertex 3.900 14.400 1.000
      vertex 3.900 11.700 1.000
    endloop
  endfacet
  facet normal 0 0 1
    outer loop
      vertex 3.000 11.700 3.000
      vertex 3.900 11.700 3.000
      vertex 3.900 14.400 3.000
    endloop
  endfacet
  facet normal 0 0 1
    outer loop
      vertex 3.000 11.700 3.000
      vertex 3.900 14.400 3.000
      vertex 3.000 14.400 3.000
    endloop
  endfacet
endsolid unit:UE-51
solid unit:UE-50
  facet normal -1 0 0
    outer loop
      vertex 3.000 16.500 1.000
      vertex 3.000 16.500 3.000
      vertex 3.000 19.200 3.000
    endloop
  endfacet
  facet normal -1 0 0
    outer loop
      vertex 3.000 16.500 1.000
      vertex 3.000 19.200 3.000
      vertex 3.000 19.200 1.000
    endloop
  endfacet
  facet normal 1 0 0
    outer loop
      vertex 3.900 16.500 1.000
      vertex 3.900 19.200 1.000
      vertex 3.900 19.200 3.000
    endloop
  endfacet
  facet normal 1 0 0
    outer loop
      vertex 3.900 16.500 1.000
      vertex 3.900 19.200 3.000
      vertex 3.900 16.500 3.000
    endloop
  endfacet
  facet normal 0 -1 0
    outer loop
      vertex 3.000 16.500 1.000
      vertex 3.900 16.500 1.000
      vertex 3.900 16.500 3.000
    endloop
  endfacet
  facet normal 0 -1 0
    outer loop
      vertex 3.000 16.500 1.000
      vertex 3.900 16.500 3.000
      vertex 3.000 16.500 3.000
    endloop
  endfacet
  facet normal 0 1 0
    outer loop
      vertex 3.000 19.200 1.000
      vertex 3.000 19.200 3.000
      vertex 3.900 19.200 3.000
    endloop
  endfacet
  facet normal 0 1 0
    outer loop
      vertex 3.000 19.200 1.000
      vertex 3.900 19.200 3.000
      vertex 3.900 19.200 1.000
    endloop
  endfacet
  facet normal 0 0 -1
    outer loop
      vertex 3.000 16.500 1.000
      vertex 3.000 19.200 1.000
      vertex 3.900 19.200 1.000
    endloop
  endfacet
  facet normal 0 0 -1
    outer loop
      vertex 3.000 16.500 1.000
      vertex 3.900 19.200 1.000
      vertex 3.900 16.500 1.000
    endloop
  endfacet
  facet normal 0 0 1
    outer loop
      vertex 3.000 16.500 3.000
      vertex 3.900 16.500 3.000
      vertex 3.900 19.200 3.000
    endloop
  endfacet
  facet normal 0 0 1
    outer loop
      vertex 3.000 16.500 3.000
      vertex 3.900 19.200 3.000
      vertex 3.000 19.200 3.000
    endloop
  endfacet
endsolid unit:UE-50
solid unit:UE-49
  facet normal -1 0 0
    outer loop
      vertex 3.000 21.300 1.000
      vertex 3.000 21.300 3.000
      vertex 3.000 24.000 3.000
    endloop
  endfacet
  facet normal -1 0 0
    outer loop
      vertex 3.000 21.300 1.000
      vertex 3.000 24.000 3.000
      vertex 3.000 24.000 1.000
    endloop
  endfacet
  facet normal 1 0 0
    outer loop
      vertex 3.900 21.300 1.000
      vertex 3.900 24.000 1.000
      vertex 3.900 24.000 3.000
    endloop
  endfacet
  facet normal 1 0 0
    outer loop
      vertex 3.900 21.300 1.000
      vertex 3.900 24.000 3.000
      vertex 3.900 21.300 3.000
    endloop
  endfacet
  facet normal 0 -1 0
    outer loop
      vertex 3.000 21.300 1.000
      vertex 3.900 21.300 1.000
      vertex 3.900 21.300 3.000
    endloop
  endfacet
  facet normal 0 -1 0
    outer loop
      vertex 3.000 21.300 1.000
      vertex 3.900 21.300 3.000
      vertex 3.000 21.300 3.000
    endloop
  endfacet
  facet normal 0 1 0
    outer loop
      vertex 3.000 24.000 1.000
      vertex 3.000 24.000 3.000
      vertex 3.900 24.000 3.000
    endloop
  endfacet
  facet normal 0 1 0
    outer loop
      vertex 3.000 24.000 1.000
      vertex 3.900 24.000 3.000
      vertex 3.900 24.000 1.000
    endloop
  endfacet
  facet normal 0 0 -1
    outer loop
      vertex 3.000 21.300 1.000
      vertex 3.000 24.000 1.000
      vertex 3.900 24.000 1.000
    endloop
  endfacet
  facet normal 0 0 -1
    outer loop
      vertex 3.000 21.300 1.000
      vertex 3.900 24.000 1.000
      vertex 3.900 21.300 1.000
    endloop
  endfacet
  facet normal 0 0 1
    outer loop
      vertex 3.000 21.300 3.000
      vertex 3.900 21.300 3.000
      vertex 3.900 24.000 3.000
    endloop
  endfacet
  facet normal 0 0 1
    outer loop
      vertex 3.000 21.300 3.000
      vertex 3.900 24.000 3.000
      vertex 3.000 24.000 3.000
    endloop
  endfacet
endsolid unit:UE-49
solid unit:UE-48
  facet normal -1 0 0
    outer loop
      vertex 3.000 26.100 1.000
      vertex 3.000 26.100 3.000
      vertex 3.000 28.800 3.000
    endloop
  endfacet
  facet normal -1 0 0
    outer loop
      vertex 3.000 26.100 1.000
      vertex 3.000 28.800 3.000
      vertex 3.000 28.800 1.000
    endloop
  endfacet
  facet normal 1 0 0
    outer loop
      vertex 3.900 26.100 1.000
      vertex 3.900 28.800 1.000
      vertex 3.900 28.800 3.000
    endloop
  endfacet
  facet normal 1 0 0
    outer loop
      vertex 3.900 26.100 1.000
      vertex 3.900 28.800 3.000
      vertex 3.900 26.100 3.000
    endloop
  endfacet
  facet normal 0 -1 0
    outer loop
      vertex 3.000 26.100 1.000
      vertex 3.900 26.100 1.000
      vertex 3.900 26.100 3.000
    endloop
  endfacet
  facet normal 0 -1 0
    outer loop
      vertex 3.000 26.100 1.000
      vertex 3.900 26.100 3.000
      vertex 3.000 26.100 3.000
    endloop
  endfacet
  facet normal 0 1 0
    outer loop
      vertex 3.000 28.800 1.000
      vertex 3.000 28.800 3.000
      vertex 3.900 28.800 3.000
    endloop
  endfacet
  facet normal 0 1 0
    outer loop
      vertex 3.000 28.800 1.000
      vertex 3.900 28.800 3.000
      vertex 3.900 28.800 1.000
    endloop
  endfacet
  facet normal 0 0 -1
    outer loop
      vertex 3.000 26.100 1.000
      vertex 3.000 28.800 1.000
      vertex 3.900 28.800 1.000
    endloop
  endfacet
  facet normal 0 0 -1
    outer loop
      vertex 3.000 26.100 1.000
      vertex 3.900 28.800 1.000
      vertex 3.900 26.100 1.000
    endloop
  endfacet
  facet normal 0 0 1
    outer loop
      vertex 3.000 26.100 3.000
      vertex 3.900 26.100 3.000
      vertex 3.900 28.800 3.000
    endloop
  endfacet
  facet normal 0 0 1
    outer loop
      vertex 3.000 26.100 3.000
      vertex 3.900 28.800 3.000
      vertex 3.000 28.800 3.000
    endloop
  endfacet
endsolid unit:UE-48
solid unit:UE-47
  facet normal -1 0 0
    outer loop
      vertex 3.000 30.900 1.000
      vertex 3.000 30.900 3.000
      vertex 3.000 33.600 3.000
    endloop
  endfacet
  facet normal -1 0 0
    outer loop
      vertex 3.000 30.900 1.000
      vertex 3.000 33.600 3.000
      vertex 3.000 33.600 1.000
    endloop
  endfacet
  facet normal 1 0 0
    outer loop
      vertex 3.900 30.900 1.000
      vertex 3.900 33.600 1.000
      vertex 3.900 33.600 3.000
    endloop
  endfacet
  facet normal 1 0 0
    outer loop
      vertex 3.900 30.900 1.000
      vertex 3.900 33.600 3.000
      vertex 3.900 30.900 3.000
    endloop
  endfacet
  facet normal 0 -1 0
    outer loop
      vertex 3.000 30.900 1.000
      vertex 3.900 30.900 1.000
      vertex 3.900 30.900 3.000
    endloop
  endfacet
  facet normal 0 -1 0
    outer loop
      vertex 3.000 30.900 1.000
      vertex 3.900 30.900 3.000
      vertex 3.000 30.900 3.000
    endloop
  endfacet
  facet normal 0 1 0
    outer loop
      vertex 3.000 33.600 1.000
      vertex 3.000 33.600 3.000
      vertex 3.900 33.600 3.000
    endloop
  endfacet
  facet normal 0 1 0
    outer loop
      vertex 3.000 33.600 1.000
      vertex 3.900 33.600 3.000
      vertex 3.900 33.600 1.000
    endloop
  endfacet
  facet normal 0 0 -1
    outer loop
      vertex 3.000 30.900 1.000
      vertex 3.000 33.600 1.000
      vertex 3.900 33.600 1.000
    endloop
  endfacet
  facet normal 0 0 -1
    outer loop
      vertex 3.000 30.900 1.000
      vertex 3.900 33.600 1.000
      vertex 3.900 30.900 1.000
    endloop
  endfacet
  facet normal 0 0 1
    outer loop
      vertex 3.000 30.900 3.000
      vertex 3.900 30.900 3.000
      vertex 3.900 33.600 3.000
    endloop
  endfacet
  facet normal 0 0 1
    outer loop
      vertex 3.000 30.900 3.000
      vertex 3.900 33.600 3.000
      vertex 3.000 33.600 3.000
    endloop
  endfacet
endsolid unit:UE-47
solid unit:UE-45
  facet normal -1 0 0
    outer loop
      vertex 17.400 2.400 1.000
      vertex 17.400 2.400 3.000
      vertex 17.400 5.100 3.000
    endloop
  endfacet
  facet normal -1 0 0
    outer loop
      vertex 17.400 2.400 1.000
      vertex 17.400 5.100 3.000
      vertex 17.400 5.100 1.000
    endloop
  endfacet
  facet normal 1 0 0
    outer loop
      vertex 18.300 2.400 1.000
      vertex 18.300 5.100 1.000
      vertex 18.300 5.100 3.000
    endloop
  endfacet
  facet normal 1 0 0
    outer loop
      vertex 18.300 2.400 1.000
      vertex 18.300 5.100 3.000
      vertex 18.300 2.400 3.000
    endloop
  endfacet
  facet normal 0 -1 0
    outer loop
      vertex 17.400 2.400 1.000
      vertex 18.300 2.400 1.000
      vertex 18.300 2.400 3.000
    endloop
  endfacet
  facet normal 0 -1 0
    outer loop
      vertex 17.400 2.400 1.000
      vertex 18.300 2.400 3.000
      vertex 17.400 2.400 3.000
    endloop
  endfacet
  facet normal 0 1 0
    outer loop
      vertex 17.400 5.100 1.000
      vertex 17.400 5.100 3.000
      vertex 18.300 5.100 3.000
    endloop
  endfacet
  facet normal 0 1 0
    outer loop
      vertex 17.400 5.100 1.000
      vertex 18.300 5.100 3.000
      vertex 18.300 5.100 1.000
    endloop
  endfacet
  facet normal 0 0 -1
    outer loop
      vertex 17.400 2.400 1.000
      vertex 17.400 5.100 1.000
      vertex 18.300 5.100 1.000
    endloop
  endfacet
  facet normal 0 0 -1
    outer loop
      vertex 17.400 2.400 1.000
      vertex 18.300 5.100 1.000
      vertex 18.300 2.400 1.000
    endloop
  endfacet
  facet normal 0 0 1
    outer loop
      vertex 17.400 2.400 3.000
      vertex 18.300 2.400 3.000
      vertex 18.300 5.100 3.000
    endloop
  endfacet
  facet normal 0 0 1
    outer loop
      vertex 17.400 2.400 3.000
      vertex 18.300 5.100 3.000
      vertex 17.400 5.100 3.000
    endloop
  endfacet
endsolid unit:UE-45
solid unit:UE-44
  facet normal -1 0 0
    outer loop
      vertex 17.400 7.200 1.000
      vertex 17.400 7.200 3.000
      vertex 17.400 9.900 3.000
    endloop
  endfacet
  facet normal -1 0 0
    outer loop
      vertex 17.400 7.200 1.000
      vertex 17.400 9.900 3.000
      vertex 17.400 9.900 1.000
    endloop
  endfacet
  facet normal 1 0 0
    outer loop
      vertex 18.300 7.200 1.000
      vertex 18.300 9.900 1.000
      vertex 18.300 9.900 3.000
    endloop
  endfacet
  facet normal 1 0 0
    outer loop
      vertex 18.300 7.200 1.000
      vertex 18.300 9.900 3.000
      vertex 18.300 7.200 3.000
    endloop
  endfacet
  facet normal 0 -1 0
    outer loop
      vertex 17.400 7.200 1.000
      vertex 18.300 7.200 1.000
      vertex 18.300 7.200 3.000
    endloop
  endfacet
  facet normal 0 -1 0
    outer loop
      vertex 17.400 7.200 1.000
      vertex 18.300 7.200 3.000
      vertex 17.400 7.200 3.000
    endloop
  endfacet
  facet normal 0 1 0
    outer loop
      vertex 17.400 9.900 1.000
      vertex 17.400 9.900 3.000
      vertex 18.300 9.900 3.000
    endloop
  endfacet
  facet normal 0 1 0
    outer loop
      vertex 17.400 9.900 1.000
      vertex 18.300 9.900 3.000
      vertex 18.300 9.900 1.000
    endloop
  endfacet
  facet normal 0 0 -1
    outer loop
      vertex 17.400 7.200 1.000
      vertex 17.400 9.900 1.000
      vertex 18.300 9.900 1.000
    endloop
  endfacet
  facet normal 0 0 -1
    outer loop
      vertex 17.400 7.200 1.000
      vertex 18.300 9.900 1.000
      vertex 18.300 7.200 1.000
    endloop
  endfacet
  facet normal 0 0 1
    outer loop
      vertex 17.400 7.200 3.000
      vertex 18.300 7.200 3.000
      vertex 18.300 9.900 3.000
    endloop
  endfacet
  facet normal 0 0 1
    outer loop
      vertex 17.400 7.200 3.000
      vertex 18.300 9.900 3.000
      vertex 17.400 9.900 3.000
    endloop
  endfacet
endsolid unit:UE-44
solid unit:UE-43
  facet normal -1 0 0
    outer loop
      vertex 17.400 11.700 1.000
      vertex 17.400 11.700 3.000
      vertex 17.400 14.400 3.000
    endloop
  endfacet
  facet normal -1 0 0
    outer loop
      vertex 17.400 11.700 1.000
      vertex 17.400 14.400 3.000
      vertex 17.400 14.400 1.000
    endloop
  endfacet
  facet normal 1 0 0
    outer loop
      vertex 18.300 11.700 1.000
      vertex 18.300 14.400 1.000
      vertex 18.300 14.400 3.000
    endloop
  endfacet
  facet normal 1 0 0
    outer loop
      vertex 18.300 11.700 1.000
      vertex 18.300 14.400 3.000
      vertex 18.300 11.700 3.000
    endloop
  endfacet
  facet normal 0 -1 0
    outer loop
      vertex 17.400 11.700 1.000
      vertex 18.300 11.700 1.000
      vertex 18.300 11.700 3.000
    endloop
  endfacet
  facet normal 0 -1 0
    outer loop
      vertex 17.400 11.700 1.000
      vertex 18.300 11.700 3.000
      vertex 17.400 11.700 3.000
    endloop
  endfacet
  facet normal 0 1 0
    outer loop
      vertex 17.400 14.400 1.000
      vertex 17.400 14.400 3.000
      vertex 18.300 14.400 3.000
    endloop
  endfacet
  facet normal 0 1 0
    outer loop
      vertex 17.400 14.400 1.000
      vertex 18.300 14.400 3.000
      vertex 18.300 14.400 1.000
    endloop
  endfacet
  facet normal 0 0 -1
    outer loop
      vertex 17.400 11.700 1.000
      vertex 17.400 14.400 1.000
      vertex 18.300 14.400 1.000
    endloop
  endfacet
  facet normal 0 0 -1
    outer loop
      vertex 17.400 11.700 1.000
      vertex 18.300 14.400 1.000
      vertex 18.300 11.700 1.000
    endloop
  endfacet
  facet normal 0 0 1
    outer loop
      vertex 17.400 11.700 3.000
      vertex 18.300 11.700 3.000
      vertex 18.300 14.400 3.000
    endloop
  endfacet
  facet normal 0 0 1
    outer loop
      vertex 17.400 11.700 3.000
      vertex 18.300 14.400 3.000
      vertex 17.400 14.400 3.000
    endloop
  endfacet
endsolid unit:UE-43
solid unit:UE-42
  facet normal -1 0 0
    outer loop
      vertex 17.400 16.500 1.000
      vertex 17.400 16.500 3.000
      vertex 17.400 19.200 3.000
    endloop
  endfacet
  facet normal -1 0 0
    outer loop
      vertex 17.400 16.500 1.000
      vertex 17.400 19.200 3.000
      vertex 17.400 19.200 1.000
    endloop
  endfacet
  facet normal 1 0 0
    outer loop
      vertex 18.300 16.500 1.000
      vertex 18.300 19.200 1.000
      vertex 18.300 19.200 3.000
    endloop
  endfacet
  facet normal 1 0 0
    outer loop
      vertex 18.300 16.500 1.000
      vertex 18.300 19.200 3.000
      vertex 18.300 16.500 3.000
    endloop
  endfacet
  facet normal 0 -1 0
    outer loop
      vertex 17.400 16.500 1.000
      vertex 18.300 16.500 1.000
      vertex 18.300 16.500 3.000
    endloop
  endfacet
  facet normal 0 -1 0
    outer loop
      vertex 17.400 16.500 1.000
      vertex 18.300 16.500 3.000
      vertex 17.400 16.500 3.000
    endloop
  endfacet
  facet normal 0 1 0
    outer loop
      vertex 17.400 19.200 1.000
      vertex 17.400 19.200 3.000
      vertex 18.300 19.200 3.000
    endloop
  endfacet
  facet normal 0 1 0
    outer loop
      vertex 17.400 19.200 1.000
      vertex 18.300 19.200 3.000
      vertex 18.300 19.200 1.000
    endloop
  endfacet
  facet normal 0 0 -1
    outer loop
      vertex 17.400 16.500 1.000
      vertex 17.400 19.200 1.000
      vertex 18.300 19.200 1.000
    endloop
  endfacet
  facet normal 0 0 -1
    outer loop
      vertex 17.400 16.500 1.000
      vertex 18.300 19.200 1.000
      vertex 18.300 16.500 1.000
    endloop
  endfacet
  facet normal 0 0 1
    outer loop
      vertex 17.400 16.500 3.000
      vertex 18.300 16.500 3.000
      vertex 18.300 19.200 3.000
    endloop
  endfacet
  facet normal 0 0 1
    outer loop
      vertex 17.400 16.500 3.000
      vertex 18.300 19.200 3.000
      vertex 17.400 19.200 3.000
    endloop
  endfacet
endsolid unit:UE-42
solid unit:UE-41
  facet normal -1 0 0
    outer loop
      vertex 17.400 21.300 1.000
      vertex 17.400 21.300 3.000
      vertex 17.400 24.000 3.000
    endloop
  endfacet
  facet normal -1 0 0
    outer loop
      vertex 17.400 21.300 1.000
      vertex 17.400 24.000 3.000
      vertex 17.400 24.000 1.000
    endloop
  endfacet
  facet normal 1 0 0
    outer loop
      vertex 18.300 21.300 1.000
      vertex 18.300 24.000 1.000
      vertex 18.300 24.000 3.000
    endloop
  endfacet
  facet normal 1 0 0
    outer loop
      vertex 18.300 21.300 1.000
      vertex 18.300 24.000 3.000
      vertex 18.300 21.300 3.000
    endloop
  endfacet
  facet normal 0 -1 0
    outer loop
      vertex 17.400 21.300 1.000
      vertex 18.300 21.300 1.000
      vertex 18.300 21.300 3.000
    endloop
  endfacet
  facet normal 0 -1 0
    outer loop
      vertex 17.400 21.300 1.000
      vertex 18.300 21.300 3.000
      vertex 17.400 21.300 3.000
    endloop
  endfacet
  facet normal 0 1 0
    outer loop
      vertex 17.400 24.000 1.000
      vertex 17.400 24.000 3.000
      vertex 18.300 24.000 3.000
    endloop
  endfacet
  facet normal 0 1 0
    outer loop
      vertex 17.400 24.000 1.000
      vertex 18.300 24.000 3.000
      vertex 18.300 24.000 1.000
    endloop
  endfacet
  facet normal 0 0 -1
    outer loop
      vertex 17.400 21.300 1.000
      vertex 17.400 24.000 1.000
      vertex 18.300 24.000 1.000
    endloop
  endfacet
  facet normal 0 0 -1
    outer loop
      vertex 17.400 21.300 1.000
      vertex 18.300 24.000 1.000
      vertex 18.300 21.300 1.000
    endloop
  endfacet
  facet normal 0 0 1
    outer loop
      vertex 17.400 21.300 3.000
      vertex 18.300 21.300 3.000
      vertex 18.300 24.000 3.000
    endloop
  endfacet
  facet normal 0 0 1
    outer loop
      vertex 17.400 21.300 3.000
      vertex 18.300 24.000 3.000
      vertex 17.400 24.000 3.000
    endloop
  endfacet
endsolid unit:UE-41
solid unit:UE-40
  facet normal -1 0 0
    outer loop
      vertex 17.400 26.100 1.000
      vertex 17.400 26.100 3.000
      vertex 17.400 28.800 3.000
    endloop
  endfacet
  facet normal -1 0 0
    outer loop
      vertex 17.400 26.100 1.000
      vertex 17.400 28.800 3.000
      vertex 17.400 28.800 1.000
    endloop
  endfacet
  facet normal 1 0 0
    outer loop
      vertex 18.300 26.100 1.000
      vertex 18.300 28.800 1.000
      vertex 18.300 28.800 3.000
    endloop
  endfacet
  facet normal 1 0 0
    outer loop
      vertex 18.300 26.100 1.000
      vertex 18.300 28.800 3.000
      vertex 18.300 26.100 3.000
    endloop
  endfacet
  facet normal 0 -1 0
    outer loop
      vertex 17.400 26.100 1.000
      vertex 18.300 26.100 1.000
      vertex 18.300 26.100 3.000
    endloop
  endfacet
  facet normal 0 -1 0
    outer loop
      vertex 17.400 26.100 1.000
      vertex 18.300 26.100 3.000
      vertex 17.400 26.100 3.000
    endloop
  endfacet
  facet normal 0 1 0
    outer loop
      vertex 17.400 28.800 1.000
      vertex 17.400 28.800 3.000
      vertex 18.300 28.800 3.000
    endloop
  endfacet
  facet normal 0 1 0
    outer loop
      vertex 17.400 28.800 1.000
      vertex 18.300 28.800 3.000
      vertex 18.300 28.800 1.000
    endloop
  endfacet
  facet normal 0 0 -1
    outer loop
      vertex 17.400 26.100 1.000
      vertex 17.400 28.800 1.000
      vertex 18.300 28.800 1.000
    endloop
  endfacet
  facet normal 0 0 -1
    outer loop
      vertex 17.400 26.100 1.000
      vertex 18.300 28.800 1.000
      vertex 18.300 26.100 1.000
    endloop
  endfacet
  facet normal 0 0 1
    outer loop
      vertex 17.400 26.100 3.000
      vertex 18.300 26.100 3.000
      vertex 18.300 28.800 3.000
    endloop
  endfacet
  facet normal 0 0 1
    outer loop
      vertex 17.400 26.100 3.000
      vertex 18.300 28.800 3.000
      vertex 17.400 28.800 3.000
    endloop
  endfacet
endsolid unit:UE-40
solid unit:UE-39
  facet normal -1 0 0
    outer loop
      vertex 17.400 30.900 1.000
      vertex 17.400 30.900 3.000
      vertex 17.400 33.600 3.000
    endloop
  endfacet
  facet normal -1 0 0
    outer loop
      vertex 17.400 30.900 1.000
      vertex 17.400 33.600 3.000
      vertex 17.400 33.600 1.000
    endloop
  endfacet
  facet normal 1 0 0
    outer loop
      vertex 18.300 30.900 1.000
      vertex 18.300 33.600 1.000
      vertex 18.300 33.600 3.000
    endloop
  endfacet
  facet normal 1 0 0
    outer loop
      vertex 18.300 30.900 1.000
      vertex 18.300 33.600 3.000
      vertex 18.300 30.900 3.000
    endloop
  endfacet
  facet normal 0 -1 0
    outer loop
      vertex 17.400 30.900 1.000
      vertex 18.300 30.900 1.000
      vertex 18.300 30.900 3.000
    endloop
  endfacet
  facet normal 0 -1 0
    outer loop
      vertex 17.400 30.900 1.000
      vertex 18.300 30.900 3.000
      vertex 17.400 30.900 3.000
    endloop
  endfacet
  facet normal 0 1 0
    outer loop
      vertex 17.400 33.600 1.000
      vertex 17.400 33.600 3.000
      vertex 18.300 33.600 3.000
    endloop
  endfacet
  facet normal 0 1 0
    outer loop
      vertex 17.400 33.600 1.000
      vertex 18.300 33.600 3.000
      vertex 18.300 33.600 1.000
    endloop
  endfacet
  facet normal 0 0 -1
    outer loop
      vertex 17.400 30.900 1.000
      vertex 17.400 33.600 1.000
      vertex 18.300 33.600 1.000
    endloop
  endfacet
  facet normal 0 0 -1
    outer loop
      vertex 17.400 30.900 1.000
      vertex 18.300 33.600 1.000
      vertex 18.300 30.900 1.000
    endloop
  endfacet
  facet normal 0 0 1
    outer loop
      vertex 17.400 30.900 3.000
      vertex 18.300 30.900 3.000
      vertex 18.300 33.600 3.000
    endloop
  endfacet
  facet normal 0 0 1
    outer loop
      vertex 17.400 30.900 3.000
      vertex 18.300 33.600 3.000
      vertex 17.400 33.600 3.000
    endloop
  endfacet
endsolid unit:UE-39
solid lid:c1
  facet normal 0 0 1
    outer loop
      vertex 5.700 2.400 3.200
      vertex 17.100 2.400 3.200
      vertex 17.100 4.200 3.200
    endloop
  endfacet
  facet normal 0 0 1
    outer loop
      vertex 5.700 2.400 3.200
      vertex 17.100 4.200 3.200
      vertex 5.700 4.200 3.200
    endloop
  endfacet
endsolid lid:c1
solid lid:c2
  facet normal 0 0 1
    outer loop
      vertex 5.400 7.800 3.200
      vertex 16.800 7.800 3.200
      vertex 16.800 9.600 3.200
    endloop
  endfacet
  facet normal 0 0 1
    outer loop
      vertex 5.400 7.800 3.200
      vertex 16.800 9.600 3.200
      vertex 5.400 9.600 3.200
    endloop
  endfacet
endsolid lid:c2
solid lid:c3
  facet normal 0 0 1
    outer loop
      vertex 5.700 15.600 3.200
      vertex 15.900 15.600 3.200
      vertex 15.900 16.800 3.200
    endloop
  endfacet
  facet normal 0 0 1
    outer loop
      vertex 5.700 15.600 3.200
      vertex 15.900 16.800 3.200
      vertex 5.700 16.800 3.200
    endloop
  endfacet
endsolid lid:c3
solid lid:c4
  facet normal 0 0 1
    outer loop
      vertex 5.700 21.000 3.200
      vertex 15.900 21.000 3.200
      vertex 15.900 22.200 3.200
    endloop
  endfacet
  facet normal 0 0 1
    outer loop
      vertex 5.700 21.000 3.200
      vertex 15.900 22.200 3.200
      vertex 5.700 22.200 3.200
    endloop
  endfacet
endsolid lid:c4
solid lid:c5
  facet normal 0 0 1
    outer loop
      vertex 5.700 26.400 3.200
      vertex 15.900 26.400 3.200
      vertex 15.900 27.600 3.200
    endloop
  endfacet
  facet normal 0 0 1
    outer loop
      vertex 5.700 26.400 3.200
      vertex 15.900 27.600 3.200
      vertex 5.700 27.600 3.200
    endloop
  endfacet
endsolid lid:c5
solid lid:c6
  facet normal 0 0 1
    outer loop
      vertex 5.700 31.800 3.200
      vertex 15.900 31.800 3.200
      vertex 15.900 33.000 3.200
    endloop
  endfacet
  facet normal 0 0 1
    outer loop
      vertex 5.700 31.800 3.200
      vertex 15.900 33.000 3.200
      vertex 5.700 33.000 3.200
    endloop
  endfacet
endsolid lid:c6
solid door:c1_w
  facet normal 1 0 0
    outer loop
      vertex 5.700 2.400 1.000
      vertex 5.700 4.200 1.000
      vertex 5.700 4.200 3.200
    endloop
  endfacet
  facet normal 1 0 0
    outer loop
      vertex 5.700 2.400 1.000
      vertex 5.700 4.200 3.200
      vertex 5.700 2.400 3.200
    endloop
  endfacet
endsolid door:c1_w
solid door:c2_w
  facet normal 1 0 0
    outer loop
      vertex 5.400 7.800 1.000
      vertex 5.400 9.600 1.000
      vertex 5.400 9.600 3.200
    endloop
  endfacet
  facet normal 1 0 0
    outer loop
      vertex 5.400 7.800 1.000
      vertex 5.400 9.600 3.200
      vertex 5.400 7.800 3.200
    endloop
  endfacet
endsolid door:c2_w
solid door:c2_e
  facet normal 1 0 0
    outer loop
      vertex 16.800 7.800 1.000
      vertex 16.800 9.600 1.000
      vertex 16.800 9.600 3.200
    endloop
  endfacet
  facet normal 1 0 0
    outer loop
      vertex 16.800 7.800 1.000
      vertex 16.800 9.600 3.200
      vertex 16.800 7.800 3.200
    endloop
  endfacet
endsolid door:c2_e
solid door:c3_w
  facet normal 1 0 0
    outer loop
      vertex 5.700 15.600 1.000
      vertex 5.700 16.800 1.000
      vertex 5.700 16.800 3.200
    endloop
  endfacet
  facet normal 1 0 0
    outer loop
      vertex 5.700 15.600 1.000
      vertex 5.700 16.800 3.200
      vertex 5.700 15.600 3.200
    endloop
  endfacet
endsolid door:c3_w
solid door:c3_e
  facet normal 1 0 0
    outer loop
      vertex 15.900 15.600 1.000
      vertex 15.900 16.800 1.000
      vertex 15.900 16.800 3.200
    endloop
  endfacet
  facet normal 1 0 0
    outer loop
      vertex 15.900 15.600 1.000
      vertex 15.900 16.800 3.200
      vertex 15.900 15.600 3.200
    endloop
  endfacet
endsolid door:c3_e
solid door:c4_w
  facet normal 1 0 0
    outer loop
      vertex 5.700 21.000 1.000
      vertex 5.700 22.200 1.000
      vertex 5.700 22.200 3.200
    endloop
  endfacet
  facet normal 1 0 0
    outer loop
      vertex 5.700 21.000 1.000
      vertex 5.700 22.200 3.200
      vertex 5.700 21.000 3.200
    endloop
  endfacet
endsolid door:c4_w
solid door:c4_e
  facet normal 1 0 0
    outer loop
      vertex 15.900 21.000 1.000
      vertex 15.900 22.200 1.000
      vertex 15.900 22.200 3.200
    endloop
  endfacet
  facet normal 1 0 0
    outer loop
      vertex 15.900 21.000 1.000
      vertex 15.900 22.200 3.200
      vertex 15.900 21.000 3.200
    endloop
  endfacet
endsolid door:c4_e
solid door:c5_w
  facet normal 1 0 0
    outer loop
      vertex 5.700 26.400 1.000
      vertex 5.700 27.600 1.000
      vertex 5.700 27.600 3.200
    endloop
  endfacet
  facet normal 1 0 0
    outer loop
      vertex 5.700 26.400 1.000
      vertex 5.700 27.600 3.200
      vertex 5.700 26.400 3.200
    endloop
  endfacet
endsolid door:c5_w
solid door:c5_e
  facet normal 1 0 0
    outer loop
      vertex 15.900 26.400 1.000
      vertex 15.900 27.600 1.000
      vertex 15.900 27.600 3.200
    endloop
  endfacet
  facet normal 1 0 0
    outer loop
      vertex 15.900 26.400 1.000
      vertex 15.900 27.600 3.200
      vertex 15.900 26.400 3.200
    endloop
  endfacet
endsolid door:c5_e
solid door:c6_w
  facet normal 1 0 0
    outer loop
      vertex 5.700 31.800 1.000
      vertex 5.700 33.000 1.000
      vertex 5.700 33.000 3.200
    endloop
  endfacet
  facet normal 1 0 0
    outer loop
      vertex 5.700 31.800 1.000
      vertex 5.700 33.000 3.200
      vertex 5.700 31.800 3.200
    endloop
  endfacet
endsolid door:c6_w
solid door:c6_e
  facet normal 1 0 0
    outer loop
      vertex 15.900 31.800 1.000
      vertex 15.900 33.000 1.000
      vertex 15.900 33.000 3.200
    endloop
  endfacet
  facet normal 1 0 0
    outer loop
      vertex 15.900 31.800 1.000
      vertex 15.900 33.000 3.200
      vertex 15.900 31.800 3.200
    endloop
  endfacet
endsolid door:c6_e
solid wall:c6_n
  facet normal 0 1 0
    outer loop
      vertex 5.700 33.000 1.000
      vertex 5.700 33.000 3.200
      vertex 15.900 33.000 3.200
    endloop
  endfacet
  facet normal 0 1 0
    outer loop
      vertex 5.700 33.000 1.000
      vertex 15.900 33.000 3.200
      vertex 15.900 33.000 1.000
    endloop
  endfacet
endsolid wall:c6_n
solid blank:A_1
  facet normal 0 1 0
    outer loop
      vertex 16.800 2.400 1.000
      vertex 16.800 2.400 3.200
      vertex 17.100 2.400 3.200
    endloop
  endfacet
  facet normal 0 1 0
    outer loop
      vertex 16.800 2.400 1.000
      vertex 17.100 2.400 3.200
      vertex 17.100 2.400 1.000
    endloop
  endfacet
endsolid blank:A_1
solid blank:B_1
  facet normal 0 1 0
    outer loop
      vertex 16.800 4.200 1.000
      vertex 16.800 4.200 3.200
      vertex 17.100 4.200 3.200
    endloop
  endfacet
  facet normal 0 1 0
    outer loop
      vertex 16.800 4.200 1.000
      vertex 17.100 4.200 3.200
      vertex 17.100 4.200 1.000
    endloop
  endfacet
endsolid blank:B_1
solid blank:C_1
  facet normal 0 1 0
    outer loop
      vertex 16.500 7.800 1.000
      vertex 16.500 7.800 3.200
      vertex 16.800 7.800 3.200
    endloop
  endfacet
  facet normal 0 1 0
    outer loop
      vertex 16.500 7.800 1.000
      vertex 16.800 7.800 3.200
      vertex 16.800 7.800 1.000
    endloop
  endfacet
endsolid blank:C_1
solid blank:D_1
  facet normal 0 1 0
    outer loop
      vertex 5.400 9.600 1.000
      vertex 5.400 9.600 3.200
      vertex 5.700 9.600 3.200
    endloop
  endfacet
  facet normal 0 1 0
    outer loop
      vertex 5.400 9.600 1.000
      vertex 5.700 9.600 3.200
      vertex 5.700 9.600 1.000
    endloop
  endfacet
endsolid blank:D_1
solid tile:c1-01-1
  facet normal 0 0 1
    outer loop
      vertex 5.700 2.400 1.000
      vertex 6.300 2.400 1.000
      vertex 6.300 3.000 1.000
    endloop
  endfacet
  facet normal 0 0 1
    outer loop
      vertex 5.700 2.400 1.000
      vertex 6.300 3.000 1.000
      vertex 5.700 3.000 1.000
    endloop
  endfacet
endsolid tile:c1-01-1
solid tile:c1-01-2
  facet normal 0 0 1
    outer loop
      vertex 5.700 3.000 1.000
      vertex 6.300 3.000 1.000
      vertex 6.300 3.600 1.000
    endloop
  endfacet
  facet normal 0 0 1
    outer loop
      vertex 5.700 3.000 1.000
      vertex 6.300 3.600 1.000
      vertex 5.700 3.600 1.000
    endloop
  endfacet
endsolid tile:c1-01-2
solid tile:c1-01-3
  facet normal 0 0 1
    outer loop
      vertex 5.700 3.600 1.000
      vertex 6.300 3.600 1.000
      vertex 6.300 4.200 1.000
    endloop
  endfacet
  facet normal 0 0 1
    outer loop
      vertex 5.700 3.600 1.000
      vertex 6.300 4.200 1.000
      vertex 5.700 4.200 1.000
    endloop
  endfacet
endsolid tile:c1-01-3
solid tile:c1-02-1
  facet normal 0 0 1
    outer loop
      vertex 6.300 2.400 1.000
      vertex 6.900 2.400 1.000
      vertex 6.900 3.000 1.000
    endloop
  endfacet
  facet normal 0 0 1
    outer loop
      vertex 6.300 2.400 1.000
      vertex 6.900 3.000 1.000
      vertex 6.300 3.000 1.000
    endloop
  endfacet
endsolid tile:c1-02-1
solid tile:c1-02-2
  facet normal 0 0 1
    outer loop
      vertex 6.300 3.000 1.000
      vertex 6.900 3.000 1.000
      vertex 6.900 3.600 1.000
    endloop
  endfacet
  facet normal 0 0 1
    outer loop
      vertex 6.300 3.000 1.000
      vertex 6.900 3.600 1.000
      vertex 6.300 3.600 1.000
    endloop
  endfacet
endsolid tile:c1-02-2
solid tile:c1-02-3
  facet normal 0 0 1
    outer loop
      vertex 6.300 3.600 1.000
      vertex 6.900 3.600 1.000
      vertex 6.900 4.200 1.000
    endloop
  endfacet
  facet normal 0 0 1
    outer loop
      vertex 6.300 3.600 1.000
      vertex 6.900 4.200 1.000
      vertex 6.300 4.200 1.000
    endloop
  endfacet
endsolid tile:c1-02-3
solid tile:c1-03-1
  facet normal 0 0 1
    outer loop
      vertex 6.900 2.400 1.000
      vertex 7.500 2.400 1.000
      vertex 7.500 3.000 1.000
    endloop
  endfacet
  facet normal 0 0 1
    outer loop
      vertex 6.900 2.400 1.000
      vertex 7.500 3.000 1.000
      vertex 6.900 3.000 1.000
    endloop
  endfacet
endsolid tile:c1-03-1
solid tile:c1-03-2
  facet normal 0 0 1
    outer loop
      vertex 6.900 3.000 1.000
      vertex 7.500 3.000 1.000
      vertex 7.500 3.600 1.000
    endloop
  endfacet
  facet normal 0 0 1
    outer loop
      vertex 6.900 3.000 1.000
      vertex 7.500 3.600 1.000
      vertex 6.900 3.600 1.000
    endloop
  endfacet
endsolid tile:c1-03-2
solid tile:c1-03-3
  facet normal 0 0 1
    outer loop
      vertex 6.900 3.600 1.000
      vertex 7.500 3.600 1.000
      vertex 7.500 4.200 1.000
    endloop
  endfacet
  facet normal 0 0 1
    outer loop
      vertex 6.900 3.600 1.000
      vertex 7.500 4.200 1.000
      vertex 6.900 4.200 1.000
    endloop
  endfacet
endsolid tile:c1-03-3
solid tile:c1-04-1
  facet normal 0 0 1
    outer loop
      vertex 7.500 2.400 1.000
      vertex 8.100 2.400 1.000
      vertex 8.100 3.000 1.000
    endloop
  endfacet
  facet normal 0 0 1
    outer loop
      vertex 7.500 2.400 1.000
      vertex 8.100 3.000 1.000
      vertex 7.500 3.000 1.000
    endloop
  endfacet
endsolid tile:c1-04-1
solid tile:c1-04-2
  facet normal 0 0 1
    outer loop
      vertex 7.500 3.000 1.000
      vertex 8.100 3.000 1.000
      vertex 8.100 3.600 1.000
    endloop
  endfacet
  facet normal 0 0 1
    outer loop
      vertex 7.500 3.000 1.000
      vertex 8.100 3.600 1.000
      vertex 7.500 3.600 1.000
    endloop
  endfacet
endsolid tile:c1-04-2
solid tile:c1-04-3
  facet normal 0 0 1
    outer loop
      vertex 7.500 3.600 1.000
      vertex 8.100 3.600 1.000
      vertex 8.100 4.200 1.000
    endloop
  endfacet
  facet normal 0 0 1
    outer loop
      vertex 7.500 3.600 1.000
      vertex 8.100 4.200 1.000
      vertex 7.500 4.200 1.000
    endloop
  endfacet
endsolid tile:c1-04-3
solid tile:c1-05-1
  facet normal 0 0 1
    outer loop
      vertex 8.100 2.400 1.000
      vertex 8.700 2.400 1.000
      vertex 8.700 3.000 1.000
    endloop
  endfacet
  facet normal 0 0 1
    outer loop
      vertex 8.100 2.400 1.000
      vertex 8.700 3.000 1.000
      vertex 8.100 3.000 1.000
    endloop
  endfacet
endsolid tile:c1-05-1
solid tile:c1-05-2
  facet normal 0 0 1
    outer loop
      vertex 8.100 3.000 1.000
      vertex 8.700 3.000 1.000
      vertex 8.700 3.600 1.000
    endloop
  endfacet
  facet normal 0 0 1
    outer loop
      vertex 8.100 3.000 1.000
      vertex 8.700 3.600 1.000
      vertex 8.100 3.600 1.000
    endloop
  endfacet
endsolid tile:c1-05-2
solid tile:c1-05-3
  facet normal 0 0 1
    outer loop
      vertex 8.100 3.600 1.000
      vertex 8.700 3.600 1.000
      vertex 8.700 4.200 1.000
    endloop
  endfacet
  facet normal 0 0 1
    outer loop
      vertex 8.100 3.600 1.000
      vertex 8.700 4.200 1.000
      vertex 8.100 4.200 1.000
    endloop
  endfacet
endsolid tile:c1-05-3
solid tile:c1-06-1
  facet normal 0 0 1
    outer loop
      vertex 8.700 2.400 1.000
      vertex 9.300 2.400 1.000
      vertex 9.300 3.000 1.000
    endloop
  endfacet
  facet normal 0 0 1
    outer loop
      vertex 8.700 2.400 1.000
      vertex 9.300 3.000 1.000
      vertex 8.700 3.000 1.000
    endloop
  endfacet
endsolid tile:c1-06-1
solid tile:c1-06-2
  facet normal 0 0 1
    outer loop
      vertex 8.700 3.000 1.000
      vertex 9.300 3.000 1.000
      vertex 9.300 3.600 1.000
    endloop
  endfacet
  facet normal 0 0 1
    outer loop
      vertex 8.700 3.000 1.000
      vertex 9.300 3.600 1.000
      vertex 8.700 3.600 1.000
    endloop
  endfacet
endsolid tile:c1-06-2
solid tile:c1-06-3
  facet normal 0 0 1
    outer loop
      vertex 8.700 3.600 1.000
      vertex 9.300 3.600 1.000
      vertex 9.300 4.200 1.000
    endloop
  endfacet
  facet normal 0 0 1
    outer loop
      vertex 8.700 3.600 1.000
      vertex 9.300 4.200 1.000
      vertex 8.700 4.200 1.000
    endloop
  endfacet
endsolid tile:c1-06-3
solid tile:c1-07-1
  facet normal 0 0 1
    outer loop
      vertex 9.300 2.400 1.000
      vertex 9.900 2.400 1.000
      vertex 9.900 3.000 1.000
    endloop
  endfacet
  facet normal 0 0 1
    outer loop
      vertex 9.300 2.400 1.000
      vertex 9.900 3.000 1.000
      vertex 9.300 3.000 1.000
    endloop
  endfacet
endsolid tile:c1-07-1
solid tile:c1-07-2
  facet normal 0 0 1
    outer loop
      vertex 9.300 3.000 1.000
      vertex 9.900 3.000 1.000
      vertex 9.900 3.600 1.000
    endloop
  endfacet
  facet normal 0 0 1
    outer loop
      vertex 9.300 3.000 1.000
      vertex 9.900 3.600 1.000
      vertex 9.300 3.600 1.000
    endloop
  endfacet
endsolid tile:c1-07-2
solid tile:c1-07-3
  facet normal 0 0 1
    outer loop
      vertex 9.300 3.600 1.000
      vertex 9.900 3.600 1.000
      vertex 9.900 4.200 1.000
    endloop
  endfacet
  facet normal 0 0 1
    outer loop
      vertex 9.300 3.600 1.000
      vertex 9.900 4.200 1.000
      vertex 9.300 4.200 1.000
    endloop
  endfacet
endsolid tile:c1-07-3
solid tile:c1-08-1
  facet normal 0 0 1
    outer loop
      vertex 9.900 2.400 1.000
      vertex 10.500 2.400 1.000
      vertex 10.500 3.000 1.000
    endloop
  endfacet
  facet normal 0 0 1
    outer loop
      vertex 9.900 2.400 1.000
      vertex 10.500 3.000 1.000
      vertex 9.900 3.000 1.000
    endloop
  endfacet
endsolid tile:c1-08-1
solid tile:c1-08-2
  facet normal 0 0 1
    outer loop
      vertex 9.900 3.000 1.000
      vertex 10.500 3.000 1.000
      vertex 10.500 3.600 1.000
    endloop
  endfacet
  facet normal 0 0 1
    outer loop
      vertex 9.900 3.000 1.000
      vertex 10.500 3.600 1.000
      vertex 9.900 3.600 1.000
    endloop
  endfacet
endsolid tile:c1-08-2
solid tile:c1-08-3
  facet normal 0 0 1
    outer loop
      vertex 9.900 3.600 1.000
      vertex 10.500 3.600 1.000
      vertex 10.500 4.200 1.000
    endloop
  endfacet
  facet normal 0 0 1
    outer loop
      vertex 9.900 3.600 1.000
      vertex 10.500 4.200 1.000
      vertex 9.900 4.200 1.000
    endloop
  endfacet
endsolid tile:c1-08-3
solid tile:c1-09-1
  facet normal 0 0 1
    outer loop
      vertex 10.500 2.400 1.000
      vertex 11.100 2.400 1.000
      vertex 11.100 3.000 1.000
    endloop
  endfacet
  facet normal 0 0 1
    outer loop
      vertex 10.500 2.400 1.000
      vertex 11.100 3.000 1.000
      vertex 10.500 3.000 1.000
    endloop
  endfacet
endsolid tile:c1-09-1
solid tile:c1-09-2
  facet normal 0 0 1
    outer loop
      vertex 10.500 3.000 1.000
      vertex 11.100 3.000 1.000
      vertex 11.100 3.600 1.000
    endloop
  endfacet
  facet normal 0 0 1
    outer loop
      vertex 10.500 3.000 1.000
      vertex 11.100 3.600 1.000
      vertex 10.500 3.600 1.000
    endloop
  endfacet
endsolid tile:c1-09-2
solid tile:c1-09-3
  facet normal 0 0 1
    outer loop
      vertex 10.500 3.600 1.000
      vertex 11.100 3.600 1.000
      vertex 11.100 4.200 1.000
    endloop
  endfacet
  facet normal 0 0 1
    outer loop
      vertex 10.500 3.600 1.000
      vertex 11.100 4.200 1.000
      vertex 10.500 4.200 1.000
    endloop
  endfacet
endsolid tile:c1-09-3
solid tile:c1-10-1
  facet normal 0 0 1
    outer loop
      vertex 11.100 2.400 1.000
      vertex 11.700 2.400 1.000
      vertex 11.700 3.000 1.000
    endloop
  endfacet
  facet normal 0 0 1
    outer loop
      vertex 11.100 2.400 1.000
      vertex 11.700 3.000 1.000
      vertex 11.100 3.000 1.000
    endloop
  endfacet
endsolid tile:c1-10-1
solid tile:c1-10-2
  facet normal 0 0 1
    outer loop
      vertex 11.100 3.000 1.000
      vertex 11.700 3.000 1.000
      vertex 11.700 3.600 1.000
    endloop
  endfacet
  facet normal 0 0 1
    outer loop
      vertex 11.100 3.000 1.000
      vertex 11.700 3.600 1.000
      vertex 11.100 3.600 1.000
    endloop
  endfacet
endsolid tile:c1-10-2
solid tile:c1-10-3
  facet normal 0 0 1
    outer loop
      vertex 11.100 3.600 1.000
      vertex 11.700 3.600 1.000
      vertex 11.700 4.200 1.000
    endloop
  endfacet
  facet normal 0 0 1
    outer loop
      vertex 11.100 3.600 1.000
      vertex 11.700 4.200 1.000
      vertex 11.100 4.200 1.000
    endloop
  endfacet
endsolid tile:c1-10-3
solid tile:c1-11-1
  facet normal 0 0 1
    outer loop
      vertex 11.700 2.400 1.000
      vertex 12.300 2.400 1.000
      vertex 12.300 3.000 1.000
    endloop
  endfacet
  facet normal 0 0 1
    outer loop
      vertex 11.700 2.400 1.000
      vertex 12.300 3.000 1.000
      vertex 11.700 3.000 1.000
    endloop
  endfacet
endsolid tile:c1-11-1
solid tile:c1-11-2
  facet normal 0 0 1
    outer loop
      vertex 11.700 3.000 1.000
      vertex 12.300 3.000 1.000
      vertex 12.300 3.600 1.000
    endloop
  endfacet
  facet normal 0 0 1
    outer loop
      vertex 11.700 3.000 1.000
      vertex 12.300 3.600 1.000
      vertex 11.700 3.600 1.000
    endloop
  endfacet
endsolid tile:c1-11-2
solid tile:c1-11-3
  facet normal 0 0 1
    outer loop
      vertex 11.700 3.600 1.000
      vertex 12.300 3.600 1.000
      vertex 12.300 4.200 1.000
    endloop
  endfacet
  facet normal 0 0 1
    outer loop
      vertex 11.700 3.600 1.000
      vertex 12.300 4.200 1.000
      vertex 11.700 4.200 1.000
    endloop
  endfacet
endsolid tile:c1-11-3
solid tile:c1-12-1
  facet normal 0 0 1
    outer loop
      vertex 12.300 2.400 1.000
      vertex 12.900 2.400 1.000
      vertex 12.900 3.000 1.000
    endloop
  endfacet
  facet normal 0 0 1
    outer loop
      vertex 12.300 2.400 1.000
      vertex 12.900 3.000 1.000
      vertex 12.300 3.000 1.000
    endloop
  endfacet
endsolid tile:c1-12-1
solid tile:c1-12-2
  facet normal 0 0 1
    outer loop
      vertex 12.300 3.000 1.000
      vertex 12.900 3.000 1.000
      vertex 12.900 3.600 1.000
    endloop
  endfacet
  facet normal 0 0 1
    outer loop
      vertex 12.300 3.000 1.000
      vertex 12.900 3.600 1.000
      vertex 12.300 3.600 1.000
    endloop
  endfacet
endsolid tile:c1-12-2
solid tile:c1-12-3
  facet normal 0 0 1
    outer loop
      vertex 12.300 3.600 1.000
      vertex 12.900 3.600 1.000
      vertex 12.900 4.200 1.000
    endloop
  endfacet
  facet normal 0 0 1
    outer loop
      vertex 12.300 3.600 1.000
      vertex 12.900 4.200 1.000
      vertex 12.300 4.200 1.000
    endloop
  endfacet
endsolid tile:c1-12-3
solid tile:c1-13-1
  facet normal 0 0 1
    outer loop
      vertex 12.900 2.400 1.000
      vertex 13.500 2.400 1.000
      vertex 13.500 3.000 1.000
    endloop
  endfacet
  facet normal 0 0 1
    outer loop
      vertex 12.900 2.400 1.000
      vertex 13.500 3.000 1.000
      vertex 12.900 3.000 1.000
    endloop
  endfacet
endsolid tile:c1-13-1
solid tile:c1-13-2
  facet normal 0 0 1
    outer loop
      vertex 12.900 3.000 1.000
      vertex 13.500 3.000 1.000
      vertex 13.500 3.600 1.000
    endloop
  endfacet
  facet normal 0 0 1
    outer loop
      vertex 12.900 3.000 1.000
      vertex 13.500 3.600 1.000
      vertex 12.900 3.600 1.000
    endloop
  endfacet
endsolid tile:c1-13-2
solid tile:c1-13-3
  facet normal 0 0 1
    outer loop
      vertex 12.900 3.600 1.000
      vertex 13.500 3.600 1.000
      vertex 13.500 4.200 1.000
    endloop
  endfacet
  facet normal 0 0 1
    outer loop
      vertex 12.900 3.600 1.000
      vertex 13.500 4.200 1.000
      vertex 12.900 4.200 1.000
    endloop
  endfacet
endsolid tile:c1-13-3
solid tile:c1-14-1
  facet normal 0 0 1
    outer loop
      vertex 13.500 2.400 1.000
      vertex 14.100 2.400 1.000
      vertex 14.100 3.000 1.000
    endloop
  endfacet
  facet normal 0 0 1
    outer loop
      vertex 13.500 2.400 1.000
      vertex 14.100 3.000 1.000
      vertex 13.500 3.000 1.000
    endloop
  endfacet
endsolid tile:c1-14-1
solid tile:c1-14-2
  facet normal 0 0 1
    outer loop
      vertex 13.500 3.000 1.000
      vertex 14.100 3.000 1.000
      vertex 14.100 3.600 1.000
    endloop
  endfacet
  facet normal 0 0 1
    outer loop
      vertex 13.500 3.000 1.000
      vertex 14.100 3.600 1.000
      vertex 13.500 3.600 1.000
    endloop
  endfacet
endsolid tile:c1-14-2
solid tile:c1-14-3
  facet normal 0 0 1
    outer loop
      vertex 13.500 3.600 1.000
      vertex 14.100 3.600 1.000
      vertex 14.100 4.200 1.000
    endloop
  endfacet
  facet normal 0 0 1
    outer loop
      vertex 13.500 3.600 1.000
      vertex 14.100 4.200 1.000
      vertex 13.500 4.200 1.000
    endloop
  endfacet
endsolid tile:c1-14-3
solid tile:c1-15-1
  facet normal 0 0 1
    outer loop
      vertex 14.100 2.400 1.000
      vertex 14.700 2.400 1.000
      vertex 14.700 3.000 1.000
    endloop
  endfacet
  facet normal 0 0 1
    outer loop
      vertex 14.100 2.400 1.000
      vertex 14.700 3.000 1.000
      vertex 14.100 3.000 1.000
    endloop
  endfacet
endsolid tile:c1-15-1
solid tile:c1-15-2
  facet normal 0 0 1
    outer loop
      vertex 14.100 3.000 1.000
      vertex 14.700 3.000 1.000
      vertex 14.700 3.600 1.000
    endloop
  endfacet
  facet normal 0 0 1
    outer loop
      vertex 14.100 3.000 1.000
      vertex 14.700 3.600 1.000
      vertex 14.100 3.600 1.000
    endloop
  endfacet
endsolid tile:c1-15-2
solid tile:c1-15-3
  facet normal 0 0 1
    outer loop
      vertex 14.100 3.600 1.000
      vertex 14.700 3.600 1.000
      vertex 14.700 4.200 1.000
    endloop
  endfacet
  facet normal 0 0 1
    outer loop
      vertex 14.100 3.600 1.000
      vertex 14.700 4.200 1.000
      vertex 14.100 4.200 1.000
    endloop
  endfacet
endsolid tile:c1-15-3
solid tile:c1-16-1
  facet normal 0 0 1
    outer loop
      vertex 14.700 2.400 1.000
      vertex 15.300 2.400 1.000
      vertex 15.300 3.000 1.000
    endloop
  endfacet
  facet normal 0 0 1
    outer loop
      vertex 14.700 2.400 1.000
      vertex 15.300 3.000 1.000
      vertex 14.700 3.000 1.000
    endloop
  endfacet
endsolid tile:c1-16-1
solid tile:c1-16-2
  facet normal 0 0 1
    outer loop
      vertex 14.700 3.000 1.000
      vertex 15.300 3.000 1.000
      vertex 15.300 3.600 1.000
    endloop
  endfacet
  facet normal 0 0 1
    outer loop
      vertex 14.700 3.000 1.000
      vertex 15.300 3.600 1.000
      vertex 14.700 3.600 1.000
    endloop
  endfacet
endsolid tile:c1-16-2
solid tile:c1-16-3
  facet normal 0 0 1
    outer loop
      vertex 14.700 3.600 1.000
      vertex 15.300 3.600 1.000
      vertex 15.300 4.200 1.000
    endloop
  endfacet
  facet normal 0 0 1
    outer loop
      vertex 14.700 3.600 1.000
      vertex 15.300 4.200 1.000
      vertex 14.700 4.200 1.000
    endloop
  endfacet
endsolid tile:c1-16-3
solid tile:c1-17-1
  facet normal 0 0 1
    outer loop
      vertex 15.300 2.400 1.000
      vertex 15.900 2.400 1.000
      vertex 15.900 3.000 1.000
    endloop
  endfacet
  facet normal 0 0 1
    outer loop
      vertex 15.300 2.400 1.000
      vertex 15.900 3.000 1.000
      vertex 15.300 3.000 1.000
    endloop
  endfacet
endsolid tile:c1-17-1
solid tile:c1-17-2
  facet normal 0 0 1
    outer loop
      vertex 15.300 3.000 1.000
      vertex 15.900 3.000 1.000
      vertex 15.900 3.600 1.000
    endloop
  endfacet
  facet normal 0 0 1
    outer loop
      vertex 15.300 3.000 1.000
      vertex 15.900 3.600 1.000
      vertex 15.300 3.600 1.000
    endloop
  endfacet
endsolid tile:c1-17-2
solid tile:c1-17-3
  facet normal 0 0 1
    outer loop
      vertex 15.300 3.600 1.000
      vertex 15.900 3.600 1.000
      vertex 15.900 4.200 1.000
    endloop
  endfacet
  facet normal 0 0 1
    outer loop
      vertex 15.300 3.600 1.000
      vertex 15.900 4.200 1.000
      vertex 15.300 4.200 1.000
    endloop
  endfacet
endsolid tile:c1-17-3
solid tile:c1-18-1
  facet normal 0 0 1
    outer loop
      vertex 15.900 2.400 1.000
      vertex 16.500 2.400 1.000
      vertex 16.500 3.000 1.000
    endloop
  endfacet
  facet normal 0 0 1
    outer loop
      vertex 15.900 2.400 1.000
      vertex 16.500 3.000 1.000
      vertex 15.900 3.000 1.000
    endloop
  endfacet
endsolid tile:c1-18-1
solid tile:c1-18-2
  facet normal 0 0 1
    outer loop
      vertex 15.900 3.000 1.000
      vertex 16.500 3.000 1.000
      vertex 16.500 3.600 1.000
    endloop
  endfacet
  facet normal 0 0 1
    outer loop
      vertex 15.900 3.000 1.000
      vertex 16.500 3.600 1.000
      vertex 15.900 3.600 1.000
    endloop
  endfacet
endsolid tile:c1-18-2
solid tile:c1-18-3
  facet normal 0 0 1
    outer loop
      vertex 15.900 3.600 1.000
      vertex 16.500 3.600 1.000
      vertex 16.500 4.200 1.000
    endloop
  endfacet
  facet normal 0 0 1
    outer loop
      vertex 15.900 3.600 1.000
      vertex 16.500 4.200 1.000
      vertex 15.900 4.200 1.000
    endloop
  endfacet
endsolid tile:c1-18-3
solid tile:c1-19-1
  facet normal 0 0 1
    outer loop
      vertex 16.500 2.400 1.000
      vertex 17.100 2.400 1.000
      vertex 17.100 3.000 1.000
    endloop
  endfacet
  facet normal 0 0 1
    outer loop
      vertex 16.500 2.400 1.000
      vertex 17.100 3.000 1.000
      vertex 16.500 3.000 1.000
    endloop
  endfacet
endsolid tile:c1-19-1
solid tile:c1-19-2
  facet normal 0 0 1
    outer loop
      vertex 16.500 3.000 1.000
      vertex 17.100 3.000 1.000
      vertex 17.100 3.600 1.000
    endloop
  endfacet
  facet normal 0 0 1
    outer loop
      vertex 16.500 3.000 1.000
      vertex 17.100 3.600 1.000
      vertex 16.500 3.600 1.000
    endloop
  endfacet
endsolid tile:c1-19-2
solid tile:c1-19-3
  facet normal 0 0 1
    outer loop
      vertex 16.500 3.600 1.000
      vertex 17.100 3.600 1.000
      vertex 17.100 4.200 1.000
    endloop
  endfacet
  facet normal 0 0 1
    outer loop
      vertex 16.500 3.600 1.000
      vertex 17.100 4.200 1.000
      vertex 16.500 4.200 1.000
    endloop
  endfacet
endsolid tile:c1-19-3
solid tile:c2-01-1
  facet normal 0 0 1
    outer loop
      vertex 5.400 7.800 1.000
      vertex 6.000 7.800 1.000
      vertex 6.000 8.400 1.000
    endloop
  endfacet
  facet normal 0 0 1
    outer loop
      vertex 5.400 7.800 1.000
      vertex 6.000 8.400 1.000
      vertex 5.400 8.400 1.000
    endloop
  endfacet
endsolid tile:c2-01-1
solid tile:c2-01-2
  facet normal 0 0 1
    outer loop
      vertex 5.400 8.400 1.000
      vertex 6.000 8.400 1.000
      vertex 6.000 9.000 1.000
    endloop
  endfacet
  facet normal 0 0 1
    outer loop
      vertex 5.400 8.400 1.000
      vertex 6.000 9.000 1.000
      vertex 5.400 9.000 1.000
    endloop
  endfacet
endsolid tile:c2-01-2
solid tile:c2-01-3
  facet normal 0 0 1
    outer loop
      vertex 5.400 9.000 1.000
      vertex 6.000 9.000 1.000
      vertex 6.000 9.600 1.000
    endloop
  endfacet
  facet normal 0 0 1
    outer loop
      vertex 5.400 9.000 1.000
      vertex 6.000 9.600 1.000
      vertex 5.400 9.600 1.000
    endloop
  endfacet
endsolid tile:c2-01-3
solid tile:c2-02-1
  facet normal 0 0 1
    outer loop
      vertex 6.000 7.800 1.000
      vertex 6.600 7.800 1.000
      vertex 6.600 8.400 1.000
    endloop
  endfacet
  facet normal 0 0 1
    outer loop
      vertex 6.000 7.800 1.000
      vertex 6.600 8.400 1.000
      vertex 6.000 8.400 1.000
    endloop
  endfacet
endsolid tile:c2-02-1
solid tile:c2-02-2
  facet normal 0 0 1
    outer loop
      vertex 6.000 8.400 1.000
      vertex 6.600 8.400 1.000
      vertex 6.600 9.000 1.000
    endloop
  endfacet
  facet normal 0 0 1
    outer loop
      vertex 6.000 8.400 1.000
      vertex 6.600 9.000 1.000
      vertex 6.000 9.000 1.000
    endloop
  endfacet
endsolid tile:c2-02-2
solid tile:c2-02-3
  facet normal 0 0 1
    outer loop
      vertex 6.000 9.000 1.000
      vertex 6.600 9.000 1.000
      vertex 6.600 9.600 1.000
    endloop
  endfacet
  facet normal 0 0 1
    outer loop
      vertex 6.000 9.000 1.000
      vertex 6.600 9.600 1.000
      vertex 6.000 9.600 1.000
    endloop
  endfacet
endsolid tile:c2-02-3
solid tile:c2-03-1
  facet normal 0 0 1
    outer loop
      vertex 6.600 7.800 1.000
      vertex 7.200 7.800 1.000
      vertex 7.200 8.400 1.000
    endloop
  endfacet
  facet normal 0 0 1
    outer loop
      vertex 6.600 7.800 1.000
      vertex 7.200 8.400 1.000
      vertex 6.600 8.400 1.000
    endloop
  endfacet
endsolid tile:c2-03-1
solid tile:c2-03-2
  facet normal 0 0 1
    outer loop
      vertex 6.600 8.400 1.000
      vertex 7.200 8.400 1.000
      vertex 7.200 9.000 1.000
    endloop
  endfacet
  facet normal 0 0 1
    outer loop
      vertex 6.600 8.400 1.000
      vertex 7.200 9.000 1.000
      vertex 6.600 9.000 1.000
    endloop
  endfacet
endsolid tile:c2-03-2
solid tile:c2-03-3
  facet normal 0 0 1
    outer loop
      vertex 6.600 9.000 1.000
      vertex 7.200 9.000 1.000
      vertex 7.200 9.600 1.000
    endloop
  endfacet
  facet normal 0 0 1
    outer loop
      vertex 6.600 9.000 1.000
      vertex 7.200 9.600 1.000
      vertex 6.600 9.600 1.000
    endloop
  endfacet
endsolid tile:c2-03-3
solid tile:c2-04-1
  facet normal 0 0 1
    outer loop
      vertex 7.200 7.800 1.000
      vertex 7.800 7.800 1.000
      vertex 7.800 8.400 1.000
    endloop
  endfacet
  facet normal 0 0 1
    outer loop
      vertex 7.200 7.800 1.000
      vertex 7.800 8.400 1.000
      vertex 7.200 8.400 1.000
    endloop
  endfacet
endsolid tile:c2-04-1
solid tile:c2-04-2
  facet normal 0 0 1
    outer loop
      vertex 7.200 8.400 1.000
      vertex 7.800 8.400 1.000
      vertex 7.800 9.000 1.000
    endloop
  endfacet
  facet normal 0 0 1
    outer loop
      vertex 7.200 8.400 1.000
      vertex 7.800 9.000 1.000
      vertex 7.200 9.000 1.000
    endloop
  endfacet
endsolid tile:c2-04-2
solid tile:c2-04-3
  facet normal 0 0 1
    outer loop
      vertex 7.200 9.000 1.000
      vertex 7.800 9.000 1.000
      vertex 7.800 9.600 1.000
    endloop
  endfacet
  facet normal 0 0 1
    outer loop
      vertex 7.200 9.000 1.000
      vertex 7.800 9.600 1.000
      vertex 7.200 9.600 1.000
    endloop
  endfacet
endsolid tile:c2-04-3
solid tile:c2-05-1
  facet normal 0 0 1
    outer loop
      vertex 7.800 7.800 1.000
      vertex 8.400 7.800 1.000
      vertex 8.400 8.400 1.000
    endloop
  endfacet
  facet normal 0 0 1
    outer loop
      vertex 7.800 7.800 1.000
      vertex 8.400 8.400 1.000
      vertex 7.800 8.400 1.000
    endloop
  endfacet
endsolid tile:c2-05-1
solid tile:c2-05-2
  facet normal 0 0 1
    outer loop
      vertex 7.800 8.400 1.000
      vertex 8.400 8.400 1.000
      vertex 8.400 9.000 1.000
    endloop
  endfacet
  facet normal 0 0 1
    outer loop
      vertex 7.800 8.400 1.000
      vertex 8.400 9.000 1.000
      vertex 7.800 9.000 1.000
    endloop
  endfacet
endsolid tile:c2-05-2
solid tile:c2-05-3
  facet normal 0 0 1
    outer loop
      vertex 7.800 9.000 1.000
      vertex 8.400 9.000 1.000
      vertex 8.400 9.600 1.000
    endloop
  endfacet
  facet normal 0 0 1
    outer loop
      vertex 7.800 9.000 1.000
      vertex 8.400 9.600 1.000
      vertex 7.800 9.600 1.000
    endloop
  endfacet
endsolid tile:c2-05-3
solid tile:c2-06-1
  facet normal 0 0 1
    outer loop
      vertex 8.400 7.800 1.000
      vertex 9.000 7.800 1.000
      vertex 9.000 8.400 1.000
    endloop
  endfacet
  facet normal 0 0 1
    outer loop
      vertex 8.400 7.800 1.000
      vertex 9.000 8.400 1.000
      vertex 8.400 8.400 1.000
    endloop
  endfacet
endsolid tile:c2-06-1
solid tile:c2-06-2
  facet normal 0 0 1
    outer loop
      vertex 8.400 8.400 1.000
      vertex 9.000 8.400 1.000
      vertex 9.000 9.000 1.000
    endloop
  endfacet
  facet normal 0 0 1
    outer loop
      vertex 8.400 8.400 1.000
      vertex 9.000 9.000 1.000
      vertex 8.400 9.000 1.000
    endloop
  endfacet
endsolid tile:c2-06-2
solid tile:c2-06-3
  facet normal 0 0 1
    outer loop
      vertex 8.400 9.000 1.000
      vertex 9.000 9.000 1.000
      vertex 9.000 9.600 1.000
    endloop
  endfacet
  facet normal 0 0 1
    outer loop
      vertex 8.400 9.000 1.000
      vertex 9.000 9.600 1.000
      vertex 8.400 9.600 1.000
    endloop
  endfacet
endsolid tile:c2-06-3
solid tile:c2-07-1
  facet normal 0 0 1
    outer loop
      vertex 9.000 7.800 1.000
      vertex 9.600 7.800 1.000
      vertex 9.600 8.400 1.000
    endloop
  endfacet
  facet normal 0 0 1
    outer loop
      vertex 9.000 7.800 1.000
      vertex 9.600 8.400 1.000
      vertex 9.000 8.400 1.000
    endloop
  endfacet
endsolid tile:c2-07-1
solid tile:c2-07-2
  facet normal 0 0 1
    outer loop
      vertex 9.000 8.400 1.000
      vertex 9.600 8.400 1.000
      vertex 9.600 9.000 1.000
    endloop
  endfacet
  facet normal 0 0 1
    outer loop
      vertex 9.000 8.400 1.000
      vertex 9.600 9.000 1.000
      vertex 9.000 9.000 1.000
    endloop
  endfacet
endsolid tile:c2-07-2
solid tile:c2-07-3
  facet normal 0 0 1
    outer loop
      vertex 9.000 9.000 1.000
      vertex 9.600 9.000 1.000
      vertex 9.600 9.600 1.000
    endloop
  endfacet
  facet normal 0 0 1
    outer loop
      vertex 9.000 9.000 1.000
      vertex 9.600 9.600 1.000
      vertex 9.000 9.600 1.000
    endloop
  endfacet
endsolid tile:c2-07-3
solid tile:c2-08-1
  facet normal 0 0 1
    outer loop
      vertex 9.600 7.800 1.000
      vertex 10.200 7.800 1.000
      vertex 10.200 8.400 1.000
    endloop
  endfacet
  facet normal 0 0 1
    outer loop
      vertex 9.600 7.800 1.000
      vertex 10.200 8.400 1.000
      vertex 9.600 8.400 1.000
    endloop
  endfacet
endsolid tile:c2-08-1
solid tile:c2-08-2
  facet normal 0 0 1
    outer loop
      vertex 9.600 8.400 1.000
      vertex 10.200 8.400 1.000
      vertex 10.200 9.000 1.000
    endloop
  endfacet
  facet normal 0 0 1
    outer loop
      vertex 9.600 8.400 1.000
      vertex 10.200 9.000 1.000
      vertex 9.600 9.000 1.000
    endloop
  endfacet
endsolid tile:c2-08-2
solid tile:c2-08-3
  facet normal 0 0 1
    outer loop
      vertex 9.600 9.000 1.000
      vertex 10.200 9.000 1.000
      vertex 10.200 9.600 1.000
    endloop
  endfacet
  facet normal 0 0 1
    outer loop
      vertex 9.600 9.000 1.000
      vertex 10.200 9.600 1.000
      vertex 9.600 9.600 1.000
    endloop
  endfacet
endsolid tile:c2-08-3
solid tile:c2-09-1
  facet normal 0 0 1
    outer loop
      vertex 10.200 7.800 1.000
      vertex 10.800 7.800 1.000
      vertex 10.800 8.400 1.000
    endloop
  endfacet
  facet normal 0 0 1
    outer loop
      vertex 10.200 7.800 1.000
      vertex 10.800 8.400 1.000
      vertex 10.200 8.400 1.000
    endloop
  endfacet
endsolid tile:c2-09-1
solid tile:c2-09-2
  facet normal 0 0 1
    outer loop
      vertex 10.200 8.400 1.000
      vertex 10.800 8.400 1.000
      vertex 10.800 9.000 1.000
    endloop
  endfacet
  facet normal 0 0 1
    outer loop
      vertex 10.200 8.400 1.000
      vertex 10.800 9.000 1.000
      vertex 10.200 9.000 1.000
    endloop
  endfacet
endsolid tile:c2-09-2
solid tile:c2-09-3
  facet normal 0 0 1
    outer loop
      vertex 10.200 9.000 1.000
      vertex 10.800 9.000 1.000
      vertex 10.800 9.600 1.000
    endloop
  endfacet
  facet normal 0 0 1
    outer loop
      vertex 10.200 9.000 1.000
      vertex 10.800 9.600 1.000
      vertex 10.200 9.600 1.000
    endloop
  endfacet
endsolid tile:c2-09-3
solid tile:c2-10-1
  facet normal 0 0 1
    outer loop
      vertex 10.800 7.800 1.000
      vertex 11.400 7.800 1.000
      vertex 11.400 8.400 1.000
    endloop
  endfacet
  facet normal 0 0 1
    outer loop
      vertex 10.800 7.800 1.000
      vertex 11.400 8.400 1.000
      vertex 10.800 8.400 1.000
    endloop
  endfacet
endsolid tile:c2-10-1
solid tile:c2-10-2
  facet normal 0 0 1
    outer loop
      vertex 10.800 8.400 1.000
      vertex 11.400 8.400 1.000
      vertex 11.400 9.000 1.000
    endloop
  endfacet
  facet normal 0 0 1
    outer loop
      vertex 10.800 8.400 1.000
      vertex 11.400 9.000 1.000
      vertex 10.800 9.000 1.000
    endloop
  endfacet
endsolid tile:c2-10-2
solid tile:c2-10-3
  facet normal 0 0 1
    outer loop
      vertex 10.800 9.000 1.000
      vertex 11.400 9.000 1.000
      vertex 11.400 9.600 1.000
    endloop
  endfacet
  facet normal 0 0 1
    outer loop
      vertex 10.800 9.000 1.000
      vertex 11.400 9.600 1.000
      vertex 10.800 9.600 1.000
    endloop
  endfacet
endsolid tile:c2-10-3
solid tile:c2-11-1
  facet normal 0 0 1
    outer loop
      vertex 11.400 7.800 1.000
      vertex 12.000 7.800 1.000
      vertex 12.000 8.400 1.000
    endloop
  endfacet
  facet normal 0 0 1
    outer loop
      vertex 11.400 7.800 1.000
      vertex 12.000 8.400 1.000
      vertex 11.400 8.400 1.000
    endloop
  endfacet
endsolid tile:c2-11-1
solid tile:c2-11-2
  facet normal 0 0 1
    outer loop
      vertex 11.400 8.400 1.000
      vertex 12.000 8.400 1.000
      vertex 12.000 9.000 1.000
    endloop
  endfacet
  facet normal 0 0 1
    outer loop
      vertex 11.400 8.400 1.000
      vertex 12.000 9.000 1.000
      vertex 11.400 9.000 1.000
    endloop
  endfacet
endsolid tile:c2-11-2
solid tile:c2-11-3
  facet normal 0 0 1
    outer loop
      vertex 11.400 9.000 1.000
      vertex 12.000 9.000 1.000
      vertex 12.000 9.600 1.000
    endloop
  endfacet
  facet normal 0 0 1
    outer loop
      vertex 11.400 9.000 1.000
      vertex 12.000 9.600 1.000
      vertex 11.400 9.600 1.000
    endloop
  endfacet
endsolid tile:c2-11-3
solid tile:c2-12-1
  facet normal 0 0 1
    outer loop
      vertex 12.000 7.800 1.000
      vertex 12.600 7.800 1.000
      vertex 12.600 8.400 1.000
    endloop
  endfacet
  facet normal 0 0 1
    outer loop
      vertex 12.000 7.800 1.000
      vertex 12.600 8.400 1.000
      vertex 12.000 8.400 1.000
    endloop
  endfacet
endsolid tile:c2-12-1
solid tile:c2-12-2
  facet normal 0 0 1
    outer loop
      vertex 12.000 8.400 1.000
      vertex 12.600 8.400 1.000
      vertex 12.600 9.000 1.000
    endloop
  endfacet
  facet normal 0 0 1
    outer loop
      vertex 12.000 8.400 1.000
      vertex 12.600 9.000 1.000
      vertex 12.000 9.000 1.000
    endloop
  endfacet
endsolid tile:c2-12-2
solid tile:c2-12-3
  facet normal 0 0 1
    outer loop
      vertex 12.000 9.000 1.000
      vertex 12.600 9.000 1.000
      vertex 12.600 9.600 1.000
    endloop
  endfacet
  facet normal 0 0 1
    outer loop
      vertex 12.000 9.000 1.000
      vertex 12.600 9.600 1.000
      vertex 12.000 9.600 1.000
    endloop
  endfacet
endsolid tile:c2-12-3
solid tile:c2-13-1
  facet normal 0 0 1
    outer loop
      vertex 12.600 7.800 1.000
      vertex 13.200 7.800 1.000
      vertex 13.200 8.400 1.000
    endloop
  endfacet
  facet normal 0 0 1
    outer loop
      vertex 12.600 7.800 1.000
      vertex 13.200 8.400 1.000
      vertex 12.600 8.400 1.000
    endloop
  endfacet
endsolid tile:c2-13-1
solid tile:c2-13-2
  facet normal 0 0 1
    outer loop
      vertex 12.600 8.400 1.000
      vertex 13.200 8.400 1.000
      vertex 13.200 9.000 1.000
    endloop
  endfacet
  facet normal 0 0 1
    outer loop
      vertex 12.600 8.400 1.000
      vertex 13.200 9.000 1.000
      vertex 12.600 9.000 1.000
    endloop
  endfacet
endsolid tile:c2-13-2
solid tile:c2-13-3
  facet normal 0 0 1
    outer loop
      vertex 12.600 9.000 1.000
      vertex 13.200 9.000 1.000
      vertex 13.200 9.600 1.000
    endloop
  endfacet
  facet normal 0 0 1
    outer loop
      vertex 12.600 9.000 1.000
      vertex 13.200 9.600 1.000
      vertex 12.600 9.600 1.000
    endloop
  endfacet
endsolid tile:c2-13-3
solid tile:c2-14-1
  facet normal 0 0 1
    outer loop
      vertex 13.200 7.800 1.000
      vertex 13.800 7.800 1.000
      vertex 13.800 8.400 1.000
    endloop
  endfacet
  facet normal 0 0 1
    outer loop
      vertex 13.200 7.800 1.000
      vertex 13.800 8.400 1.000
      vertex 13.200 8.400 1.000
    endloop
  endfacet
endsolid tile:c2-14-1
solid tile:c2-14-2
  facet normal 0 0 1
    outer loop
      vertex 13.200 8.400 1.000
      vertex 13.800 8.400 1.000
      vertex 13.800 9.000 1.000
    endloop
  endfacet
  facet normal 0 0 1
    outer loop
      vertex 13.200 8.400 1.000
      vertex 13.800 9.000 1.000
      vertex 13.200 9.000 1.000
    endloop
  endfacet
endsolid tile:c2-14-2
solid tile:c2-14-3
  facet normal 0 0 1
    outer loop
      vertex 13.200 9.000 1.000
      vertex 13.800 9.000 1.000
      vertex 13.800 9.600 1.000
    endloop
  endfacet
  facet normal 0 0 1
    outer loop
      vertex 13.200 9.000 1.000
      vertex 13.800 9.600 1.000
      vertex 13.200 9.600 1.000
    endloop
  endfacet
endsolid tile:c2-14-3
solid tile:c2-15-1
  facet normal 0 0 1
    outer loop
      vertex 13.800 7.800 1.000
      vertex 14.400 7.800 1.000
      vertex 14.400 8.400 1.000
    endloop
  endfacet
  facet normal 0 0 1
    outer loop
      vertex 13.800 7.800 1.000
      vertex 14.400 8.400 1.000
      vertex 13.800 8.400 1.000
    endloop
  endfacet
endsolid tile:c2-15-1
solid tile:c2-15-2
  facet normal 0 0 1
    outer loop
      vertex 13.800 8.400 1.000
      vertex 14.400 8.400 1.000
      vertex 14.400 9.000 1.000
    endloop
  endfacet
  facet normal 0 0 1
    outer loop
      vertex 13.800 8.400 1.000
      vertex 14.400 9.000 1.000
      vertex 13.800 9.000 1.000
    endloop
  endfacet
endsolid tile:c2-15-2
solid tile:c2-15-3
  facet normal 0 0 1
    outer loop
      vertex 13.800 9.000 1.000
      vertex 14.400 9.000 1.000
      vertex 14.400 9.600 1.000
    endloop
  endfacet
  facet normal 0 0 1
    outer loop
      vertex 13.800 9.000 1.000
      vertex 14.400 9.600 1.000
      vertex 13.800 9.600 1.000
    endloop
  endfacet
endsolid tile:c2-15-3
solid tile:c2-16-1
  facet normal 0 0 1
    outer loop
      vertex 14.400 7.800 1.000
      vertex 15.000 7.800 1.000
      vertex 15.000 8.400 1.000
    endloop
  endfacet
  facet normal 0 0 1
    outer loop
      vertex 14.400 7.800 1.000
      vertex 15.000 8.400 1.000
      vertex 14.400 8.400 1.000
    endloop
  endfacet
endsolid tile:c2-16-1
solid tile:c2-16-2
  facet normal 0 0 1
    outer loop
      vertex 14.400 8.400 1.000
      vertex 15.000 8.400 1.000
      vertex 15.000 9.000 1.000
    endloop
  endfacet
  facet normal 0 0 1
    outer loop
      vertex 14.400 8.400 1.000
      vertex 15.000 9.000 1.000
      vertex 14.400 9.000 1.000
    endloop
  endfacet
endsolid tile:c2-16-2
solid tile:c2-16-3
  facet normal 0 0 1
    outer loop
      vertex 14.400 9.000 1.000
      vertex 15.000 9.000 1.000
      vertex 15.000 9.600 1.000
    endloop
  endfacet
  facet normal 0 0 1
    outer loop
      vertex 14.400 9.000 1.000
      vertex 15.000 9.600 1.000
      vertex 14.400 9.600 1.000
    endloop
  endfacet
endsolid tile:c2-16-3
solid tile:c2-17-1
  facet normal 0 0 1
    outer loop
      vertex 15.000 7.800 1.000
      vertex 15.600 7.800 1.000
      vertex 15.600 8.400 1.000
    endloop
  endfacet
  facet normal 0 0 1
    outer loop
      vertex 15.000 7.800 1.000
      vertex 15.600 8.400 1.000
      vertex 15.000 8.400 1.000
    endloop
  endfacet
endsolid tile:c2-17-1
solid tile:c2-17-2
  facet normal 0 0 1
    outer loop
      vertex 15.000 8.400 1.000
      vertex 15.600 8.400 1.000
      vertex 15.600 9.000 1.000
    endloop
  endfacet
  facet normal 0 0 1
    outer loop
      vertex 15.000 8.400 1.000
      vertex 15.600 9.000 1.000
      vertex 15.000 9.000 1.000
    endloop
  endfacet
endsolid tile:c2-17-2
solid tile:c2-17-3
  facet normal 0 0 1
    outer loop
      vertex 15.000 9.000 1.000
      vertex 15.600 9.000 1.000
      vertex 15.600 9.600 1.000
    endloop
  endfacet
  facet normal 0 0 1
    outer loop
      vertex 15.000 9.000 1.000
      vertex 15.600 9.600 1.000
      vertex 15.000 9.600 1.000
    endloop
  endfacet
endsolid tile:c2-17-3
solid tile:c2-18-1
  facet normal 0 0 1
    outer loop
      vertex 15.600 7.800 1.000
      vertex 16.200 7.800 1.000
      vertex 16.200 8.400 1.000
    endloop
  endfacet
  facet normal 0 0 1
    outer loop
      vertex 15.600 7.800 1.000
      vertex 16.200 8.400 1.000
      vertex 15.600 8.400 1.000
    endloop
  endfacet
endsolid tile:c2-18-1
solid tile:c2-18-2
  facet normal 0 0 1
    outer loop
      vertex 15.600 8.400 1.000
      vertex 16.200 8.400 1.000
      vertex 16.200 9.000 1.000
    endloop
  endfacet
  facet normal 0 0 1
    outer loop
      vertex 15.600 8.400 1.000
      vertex 16.200 9.000 1.000
      vertex 15.600 9.000 1.000
    endloop
  endfacet
endsolid tile:c2-18-2
solid tile:c2-18-3
  facet normal 0 0 1
    outer loop
      vertex 15.600 9.000 1.000
      vertex 16.200 9.000 1.000
      vertex 16.200 9.600 1.000
    endloop
  endfacet
  facet normal 0 0 1
    outer loop
      vertex 15.600 9.000 1.000
      vertex 16.200 9.600 1.000
      vertex 15.600 9.600 1.000
    endloop
  endfacet
endsolid tile:c2-18-3
solid tile:c2-19-1
  facet normal 0 0 1
    outer loop
      vertex 16.200 7.800 1.000
      vertex 16.800 7.800 1.000
      vertex 16.800 8.400 1.000
    endloop
  endfacet
  facet normal 0 0 1
    outer loop
      vertex 16.200 7.800 1.000
      vertex 16.800 8.400 1.000
      vertex 16.200 8.400 1.000
    endloop
  endfacet
endsolid tile:c2-19-1
solid tile:c2-19-2
  facet normal 0 0 1
    outer loop
      vertex 16.200 8.400 1.000
      vertex 16.800 8.400 1.000
      vertex 16.800 9.000 1.000
    endloop
  endfacet
  facet normal 0 0 1
    outer loop
      vertex 16.200 8.400 1.000
      vertex 16.800 9.000 1.000
      vertex 16.200 9.000 1.000
    endloop
  endfacet
endsolid tile:c2-19-2
solid tile:c2-19-3
  facet normal 0 0 1
    outer loop
      vertex 16.200 9.000 1.000
      vertex 16.800 9.000 1.000
      vertex 16.800 9.600 1.000
    endloop
  endfacet
  facet normal 0 0 1
    outer loop
      vertex 16.200 9.000 1.000
      vertex 16.800 9.600 1.000
      vertex 16.200 9.600 1.000
    endloop
  endfacet
endsolid tile:c2-19-3
solid tile:c3-01-1
  facet normal 0 0 1
    outer loop
      vertex 5.700 15.600 1.000
      vertex 6.300 15.600 1.000
      vertex 6.300 16.200 1.000
    endloop
  endfacet
  facet normal 0 0 1
    outer loop
      vertex 5.700 15.600 1.000
      vertex 6.300 16.200 1.000
      vertex 5.700 16.200 1.000
    endloop
  endfacet
endsolid tile:c3-01-1
solid tile:c3-01-2
  facet normal 0 0 1
    outer loop
      vertex 5.700 16.200 1.000
      vertex 6.300 16.200 1.000
      vertex 6.300 16.800 1.000
    endloop
  endfacet
  facet normal 0 0 1
    outer loop
      vertex 5.700 16.200 1.000
      vertex 6.300 16.800 1.000
      vertex 5.700 16.800 1.000
    endloop
  endfacet
endsolid tile:c3-01-2
solid tile:c3-02-1
  facet normal 0 0 1
    outer loop
      vertex 6.300 15.600 1.000
      vertex 6.900 15.600 1.000
      vertex 6.900 16.200 1.000
    endloop
  endfacet
  facet normal 0 0 1
    outer loop
      vertex 6.300 15.600 1.000
      vertex 6.900 16.200 1.000
      vertex 6.300 16.200 1.000
    endloop
  endfacet
endsolid tile:c3-02-1
solid tile:c3-02-2
  facet normal 0 0 1
    outer loop
      vertex 6.300 16.200 1.000
      vertex 6.900 16.200 1.000
      vertex 6.900 16.800 1.000
    endloop
  endfacet
  facet normal 0 0 1
    outer loop
      vertex 6.300 16.200 1.000
      vertex 6.900 16.800 1.000
      vertex 6.300 16.800 1.000
    endloop
  endfacet
endsolid tile:c3-02-2
solid tile:c3-03-1
  facet normal 0 0 1
    outer loop
      vertex 6.900 15.600 1.000
      vertex 7.500 15.600 1.000
      vertex 7.500 16.200 1.000
    endloop
  endfacet
  facet normal 0 0 1
    outer loop
      vertex 6.900 15.600 1.000
      vertex 7.500 16.200 1.000
      vertex 6.900 16.200 1.000
    endloop
  endfacet
endsolid tile:c3-03-1
solid tile:c3-03-2
  facet normal 0 0 1
    outer loop
      vertex 6.900 16.200 1.000
      vertex 7.500 16.200 1.000
      vertex 7.500 16.800 1.000
    endloop
  endfacet
  facet normal 0 0 1
    outer loop
      vertex 6.900 16.200 1.000
      vertex 7.500 16.800 1.000
      vertex 6.900 16.800 1.000
    endloop
  endfacet
endsolid tile:c3-03-2
solid tile:c3-04-1
  facet normal 0 0 1
    outer loop
      vertex 7.500 15.600 1.000
      vertex 8.100 15.600 1.000
      vertex 8.100 16.200 1.000
    endloop
  endfacet
  facet normal 0 0 1
    outer loop
      vertex 7.500 15.600 1.000
      vertex 8.100 16.200 1.000
      vertex 7.500 16.200 1.000
    endloop
  endfacet
endsolid tile:c3-04-1
solid tile:c3-04-2
  facet normal 0 0 1
    outer loop
      vertex 7.500 16.200 1.000
      vertex 8.100 16.200 1.000
      vertex 8.100 16.800 1.000
    endloop
  endfacet
  facet normal 0 0 1
    outer loop
      vertex 7.500 16.200 1.000
      vertex 8.100 16.800 1.000
      vertex 7.500 16.800 1.000
    endloop
  endfacet
endsolid tile:c3-04-2
solid tile:c3-05-1
  facet normal 0 0 1
    outer loop
      vertex 8.100 15.600 1.000
      vertex 8.700 15.600 1.000
      vertex 8.700 16.200 1.000
    endloop
  endfacet
  facet normal 0 0 1
    outer loop
      vertex 8.100 15.600 1.000
      vertex 8.700 16.200 1.000
      vertex 8.100 16.200 1.000
    endloop
  endfacet
endsolid tile:c3-05-1
solid tile:c3-05-2
  facet normal 0 0 1
    outer loop
      vertex 8.100 16.200 1.000
      vertex 8.700 16.200 1.000
      vertex 8.700 16.800 1.000
    endloop
  endfacet
  facet normal 0 0 1
    outer loop
      vertex 8.100 16.200 1.000
      vertex 8.700 16.800 1.000
      vertex 8.100 16.800 1.000
    endloop
  endfacet
endsolid tile:c3-05-2
solid tile:c3-06-1
  facet normal 0 0 1
    outer loop
      vertex 8.700 15.600 1.000
      vertex 9.300 15.600 1.000
      vertex 9.300 16.200 1.000
    endloop
  endfacet
  facet normal 0 0 1
    outer loop
      vertex 8.700 15.600 1.000
      vertex 9.300 16.200 1.000
      vertex 8.700 16.200 1.000
    endloop
  endfacet
endsolid tile:c3-06-1
solid tile:c3-06-2
  facet normal 0 0 1
    outer loop
      vertex 8.700 16.200 1.000
      vertex 9.300 16.200 1.000
      vertex 9.300 16.800 1.000
    endloop
  endfacet
  facet normal 0 0 1
    outer loop
      vertex 8.700 16.200 1.000
      vertex 9.300 16.800 1.000
      vertex 8.700 16.800 1.000
    endloop
  endfacet
endsolid tile:c3-06-2
solid tile:c3-07-1
  facet normal 0 0 1
    outer loop
      vertex 9.300 15.600 1.000
      vertex 9.900 15.600 1.000
      vertex 9.900 16.200 1.000
    endloop
  endfacet
  facet normal 0 0 1
    outer loop
      vertex 9.300 15.600 1.000
      vertex 9.900 16.200 1.000
      vertex 9.300 16.200 1.000
    endloop
  endfacet
endsolid tile:c3-07-1
solid tile:c3-07-2
  facet normal 0 0 1
    outer loop
      vertex 9.300 16.200 1.000
      vertex 9.900 16.200 1.000
      vertex 9.900 16.800 1.000
    endloop
  endfacet
  facet normal 0 0 1
    outer loop
      vertex 9.300 16.200 1.000
      vertex 9.900 16.800 1.000
      vertex 9.300 16.800 1.000
    endloop
  endfacet
endsolid tile:c3-07-2
solid tile:c3-08-1
  facet normal 0 0 1
    outer loop
      vertex 9.900 15.600 1.000
      vertex 10.500 15.600 1.000
      vertex 10.500 16.200 1.000
    endloop
  endfacet
  facet normal 0 0 1
    outer loop
      vertex 9.900 15.600 1.000
      vertex 10.500 16.200 1.000
      vertex 9.900 16.200 1.000
    endloop
  endfacet
endsolid tile:c3-08-1
solid tile:c3-08-2
  facet normal 0 0 1
    outer loop
      vertex 9.900 16.200 1.000
      vertex 10.500 16.200 1.000
      vertex 10.500 16.800 1.000
    endloop
  endfacet
  facet normal 0 0 1
    outer loop
      vertex 9.900 16.200 1.000
      vertex 10.500 16.800 1.000
      vertex 9.900 16.800 1.000
    endloop
  endfacet
endsolid tile:c3-08-2
solid tile:c3-09-1
  facet normal 0 0 1
    outer loop
      vertex 10.500 15.600 1.000
      vertex 11.100 15.600 1.000
      vertex 11.100 16.200 1.000
    endloop
  endfacet
  facet normal 0 0 1
    outer loop
      vertex 10.500 15.600 1.000
      vertex 11.100 16.200 1.000
      vertex 10.500 16.200 1.000
    endloop
  endfacet
endsolid tile:c3-09-1
solid tile:c3-09-2
  facet normal 0 0 1
    outer loop
      vertex 10.500 16.200 1.000
      vertex 11.100 16.200 1.000
      vertex 11.100 16.800 1.000
    endloop
  endfacet
  facet normal 0 0 1
    outer loop
      vertex 10.500 16.200 1.000
      vertex 11.100 16.800 1.000
      vertex 10.500 16.800 1.000
    endloop
  endfacet
endsolid tile:c3-09-2
solid tile:c3-10-1
  facet normal 0 0 1
    outer loop
      vertex 11.100 15.600 1.000
      vertex 11.700 15.600 1.000
      vertex 11.700 16.200 1.000
    endloop
  endfacet
  facet normal 0 0 1
    outer loop
      vertex 11.100 15.600 1.000
      vertex 11.700 16.200 1.000
      vertex 11.100 16.200 1.000
    endloop
  endfacet
endsolid tile:c3-10-1
solid tile:c3-10-2
  facet normal 0 0 1
    outer loop
      vertex 11.100 16.200 1.000
      vertex 11.700 16.200 1.000
      vertex 11.700 16.800 1.000
    endloop
  endfacet
  facet normal 0 0 1
    outer loop
      vertex 11.100 16.200 1.000
      vertex 11.700 16.800 1.000
      vertex 11.100 16.800 1.000
    endloop
  endfacet
endsolid tile:c3-10-2
solid tile:c3-11-1
  facet normal 0 0 1
    outer loop
      vertex 11.700 15.600 1.000
      vertex 12.300 15.600 1.000
      vertex 12.300 16.200 1.000
    endloop
  endfacet
  facet normal 0 0 1
    outer loop
      vertex 11.700 15.600 1.000
      vertex 12.300 16.200 1.000
      vertex 11.700 16.200 1.000
    endloop
  endfacet
endsolid tile:c3-11-1
solid tile:c3-11-2
  facet normal 0 0 1
    outer loop
      vertex 11.700 16.200 1.000
      vertex 12.300 16.200 1.000
      vertex 12.300 16.800 1.000
    endloop
  endfacet
  facet normal 0 0 1
    outer loop
      vertex 11.700 16.200 1.000
      vertex 12.300 16.800 1.000
      vertex 11.700 16.800 1.000
    endloop
  endfacet
endsolid tile:c3-11-2
solid tile:c3-12-1
  facet normal 0 0 1
    outer loop
      vertex 12.300 15.600 1.000
      vertex 12.900 15.600 1.000
      vertex 12.900 16.200 1.000
    endloop
  endfacet
  facet normal 0 0 1
    outer loop
      vertex 12.300 15.600 1.000
      vertex 12.900 16.200 1.000
      vertex 12.300 16.200 1.000
    endloop
  endfacet
endsolid tile:c3-12-1
solid tile:c3-12-2
  facet normal 0 0 1
    outer loop
      vertex 12.300 16.200 1.000
      vertex 12.900 16.200 1.000
      vertex 12.900 16.800 1.000
    endloop
  endfacet
  facet normal 0 0 1
    outer loop
      vertex 12.300 16.200 1.000
      vertex 12.900 16.800 1.000
      vertex 12.300 16.800 1.000
    endloop
  endfacet
endsolid tile:c3-12-2
solid tile:c3-13-1
  facet normal 0 0 1
    outer loop
      vertex 12.900 15.600 1.000
      vertex 13.500 15.600 1.000
      vertex 13.500 16.200 1.000
    endloop
  endfacet
  facet normal 0 0 1
    outer loop
      vertex 12.900 15.600 1.000
      vertex 13.500 16.200 1.000
      vertex 12.900 16.200 1.000
    endloop
  endfacet
endsolid tile:c3-13-1
solid tile:c3-13-2
  facet normal 0 0 1
    outer loop
      vertex 12.900 16.200 1.000
      vertex 13.500 16.200 1.000
      vertex 13.500 16.800 1.000
    endloop
  endfacet
  facet normal 0 0 1
    outer loop
      vertex 12.900 16.200 1.000
      vertex 13.500 16.800 1.000
      vertex 12.900 16.800 1.000
    endloop
  endfacet
endsolid tile:c3-13-2
solid tile:c3-14-1
  facet normal 0 0 1
    outer loop
      vertex 13.500 15.600 1.000
      vertex 14.100 15.600 1.000
      vertex 14.100 16.200 1.000
    endloop
  endfacet
  facet normal 0 0 1
    outer loop
      vertex 13.500 15.600 1.000
      vertex 14.100 16.200 1.000
      vertex 13.500 16.200 1.000
    endloop
  endfacet
endsolid tile:c3-14-1
solid tile:c3-14-2
  facet normal 0 0 1
    outer loop
      vertex 13.500 16.200 1.000
      vertex 14.100 16.200 1.000
      vertex 14.100 16.800 1.000
    endloop
  endfacet
  facet normal 0 0 1
    outer loop
      vertex 13.500 16.200 1.000
      vertex 14.100 16.800 1.000
      vertex 13.500 16.800 1.000
    endloop
  endfacet
endsolid tile:c3-14-2
solid tile:c3-15-1
  facet normal 0 0 1
    outer loop
      vertex 14.100 15.600 1.000
      vertex 14.700 15.600 1.000
      vertex 14.700 16.200 1.000
    endloop
  endfacet
  facet normal 0 0 1
    outer loop
      vertex 14.100 15.600 1.000
      vertex 14.700 16.200 1.000
      vertex 14.100 16.200 1.000
    endloop
  endfacet
endsolid tile:c3-15-1
solid tile:c3-15-2
  facet normal 0 0 1
    outer loop
      vertex 14.100 16.200 1.000
      vertex 14.700 16.200 1.000
      vertex 14.700 16.800 1.000
    endloop
  endfacet
  facet normal 0 0 1
    outer loop
      vertex 14.100 16.200 1.000
      vertex 14.700 16.800 1.000
      vertex 14.100 16.800 1.000
    endloop
  endfacet
endsolid tile:c3-15-2
solid tile:c3-16-1
  facet normal 0 0 1
    outer loop
      vertex 14.700 15.600 1.000
      vertex 15.300 15.600 1.000
      vertex 15.300 16.200 1.000
    endloop
  endfacet
  facet normal 0 0 1
    outer loop
      vertex 14.700 15.600 1.000
      vertex 15.300 16.200 1.000
      vertex 14.700 16.200 1.000
    endloop
  endfacet
endsolid tile:c3-16-1
solid tile:c3-16-2
  facet normal 0 0 1
    outer loop
      vertex 14.700 16.200 1.000
      vertex 15.300 16.200 1.000
      vertex 15.300 16.800 1.000
    endloop
  endfacet
  facet normal 0 0 1
    outer loop
      vertex 14.700 16.200 1.000
      vertex 15.300 16.800 1.000
      vertex 14.700 16.800 1.000
    endloop
  endfacet
endsolid tile:c3-16-2
solid tile:c3-17-1
  facet normal 0 0 1
    outer loop
      vertex 15.300 15.600 1.000
      vertex 15.900 15.600 1.000
      vertex 15.900 16.200 1.000
    endloop
  endfacet
  facet normal 0 0 1
    outer loop
      vertex 15.300 15.600 1.000
      vertex 15.900 16.200 1.000
      vertex 15.300 16.200 1.000
    endloop
  endfacet
endsolid tile:c3-17-1
solid tile:c3-17-2
  facet normal 0 0 1
    outer loop
      vertex 15.300 16.200 1.000
      vertex 15.900 16.200 1.000
      vertex 15.900 16.800 1.000
    endloop
  endfacet
  facet normal 0 0 1
    outer loop
      vertex 15.300 16.200 1.000
      vertex 15.900 16.800 1.000
      vertex 15.300 16.800 1.000
    endloop
  endfacet
endsolid tile:c3-17-2
solid tile:c4-01-1
  facet normal 0 0 1
    outer loop
      vertex 5.700 21.000 1.000
      vertex 6.300 21.000 1.000
      vertex 6.300 21.600 1.000
    endloop
  endfacet
  facet normal 0 0 1
    outer loop
      vertex 5.700 21.000 1.000
      vertex 6.300 21.600 1.000
      vertex 5.700 21.600 1.000
    endloop
  endfacet
endsolid tile:c4-01-1
solid tile:c4-01-2
  facet normal 0 0 1
    outer loop
      vertex 5.700 21.600 1.000
      vertex 6.300 21.600 1.000
      vertex 6.300 22.200 1.000
    endloop
  endfacet
  facet normal 0 0 1
    outer loop
      vertex 5.700 21.600 1.000
      vertex 6.300 22.200 1.000
      vertex 5.700 22.200 1.000
    endloop
  endfacet
endsolid tile:c4-01-2
solid tile:c4-02-1
  facet normal 0 0 1
    outer loop
      vertex 6.300 21.000 1.000
      vertex 6.900 21.000 1.000
      vertex 6.900 21.600 1.000
    endloop
  endfacet
  facet normal 0 0 1
    outer loop
      vertex 6.300 21.000 1.000
      vertex 6.900 21.600 1.000
      vertex 6.300 21.600 1.000
    endloop
  endfacet
endsolid tile:c4-02-1
solid tile:c4-02-2
  facet normal 0 0 1
    outer loop
      vertex 6.300 21.600 1.000
      vertex 6.900 21.600 1.000
      vertex 6.900 22.200 1.000
    endloop
  endfacet
  facet normal 0 0 1
    outer loop
      vertex 6.300 21.600 1.000
      vertex 6.900 22.200 1.000
      vertex 6.300 22.200 1.000
    endloop
  endfacet
endsolid tile:c4-02-2
solid tile:c4-03-1
  facet normal 0 0 1
    outer loop
      vertex 6.900 21.000 1.000
      vertex 7.500 21.000 1.000
      vertex 7.500 21.600 1.000
    endloop
  endfacet
  facet normal 0 0 1
    outer loop
      vertex 6.900 21.000 1.000
      vertex 7.500 21.600 1.000
      vertex 6.900 21.600 1.000
    endloop
  endfacet
endsolid tile:c4-03-1
solid tile:c4-03-2
  facet normal 0 0 1
    outer loop
      vertex 6.900 21.600 1.000
      vertex 7.500 21.600 1.000
      vertex 7.500 22.200 1.000
    endloop
  endfacet
  facet normal 0 0 1
    outer loop
      vertex 6.900 21.600 1.000
      vertex 7.500 22.200 1.000
      vertex 6.900 22.200 1.000
    endloop
  endfacet
endsolid tile:c4-03-2
solid tile:c4-04-1
  facet normal 0 0 1
    outer loop
      vertex 7.500 21.000 1.000
      vertex 8.100 21.000 1.000
      vertex 8.100 21.600 1.000
    endloop
  endfacet
  facet normal 0 0 1
    outer loop
      vertex 7.500 21.000 1.000
      vertex 8.100 21.600 1.000
      vertex 7.500 21.600 1.000
    endloop
  endfacet
endsolid tile:c4-04-1
solid tile:c4-04-2
  facet normal 0 0 1
    outer loop
      vertex 7.500 21.600 1.000
      vertex 8.100 21.600 1.000
      vertex 8.100 22.200 1.000
    endloop
  endfacet
  facet normal 0 0 1
    outer loop
      vertex 7.500 21.600 1.000
      vertex 8.100 22.200 1.000
      vertex 7.500 22.200 1.000
    endloop
  endfacet
endsolid tile:c4-04-2
solid tile:c4-05-1
  facet normal 0 0 1
    outer loop
      vertex 8.100 21.000 1.000
      vertex 8.700 21.000 1.000
      vertex 8.700 21.600 1.000
    endloop
  endfacet
  facet normal 0 0 1
    outer loop
      vertex 8.100 21.000 1.000
      vertex 8.700 21.600 1.000
      vertex 8.100 21.600 1.000
    endloop
  endfacet
endsolid tile:c4-05-1
solid tile:c4-05-2
  facet normal 0 0 1
    outer loop
      vertex 8.100 21.600 1.000
      vertex 8.700 21.600 1.000
      vertex 8.700 22.200 1.000
    endloop
  endfacet
  facet normal 0 0 1
    outer loop
      vertex 8.100 21.600 1.000
      vertex 8.700 22.200 1.000
      vertex 8.100 22.200 1.000
    endloop
  endfacet
endsolid tile:c4-05-2
solid tile:c4-06-1
  facet normal 0 0 1
    outer loop
      vertex 8.700 21.000 1.000
      vertex 9.300 21.000 1.000
      vertex 9.300 21.600 1.000
    endloop
  endfacet
  facet normal 0 0 1
    outer loop
      vertex 8.700 21.000 1.000
      vertex 9.300 21.600 1.000
      vertex 8.700 21.600 1.000
    endloop
  endfacet
endsolid tile:c4-06-1
solid tile:c4-06-2
  facet normal 0 0 1
    outer loop
      vertex 8.700 21.600 1.000
      vertex 9.300 21.600 1.000
      vertex 9.300 22.200 1.000
    endloop
  endfacet
  facet normal 0 0 1
    outer loop
      vertex 8.700 21.600 1.000
      vertex 9.300 22.200 1.000
      vertex 8.700 22.200 1.000
    endloop
  endfacet
endsolid tile:c4-06-2
solid tile:c4-07-1
  facet normal 0 0 1
    outer loop
      vertex 9.300 21.000 1.000
      vertex 9.900 21.000 1.000
      vertex 9.900 21.600 1.000
    endloop
  endfacet
  facet normal 0 0 1
    outer loop
      vertex 9.300 21.000 1.000
      vertex 9.900 21.600 1.000
      vertex 9.300 21.600 1.000
    endloop
  endfacet
endsolid tile:c4-07-1
solid tile:c4-07-2
  facet normal 0 0 1
    outer loop
      vertex 9.300 21.600 1.000
      vertex 9.900 21.600 1.000
      vertex 9.900 22.200 1.000
    endloop
  endfacet
  facet normal 0 0 1
    outer loop
      vertex 9.300 21.600 1.000
      vertex 9.900 22.200 1.000
      vertex 9.300 22.200 1.000
    endloop
  endfacet
endsolid tile:c4-07-2
solid tile:c4-08-1
  facet normal 0 0 1
    outer loop
      vertex 9.900 21.000 1.000
      vertex 10.500 21.000 1.000
      vertex 10.500 21.600 1.000
    endloop
  endfacet
  facet normal 0 0 1
    outer loop
      vertex 9.900 21.000 1.000
      vertex 10.500 21.600 1.000
      vertex 9.900 21.600 1.000
    endloop
  endfacet
endsolid tile:c4-08-1
solid tile:c4-08-2
  facet normal 0 0 1
    outer loop
      vertex 9.900 21.600 1.000
      vertex 10.500 21.600 1.000
      vertex 10.500 22.200 1.000
    endloop
  endfacet
  facet normal 0 0 1
    outer loop
      vertex 9.900 21.600 1.000
      vertex 10.500 22.200 1.000
      vertex 9.900 22.200 1.000
    endloop
  endfacet
endsolid tile:c4-08-2
solid tile:c4-09-1
  facet normal 0 0 1
    outer loop
      vertex 10.500 21.000 1.000
      vertex 11.100 21.000 1.000
      vertex 11.100 21.600 1.000
    endloop
  endfacet
  facet normal 0 0 1
    outer loop
      vertex 10.500 21.000 1.000
      vertex 11.100 21.600 1.000
      vertex 10.500 21.600 1.000
    endloop
  endfacet
endsolid tile:c4-09-1
solid tile:c4-09-2
  facet normal 0 0 1
    outer loop
      vertex 10.500 21.600 1.000
      vertex 11.100 21.600 1.000
      vertex 11.100 22.200 1.000
    endloop
  endfacet
  facet normal 0 0 1
    outer loop
      vertex 10.500 21.600 1.000
      vertex 11.100 22.200 1.000
      vertex 10.500 22.200 1.000
    endloop
  endfacet
endsolid tile:c4-09-2
solid tile:c4-10-1
  facet normal 0 0 1
    outer loop
      vertex 11.100 21.000 1.000
      vertex 11.700 21.000 1.000
      vertex 11.700 21.600 1.000
    endloop
  endfacet
  facet normal 0 0 1
    outer loop
      vertex 11.100 21.000 1.000
      vertex 11.700 21.600 1.000
      vertex 11.100 21.600 1.000
    endloop
  endfacet
endsolid tile:c4-10-1
solid tile:c4-10-2
  facet normal 0 0 1
    outer loop
      vertex 11.100 21.600 1.000
      vertex 11.700 21.600 1.000
      vertex 11.700 22.200 1.000
    endloop
  endfacet
  facet normal 0 0 1
    outer loop
      vertex 11.100 21.600 1.000
      vertex 11.700 22.200 1.000
      vertex 11.100 22.200 1.000
    endloop
  endfacet
endsolid tile:c4-10-2
solid tile:c4-11-1
  facet normal 0 0 1
    outer loop
      vertex 11.700 21.000 1.000
      vertex 12.300 21.000 1.000
      vertex 12.300 21.600 1.000
    endloop
  endfacet
  facet normal 0 0 1
    outer loop
      vertex 11.700 21.000 1.000
      vertex 12.300 21.600 1.000
      vertex 11.700 21.600 1.000
    endloop
  endfacet
endsolid tile:c4-11-1
solid tile:c4-11-2
  facet normal 0 0 1
    outer loop
      vertex 11.700 21.600 1.000
      vertex 12.300 21.600 1.000
      vertex 12.300 22.200 1.000
    endloop
  endfacet
  facet normal 0 0 1
    outer loop
      vertex 11.700 21.600 1.000
      vertex 12.300 22.200 1.000
      vertex 11.700 22.200 1.000
    endloop
  endfacet
endsolid tile:c4-11-2
solid tile:c4-12-1
  facet normal 0 0 1
    outer loop
      vertex 12.300 21.000 1.000
      vertex 12.900 21.000 1.000
      vertex 12.900 21.600 1.000
    endloop
  endfacet
  facet normal 0 0 1
    outer loop
      vertex 12.300 21.000 1.000
      vertex 12.900 21.600 1.000
      vertex 12.300 21.600 1.000
    endloop
  endfacet
endsolid tile:c4-12-1
solid tile:c4-12-2
  facet normal 0 0 1
    outer loop
      vertex 12.300 21.600 1.000
      vertex 12.900 21.600 1.000
      vertex 12.900 22.200 1.000
    endloop
  endfacet
  facet normal 0 0 1
    outer loop
      vertex 12.300 21.600 1.000
      vertex 12.900 22.200 1.000
      vertex 12.300 22.200 1.000
    endloop
  endfacet
endsolid tile:c4-12-2
solid tile:c4-13-1
  facet normal 0 0 1
    outer loop
      vertex 12.900 21.000 1.000
      vertex 13.500 21.000 1.000
      vertex 13.500 21.600 1.000
    endloop
  endfacet
  facet normal 0 0 1
    outer loop
      vertex 12.900 21.000 1.000
      vertex 13.500 21.600 1.000
      vertex 12.900 21.600 1.000
    endloop
  endfacet
endsolid tile:c4-13-1
solid tile:c4-13-2
  facet normal 0 0 1
    outer loop
      vertex 12.900 21.600 1.000
      vertex 13.500 21.600 1.000
      vertex 13.500 22.200 1.000
    endloop
  endfacet
  facet normal 0 0 1
    outer loop
      vertex 12.900 21.600 1.000
      vertex 13.500 22.200 1.000
      vertex 12.900 22.200 1.000
    endloop
  endfacet
endsolid tile:c4-13-2
solid tile:c4-14-1
  facet normal 0 0 1
    outer loop
      vertex 13.500 21.000 1.000
      vertex 14.100 21.000 1.000
      vertex 14.100 21.600 1.000
    endloop
  endfacet
  facet normal 0 0 1
    outer loop
      vertex 13.500 21.000 1.000
      vertex 14.100 21.600 1.000
      vertex 13.500 21.600 1.000
    endloop
  endfacet
endsolid tile:c4-14-1
solid tile:c4-14-2
  facet normal 0 0 1
    outer loop
      vertex 13.500 21.600 1.000
      vertex 14.100 21.600 1.000
      vertex 14.100 22.200 1.000
    endloop
  endfacet
  facet normal 0 0 1
    outer loop
      vertex 13.500 21.600 1.000
      vertex 14.100 22.200 1.000
      vertex 13.500 22.200 1.000
    endloop
  endfacet
endsolid tile:c4-14-2
solid tile:c4-15-1
  facet normal 0 0 1
    outer loop
      vertex 14.100 21.000 1.000
      vertex 14.700 21.000 1.000
      vertex 14.700 21.600 1.000
    endloop
  endfacet
  facet normal 0 0 1
    outer loop
      vertex 14.100 21.000 1.000
      vertex 14.700 21.600 1.000
      vertex 14.100 21.600 1.000
    endloop
  endfacet
endsolid tile:c4-15-1
solid tile:c4-15-2
  facet normal 0 0 1
    outer loop
      vertex 14.100 21.600 1.000
      vertex 14.700 21.600 1.000
      vertex 14.700 22.200 1.000
    endloop
  endfacet
  facet normal 0 0 1
    outer loop
      vertex 14.100 21.600 1.000
      vertex 14.700 22.200 1.000
      vertex 14.100 22.200 1.000
    endloop
  endfacet
endsolid tile:c4-15-2
solid tile:c4-16-1
  facet normal 0 0 1
    outer loop
      vertex 14.700 21.000 1.000
      vertex 15.300 21.000 1.000
      vertex 15.300 21.600 1.000
    endloop
  endfacet
  facet normal 0 0 1
    outer loop
      vertex 14.700 21.000 1.000
      vertex 15.300 21.600 1.000
      vertex 14.700 21.600 1.000
    endloop
  endfacet
endsolid tile:c4-16-1
solid tile:c4-16-2
  facet normal 0 0 1
    outer loop
      vertex 14.700 21.600 1.000
      vertex 15.300 21.600 1.000
      vertex 15.300 22.200 1.000
    endloop
  endfacet
  facet normal 0 0 1
    outer loop
      vertex 14.700 21.600 1.000
      vertex 15.300 22.200 1.000
      vertex 14.700 22.200 1.000
    endloop
  endfacet
endsolid tile:c4-16-2
solid tile:c4-17-1
  facet normal 0 0 1
    outer loop
      vertex 15.300 21.000 1.000
      vertex 15.900 21.000 1.000
      vertex 15.900 21.600 1.000
    endloop
  endfacet
  facet normal 0 0 1
    outer loop
      vertex 15.300 21.000 1.000
      vertex 15.900 21.600 1.000
      vertex 15.300 21.600 1.000
    endloop
  endfacet
endsolid tile:c4-17-1
solid tile:c4-17-2
  facet normal 0 0 1
    outer loop
      vertex 15.300 21.600 1.000
      vertex 15.900 21.600 1.000
      vertex 15.900 22.200 1.000
    endloop
  endfacet
  facet normal 0 0 1
    outer loop
      vertex 15.300 21.600 1.000
      vertex 15.900 22.200 1.000
      vertex 15.300 22.200 1.000
    endloop
  endfacet
endsolid tile:c4-17-2
solid tile:c5-01-1
  facet normal 0 0 1
    outer loop
      vertex 5.700 26.400 1.000
      vertex 6.300 26.400 1.000
      vertex 6.300 27.000 1.000
    endloop
  endfacet
  facet normal 0 0 1
    outer loop
      vertex 5.700 26.400 1.000
      vertex 6.300 27.000 1.000
      vertex 5.700 27.000 1.000
    endloop
  endfacet
endsolid tile:c5-01-1
solid tile:c5-01-2
  facet normal 0 0 1
    outer loop
      vertex 5.700 27.000 1.000
      vertex 6.300 27.000 1.000
      vertex 6.300 27.600 1.000
    endloop
  endfacet
  facet normal 0 0 1
    outer loop
      vertex 5.700 27.000 1.000
      vertex 6.300 27.600 1.000
      vertex 5.700 27.600 1.000
    endloop
  endfacet
endsolid tile:c5-01-2
solid tile:c5-02-1
  facet normal 0 0 1
    outer loop
      vertex 6.300 26.400 1.000
      vertex 6.900 26.400 1.000
      vertex 6.900 27.000 1.000
    endloop
  endfacet
  facet normal 0 0 1
    outer loop
      vertex 6.300 26.400 1.000
      vertex 6.900 27.000 1.000
      vertex 6.300 27.000 1.000
    endloop
  endfacet
endsolid tile:c5-02-1
solid tile:c5-02-2
  facet normal 0 0 1
    outer loop
      vertex 6.300 27.000 1.000
      vertex 6.900 27.000 1.000
      vertex 6.900 27.600 1.000
    endloop
  endfacet
  facet normal 0 0 1
    outer loop
      vertex 6.300 27.000 1.000
      vertex 6.900 27.600 1.000
      vertex 6.300 27.600 1.000
    endloop
  endfacet
endsolid tile:c5-02-2
solid tile:c5-03-1
  facet normal 0 0 1
    outer loop
      vertex 6.900 26.400 1.000
      vertex 7.500 26.400 1.000
      vertex 7.500 27.000 1.000
    endloop
  endfacet
  facet normal 0 0 1
    outer loop
      vertex 6.900 26.400 1.000
      vertex 7.500 27.000 1.000
      vertex 6.900 27.000 1.000
    endloop
  endfacet
endsolid tile:c5-03-1
solid tile:c5-03-2
  facet normal 0 0 1
    outer loop
      vertex 6.900 27.000 1.000
      vertex 7.500 27.000 1.000
      vertex 7.500 27.600 1.000
    endloop
  endfacet
  facet normal 0 0 1
    outer loop
      vertex 6.900 27.000 1.000
      vertex 7.500 27.600 1.000
      vertex 6.900 27.600 1.000
    endloop
  endfacet
endsolid tile:c5-03-2
solid tile:c5-04-1
  facet normal 0 0 1
    outer loop
      vertex 7.500 26.400 1.000
      vertex 8.100 26.400 1.000
      vertex 8.100 27.000 1.000
    endloop
  endfacet
  facet normal 0 0 1
    outer loop
      vertex 7.500 26.400 1.000
      vertex 8.100 27.000 1.000
      vertex 7.500 27.000 1.000
    endloop
  endfacet
endsolid tile:c5-04-1
solid tile:c5-04-2
  facet normal 0 0 1
    outer loop
      vertex 7.500 27.000 1.000
      vertex 8.100 27.000 1.000
      vertex 8.100 27.600 1.000
    endloop
  endfacet
  facet normal 0 0 1
    outer loop
      vertex 7.500 27.000 1.000
      vertex 8.100 27.600 1.000
      vertex 7.500 27.600 1.000
    endloop
  endfacet
endsolid tile:c5-04-2
solid tile:c5-05-1
  facet normal 0 0 1
    outer loop
      vertex 8.100 26.400 1.000
      vertex 8.700 26.400 1.000
      vertex 8.700 27.000 1.000
    endloop
  endfacet
  facet normal 0 0 1
    outer loop
      vertex 8.100 26.400 1.000
      vertex 8.700 27.000 1.000
      vertex 8.100 27.000 1.000
    endloop
  endfacet
endsolid tile:c5-05-1
solid tile:c5-05-2
  facet normal 0 0 1
    outer loop
      vertex 8.100 27.000 1.000
      vertex 8.700 27.000 1.000
      vertex 8.700 27.600 1.000
    endloop
  endfacet
  facet normal 0 0 1
    outer loop
      vertex 8.100 27.000 1.000
      vertex 8.700 27.600 1.000
      vertex 8.100 27.600 1.000
    endloop
  endfacet
endsolid tile:c5-05-2
solid tile:c5-06-1
  facet normal 0 0 1
    outer loop
      vertex 8.700 26.400 1.000
      vertex 9.300 26.400 1.000
      vertex 9.300 27.000 1.000
    endloop
  endfacet
  facet normal 0 0 1
    outer loop
      vertex 8.700 26.400 1.000
      vertex 9.300 27.000 1.000
      vertex 8.700 27.000 1.000
    endloop
  endfacet
endsolid tile:c5-06-1
solid tile:c5-06-2
  facet normal 0 0 1
    outer loop
      vertex 8.700 27.000 1.000
      vertex 9.300 27.000 1.000
      vertex 9.300 27.600 1.000
    endloop
  endfacet
  facet normal 0 0 1
    outer loop
      vertex 8.700 27.000 1.000
      vertex 9.300 27.600 1.000
      vertex 8.700 27.600 1.000
    endloop
  endfacet
endsolid tile:c5-06-2
solid tile:c5-07-1
  facet normal 0 0 1
    outer loop
      vertex 9.300 26.400 1.000
      vertex 9.900 26.400 1.000
      vertex 9.900 27.000 1.000
    endloop
  endfacet
  facet normal 0 0 1
    outer loop
      vertex 9.300 26.400 1.000
      vertex 9.900 27.000 1.000
      vertex 9.300 27.000 1.000
    endloop
  endfacet
endsolid tile:c5-07-1
solid tile:c5-07-2
  facet normal 0 0 1
    outer loop
      vertex 9.300 27.000 1.000
      vertex 9.900 27.000 1.000
      vertex 9.900 27.600 1.000
    endloop
  endfacet
  facet normal 0 0 1
    outer loop
      vertex 9.300 27.000 1.000
      vertex 9.900 27.600 1.000
      vertex 9.300 27.600 1.000
    endloop
  endfacet
endsolid tile:c5-07-2
solid tile:c5-08-1
  facet normal 0 0 1
    outer loop
      vertex 9.900 26.400 1.000
      vertex 10.500 26.400 1.000
      vertex 10.500 27.000 1.000
    endloop
  endfacet
  facet normal 0 0 1
    outer loop
      vertex 9.900 26.400 1.000
      vertex 10.500 27.000 1.000
      vertex 9.900 27.000 1.000
    endloop
  endfacet
endsolid tile:c5-08-1
solid tile:c5-08-2
  facet normal 0 0 1
    outer loop
      vertex 9.900 27.000 1.000
      vertex 10.500 27.000 1.000
      vertex 10.500 27.600 1.000
    endloop
  endfacet
  facet normal 0 0 1
    outer loop
      vertex 9.900 27.000 1.000
      vertex 10.500 27.600 1.000
      vertex 9.900 27.600 1.000
    endloop
  endfacet
endsolid tile:c5-08-2
solid tile:c5-09-1
  facet normal 0 0 1
    outer loop
      vertex 10.500 26.400 1.000
      vertex 11.100 26.400 1.000
      vertex 11.100 27.000 1.000
    endloop
  endfacet
  facet normal 0 0 1
    outer loop
      vertex 10.500 26.400 1.000
      vertex 11.100 27.000 1.000
      vertex 10.500 27.000 1.000
    endloop
  endfacet
endsolid tile:c5-09-1
solid tile:c5-09-2
  facet normal 0 0 1
    outer loop
      vertex 10.500 27.000 1.000
      vertex 11.100 27.000 1.000
      vertex 11.100 27.600 1.000
    endloop
  endfacet
  facet normal 0 0 1
    outer loop
      vertex 10.500 27.000 1.000
      vertex 11.100 27.600 1.000
      vertex 10.500 27.600 1.000
    endloop
  endfacet
endsolid tile:c5-09-2
solid tile:c5-10-1
  facet normal 0 0 1
    outer loop
      vertex 11.100 26.400 1.000
      vertex 11.700 26.400 1.000
      vertex 11.700 27.000 1.000
    endloop
  endfacet
  facet normal 0 0 1
    outer loop
      vertex 11.100 26.400 1.000
      vertex 11.700 27.000 1.000
      vertex 11.100 27.000 1.000
    endloop
  endfacet
endsolid tile:c5-10-1
solid tile:c5-10-2
  facet normal 0 0 1
    outer loop
      vertex 11.100 27.000 1.000
      vertex 11.700 27.000 1.000
      vertex 11.700 27.600 1.000
    endloop
  endfacet
  facet normal 0 0 1
    outer loop
      vertex 11.100 27.000 1.000
      vertex 11.700 27.600 1.000
      vertex 11.100 27.600 1.000
    endloop
  endfacet
endsolid tile:c5-10-2
solid tile:c5-11-1
  facet normal 0 0 1
    outer loop
      vertex 11.700 26.400 1.000
      vertex 12.300 26.400 1.000
      vertex 12.300 27.000 1.000
    endloop
  endfacet
  facet normal 0 0 1
    outer loop
      vertex 11.700 26.400 1.000
      vertex 12.300 27.000 1.000
      vertex 11.700 27.000 1.000
    endloop
  endfacet
endsolid tile:c5-11-1
solid tile:c5-11-2
  facet normal 0 0 1
    outer loop
      vertex 11.700 27.000 1.000
      vertex 12.300 27.000 1.000
      vertex 12.300 27.600 1.000
    endloop
  endfacet
  facet normal 0 0 1
    outer loop
      vertex 11.700 27.000 1.000
      vertex 12.300 27.600 1.000
      vertex 11.700 27.600 1.000
    endloop
  endfacet
endsolid tile:c5-11-2
solid tile:c5-12-1
  facet normal 0 0 1
    outer loop
      vertex 12.300 26.400 1.000
      vertex 12.900 26.400 1.000
      vertex 12.900 27.000 1.000
    endloop
  endfacet
  facet normal 0 0 1
    outer loop
      vertex 12.300 26.400 1.000
      vertex 12.900 27.000 1.000
      vertex 12.300 27.000 1.000
    endloop
  endfacet
endsolid tile:c5-12-1
solid tile:c5-12-2
  facet normal 0 0 1
    outer loop
      vertex 12.300 27.000 1.000
      vertex 12.900 27.000 1.000
      vertex 12.900 27.600 1.000
    endloop
  endfacet
  facet normal 0 0 1
    outer loop
      vertex 12.300 27.000 1.000
      vertex 12.900 27.600 1.000
      vertex 12.300 27.600 1.000
    endloop
  endfacet
endsolid tile:c5-12-2
solid tile:c5-13-1
  facet normal 0 0 1
    outer loop
      vertex 12.900 26.400 1.000
      vertex 13.500 26.400 1.000
      vertex 13.500 27.000 1.000
    endloop
  endfacet
  facet normal 0 0 1
    outer loop
      vertex 12.900 26.400 1.000
      vertex 13.500 27.000 1.000
      vertex 12.900 27.000 1.000
    endloop
  endfacet
endsolid tile:c5-13-1
solid tile:c5-13-2
  facet normal 0 0 1
    outer loop
      vertex 12.900 27.000 1.000
      vertex 13.500 27.000 1.000
      vertex 13.500 27.600 1.000
    endloop
  endfacet
  facet normal 0 0 1
    outer loop
      vertex 12.900 27.000 1.000
      vertex 13.500 27.600 1.000
      vertex 12.900 27.600 1.000
    endloop
  endfacet
endsolid tile:c5-13-2
solid tile:c5-14-1
  facet normal 0 0 1
    outer loop
      vertex 13.500 26.400 1.000
      vertex 14.100 26.400 1.000
      vertex 14.100 27.000 1.000
    endloop
  endfacet
  facet normal 0 0 1
    outer loop
      vertex 13.500 26.400 1.000
      vertex 14.100 27.000 1.000
      vertex 13.500 27.000 1.000
    endloop
  endfacet
endsolid tile:c5-14-1
solid tile:c5-14-2
  facet normal 0 0 1
    outer loop
      vertex 13.500 27.000 1.000
      vertex 14.100 27.000 1.000
      vertex 14.100 27.600 1.000
    endloop
  endfacet
  facet normal 0 0 1
    outer loop
      vertex 13.500 27.000 1.000
      vertex 14.100 27.600 1.000
      vertex 13.500 27.600 1.000
    endloop
  endfacet
endsolid tile:c5-14-2
solid tile:c5-15-1
  facet normal 0 0 1
    outer loop
      vertex 14.100 26.400 1.000
      vertex 14.700 26.400 1.000
      vertex 14.700 27.000 1.000
    endloop
  endfacet
  facet normal 0 0 1
    outer loop
      vertex 14.100 26.400 1.000
      vertex 14.700 27.000 1.000
      vertex 14.100 27.000 1.000
    endloop
  endfacet
endsolid tile:c5-15-1
solid tile:c5-15-2
  facet normal 0 0 1
    outer loop
      vertex 14.100 27.000 1.000
      vertex 14.700 27.000 1.000
      vertex 14.700 27.600 1.000
    endloop
  endfacet
  facet normal 0 0 1
    outer loop
      vertex 14.100 27.000 1.000
      vertex 14.700 27.600 1.000
      vertex 14.100 27.600 1.000
    endloop
  endfacet
endsolid tile:c5-15-2
solid tile:c5-16-1
  facet normal 0 0 1
    outer loop
      vertex 14.700 26.400 1.000
      vertex 15.300 26.400 1.000
      vertex 15.300 27.000 1.000
    endloop
  endfacet
  facet normal 0 0 1
    outer loop
      vertex 14.700 26.400 1.000
      vertex 15.300 27.000 1.000
      vertex 14.700 27.000 1.000
    endloop
  endfacet
endsolid tile:c5-16-1
solid tile:c5-16-2
  facet normal 0 0 1
    outer loop
      vertex 14.700 27.000 1.000
      vertex 15.300 27.000 1.000
      vertex 15.300 27.600 1.000
    endloop
  endfacet
  facet normal 0 0 1
    outer loop
      vertex 14.700 27.000 1.000
      vertex 15.300 27.600 1.000
      vertex 14.700 27.600 1.000
    endloop
  endfacet
endsolid tile:c5-16-2
solid tile:c5-17-1
  facet normal 0 0 1
    outer loop
      vertex 15.300 26.400 1.000
      vertex 15.900 26.400 1.000
      vertex 15.900 27.000 1.000
    endloop
  endfacet
  facet normal 0 0 1
    outer loop
      vertex 15.300 26.400 1.000
      vertex 15.900 27.000 1.000
      vertex 15.300 27.000 1.000
    endloop
  endfacet
endsolid tile:c5-17-1
solid tile:c5-17-2
  facet normal 0 0 1
    outer loop
      vertex 15.300 27.000 1.000
      vertex 15.900 27.000 1.000
      vertex 15.900 27.600 1.000
    endloop
  endfacet
  facet normal 0 0 1
    outer loop
      vertex 15.300 27.000 1.000
      vertex 15.900 27.600 1.000
      vertex 15.300 27.600 1.000
    endloop
  endfacet
endsolid tile:c5-17-2
solid tile:c6-01-1
  facet normal 0 0 1
    outer loop
      vertex 5.700 31.800 1.000
      vertex 6.300 31.800 1.000
      vertex 6.300 32.400 1.000
    endloop
  endfacet
  facet normal 0 0 1
    outer loop
      vertex 5.700 31.800 1.000
      vertex 6.300 32.400 1.000
      vertex 5.700 32.400 1.000
    endloop
  endfacet
endsolid tile:c6-01-1
solid tile:c6-01-2
  facet normal 0 0 1
    outer loop
      vertex 5.700 32.400 1.000
      vertex 6.300 32.400 1.000
      vertex 6.300 33.000 1.000
    endloop
  endfacet
  facet normal 0 0 1
    outer loop
      vertex 5.700 32.400 1.000
      vertex 6.300 33.000 1.000
      vertex 5.700 33.000 1.000
    endloop
  endfacet
endsolid tile:c6-01-2
solid tile:c6-02-1
  facet normal 0 0 1
    outer loop
      vertex 6.300 31.800 1.000
      vertex 6.900 31.800 1.000
      vertex 6.900 32.400 1.000
    endloop
  endfacet
  facet normal 0 0 1
    outer loop
      vertex 6.300 31.800 1.000
      vertex 6.900 32.400 1.000
      vertex 6.300 32.400 1.000
    endloop
  endfacet
endsolid tile:c6-02-1
solid tile:c6-02-2
  facet normal 0 0 1
    outer loop
      vertex 6.300 32.400 1.000
      vertex 6.900 32.400 1.000
      vertex 6.900 33.000 1.000
    endloop
  endfacet
  facet normal 0 0 1
    outer loop
      vertex 6.300 32.400 1.000
      vertex 6.900 33.000 1.000
      vertex 6.300 33.000 1.000
    endloop
  endfacet
endsolid tile:c6-02-2
solid tile:c6-03-1
  facet normal 0 0 1
    outer loop
      vertex 6.900 31.800 1.000
      vertex 7.500 31.800 1.000
      vertex 7.500 32.400 1.000
    endloop
  endfacet
  facet normal 0 0 1
    outer loop
      vertex 6.900 31.800 1.000
      vertex 7.500 32.400 1.000
      vertex 6.900 32.400 1.000
    endloop
  endfacet
endsolid tile:c6-03-1
solid tile:c6-03-2
  facet normal 0 0 1
    outer loop
      vertex 6.900 32.400 1.000
      vertex 7.500 32.400 1.000
      vertex 7.500 33.000 1.000
    endloop
  endfacet
  facet normal 0 0 1
    outer loop
      vertex 6.900 32.400 1.000
      vertex 7.500 33.000 1.000
      vertex 6.900 33.000 1.000
    endloop
  endfacet
endsolid tile:c6-03-2
solid tile:c6-04-1
  facet normal 0 0 1
    outer loop
      vertex 7.500 31.800 1.000
      vertex 8.100 31.800 1.000
      vertex 8.100 32.400 1.000
    endloop
  endfacet
  facet normal 0 0 1
    outer loop
      vertex 7.500 31.800 1.000
      vertex 8.100 32.400 1.000
      vertex 7.500 32.400 1.000
    endloop
  endfacet
endsolid tile:c6-04-1
solid tile:c6-04-2
  facet normal 0 0 1
    outer loop
      vertex 7.500 32.400 1.000
      vertex 8.100 32.400 1.000
      vertex 8.100 33.000 1.000
    endloop
  endfacet
  facet normal 0 0 1
    outer loop
      vertex 7.500 32.400 1.000
      vertex 8.100 33.000 1.000
      vertex 7.500 33.000 1.000
    endloop
  endfacet
endsolid tile:c6-04-2
solid tile:c6-05-1
  facet normal 0 0 1
    outer loop
      vertex 8.100 31.800 1.000
      vertex 8.700 31.800 1.000
      vertex 8.700 32.400 1.000
    endloop
  endfacet
  facet normal 0 0 1
    outer loop
      vertex 8.100 31.800 1.000
      vertex 8.700 32.400 1.000
      vertex 8.100 32.400 1.000
    endloop
  endfacet
endsolid tile:c6-05-1
solid tile:c6-05-2
  facet normal 0 0 1
    outer loop
      vertex 8.100 32.400 1.000
      vertex 8.700 32.400 1.000
      vertex 8.700 33.000 1.000
    endloop
  endfacet
  facet normal 0 0 1
    outer loop
      vertex 8.100 32.400 1.000
      vertex 8.700 33.000 1.000
      vertex 8.100 33.000 1.000
    endloop
  endfacet
endsolid tile:c6-05-2
solid tile:c6-06-1
  facet normal 0 0 1
    outer loop
      vertex 8.700 31.800 1.000
      vertex 9.300 31.800 1.000
      vertex 9.300 32.400 1.000
    endloop
  endfacet
  facet normal 0 0 1
    outer loop
      vertex 8.700 31.800 1.000
      vertex 9.300 32.400 1.000
      vertex 8.700 32.400 1.000
    endloop
  endfacet
endsolid tile:c6-06-1
solid tile:c6-06-2
  facet normal 0 0 1
    outer loop
      vertex 8.700 32.400 1.000
      vertex 9.300 32.400 1.000
      vertex 9.300 33.000 1.000
    endloop
  endfacet
  facet normal 0 0 1
    outer loop
      vertex 8.700 32.400 1.000
      vertex 9.300 33.000 1.000
      vertex 8.700 33.000 1.000
    endloop
  endfacet
endsolid tile:c6-06-2
solid tile:c6-07-1
  facet normal 0 0 1
    outer loop
      vertex 9.300 31.800 1.000
      vertex 9.900 31.800 1.000
      vertex 9.900 32.400 1.000
    endloop
  endfacet
  facet normal 0 0 1
    outer loop
      vertex 9.300 31.800 1.000
      vertex 9.900 32.400 1.000
      vertex 9.300 32.400 1.000
    endloop
  endfacet
endsolid tile:c6-07-1
solid tile:c6-07-2
  facet normal 0 0 1
    outer loop
      vertex 9.300 32.400 1.000
      vertex 9.900 32.400 1.000
      vertex 9.900 33.000 1.000
    endloop
  endfacet
  facet normal 0 0 1
    outer loop
      vertex 9.300 32.400 1.000
      vertex 9.900 33.000 1.000
      vertex 9.300 33.000 1.000
    endloop
  endfacet
endsolid tile:c6-07-2
solid tile:c6-08-1
  facet normal 0 0 1
    outer loop
      vertex 9.900 31.800 1.000
      vertex 10.500 31.800 1.000
      vertex 10.500 32.400 1.000
    endloop
  endfacet
  facet normal 0 0 1
    outer loop
      vertex 9.900 31.800 1.000
      vertex 10.500 32.400 1.000
      vertex 9.900 32.400 1.000
    endloop
  endfacet
endsolid tile:c6-08-1
solid tile:c6-08-2
  facet normal 0 0 1
    outer loop
      vertex 9.900 32.400 1.000
      vertex 10.500 32.400 1.000
      vertex 10.500 33.000 1.000
    endloop
  endfacet
  facet normal 0 0 1
    outer loop
      vertex 9.900 32.400 1.000
      vertex 10.500 33.000 1.000
      vertex 9.900 33.000 1.000
    endloop
  endfacet
endsolid tile:c6-08-2
solid tile:c6-09-1
  facet normal 0 0 1
    outer loop
      vertex 10.500 31.800 1.000
      vertex 11.100 31.800 1.000
      vertex 11.100 32.400 1.000
    endloop
  endfacet
  facet normal 0 0 1
    outer loop
      vertex 10.500 31.800 1.000
      vertex 11.100 32.400 1.000
      vertex 10.500 32.400 1.000
    endloop
  endfacet
endsolid tile:c6-09-1
solid tile:c6-09-2
  facet normal 0 0 1
    outer loop
      vertex 10.500 32.400 1.000
      vertex 11.100 32.400 1.000
      vertex 11.100 33.000 1.000
    endloop
  endfacet
  facet normal 0 0 1
    outer loop
      vertex 10.500 32.400 1.000
      vertex 11.100 33.000 1.000
      vertex 10.500 33.000 1.000
    endloop
  endfacet
endsolid tile:c6-09-2
solid tile:c6-10-1
  facet normal 0 0 1
    outer loop
      vertex 11.100 31.800 1.000
      vertex 11.700 31.800 1.000
      vertex 11.700 32.400 1.000
    endloop
  endfacet
  facet normal 0 0 1
    outer loop
      vertex 11.100 31.800 1.000
      vertex 11.700 32.400 1.000
      vertex 11.100 32.400 1.000
    endloop
  endfacet
endsolid tile:c6-10-1
solid tile:c6-10-2
  facet normal 0 0 1
    outer loop
      vertex 11.100 32.400 1.000
      vertex 11.700 32.400 1.000
      vertex 11.700 33.000 1.000
    endloop
  endfacet
  facet normal 0 0 1
    outer loop
      vertex 11.100 32.400 1.000
      vertex 11.700 33.000 1.000
      vertex 11.100 33.000 1.000
    endloop
  endfacet
endsolid tile:c6-10-2
solid tile:c6-11-1
  facet normal 0 0 1
    outer loop
      vertex 11.700 31.800 1.000
      vertex 12.300 31.800 1.000
      vertex 12.300 32.400 1.000
    endloop
  endfacet
  facet normal 0 0 1
    outer loop
      vertex 11.700 31.800 1.000
      vertex 12.300 32.400 1.000
      vertex 11.700 32.400 1.000
    endloop
  endfacet
endsolid tile:c6-11-1
solid tile:c6-11-2
  facet normal 0 0 1
    outer loop
      vertex 11.700 32.400 1.000
      vertex 12.300 32.400 1.000
      vertex 12.300 33.000 1.000
    endloop
  endfacet
  facet normal 0 0 1
    outer loop
      vertex 11.700 32.400 1.000
      vertex 12.300 33.000 1.000
      vertex 11.700 33.000 1.000
    endloop
  endfacet
endsolid tile:c6-11-2
solid tile:c6-12-1
  facet normal 0 0 1
    outer loop
      vertex 12.300 31.800 1.000
      vertex 12.900 31.800 1.000
      vertex 12.900 32.400 1.000
    endloop
  endfacet
  facet normal 0 0 1
    outer loop
      vertex 12.300 31.800 1.000
      vertex 12.900 32.400 1.000
      vertex 12.300 32.400 1.000
    endloop
  endfacet
endsolid tile:c6-12-1
solid tile:c6-12-2
  facet normal 0 0 1
    outer loop
      vertex 12.300 32.400 1.000
      vertex 12.900 32.400 1.000
      vertex 12.900 33.000 1.000
    endloop
  endfacet
  facet normal 0 0 1
    outer loop
      vertex 12.300 32.400 1.000
      vertex 12.900 33.000 1.000
      vertex 12.300 33.000 1.000
    endloop
  endfacet
endsolid tile:c6-12-2
solid tile:c6-13-1
  facet normal 0 0 1
    outer loop
      vertex 12.900 31.800 1.000
      vertex 13.500 31.800 1.000
      vertex 13.500 32.400 1.000
    endloop
  endfacet
  facet normal 0 0 1
    outer loop
      vertex 12.900 31.800 1.000
      vertex 13.500 32.400 1.000
      vertex 12.900 32.400 1.000
    endloop
  endfacet
endsolid tile:c6-13-1
solid tile:c6-13-2
  facet normal 0 0 1
    outer loop
      vertex 12.900 32.400 1.000
      vertex 13.500 32.400 1.000
      vertex 13.500 33.000 1.000
    endloop
  endfacet
  facet normal 0 0 1
    outer loop
      vertex 12.900 32.400 1.000
      vertex 13.500 33.000 1.000
      vertex 12.900 33.000 1.000
    endloop
  endfacet
endsolid tile:c6-13-2
solid tile:c6-14-1
  facet normal 0 0 1
    outer loop
      vertex 13.500 31.800 1.000
      vertex 14.100 31.800 1.000
      vertex 14.100 32.400 1.000
    endloop
  endfacet
  facet normal 0 0 1
    outer loop
      vertex 13.500 31.800 1.000
      vertex 14.100 32.400 1.000
      vertex 13.500 32.400 1.000
    endloop
  endfacet
endsolid tile:c6-14-1
solid tile:c6-14-2
  facet normal 0 0 1
    outer loop
      vertex 13.500 32.400 1.000
      vertex 14.100 32.400 1.000
      vertex 14.100 33.000 1.000
    endloop
  endfacet
  facet normal 0 0 1
    outer loop
      vertex 13.500 32.400 1.000
      vertex 14.100 33.000 1.000
      vertex 13.500 33.000 1.000
    endloop
  endfacet
endsolid tile:c6-14-2
solid tile:c6-15-1
  facet normal 0 0 1
    outer loop
      vertex 14.100 31.800 1.000
      vertex 14.700 31.800 1.000
      vertex 14.700 32.400 1.000
    endloop
  endfacet
  facet normal 0 0 1
    outer loop
      vertex 14.100 31.800 1.000
      vertex 14.700 32.400 1.000
      vertex 14.100 32.400 1.000
    endloop
  endfacet
endsolid tile:c6-15-1
solid tile:c6-15-2
  facet normal 0 0 1
    outer loop
      vertex 14.100 32.400 1.000
      vertex 14.700 32.400 1.000
      vertex 14.700 33.000 1.000
    endloop
  endfacet
  facet normal 0 0 1
    outer loop
      vertex 14.100 32.400 1.000
      vertex 14.700 33.000 1.000
      vertex 14.100 33.000 1.000
    endloop
  endfacet
endsolid tile:c6-15-2
solid tile:c6-16-1
  facet normal 0 0 1
    outer loop
      vertex 14.700 31.800 1.000
      vertex 15.300 31.800 1.000
      vertex 15.300 32.400 1.000
    endloop
  endfacet
  facet normal 0 0 1
    outer loop
      vertex 14.700 31.800 1.000
      vertex 15.300 32.400 1.000
      vertex 14.700 32.400 1.000
    endloop
  endfacet
endsolid tile:c6-16-1
solid tile:c6-16-2
  facet normal 0 0 1
    outer loop
      vertex 14.700 32.400 1.000
      vertex 15.300 32.400 1.000
      vertex 15.300 33.000 1.000
    endloop
  endfacet
  facet normal 0 0 1
    outer loop
      vertex 14.700 32.400 1.000
      vertex 15.300 33.000 1.000
      vertex 14.700 33.000 1.000
    endloop
  endfacet
endsolid tile:c6-16-2
solid tile:c6-17-1
  facet normal 0 0 1
    outer loop
      vertex 15.300 31.800 1.000
      vertex 15.900 31.800 1.000
      vertex 15.900 32.400 1.000
    endloop
  endfacet
  facet normal 0 0 1
    outer loop
      vertex 15.300 31.800 1.000
      vertex 15.900 32.400 1.000
      vertex 15.300 32.400 1.000
    endloop
  endfacet
endsolid tile:c6-17-1
solid tile:c6-17-2
  facet normal 0 0 1
    outer loop
      vertex 15.300 32.400 1.000
      vertex 15.900 32.400 1.000
      vertex 15.900 33.000 1.000
    endloop
  endfacet
  facet normal 0 0 1
    outer loop
      vertex 15.300 32.400 1.000
      vertex 15.900 33.000 1.000
      vertex 15.300 33.000 1.000
    endloop
  endfacet
endsolid tile:c6-17-2
solid grille:h1-1-01
  facet normal 0 0 1
    outer loop
      vertex 5.700 30.000 5.000
      vertex 6.300 30.000 5.000
      vertex 6.300 30.600 5.000
    endloop
  endfacet
  facet normal 0 0 1
    outer loop
      vertex 5.700 30.000 5.000
      vertex 6.300 30.600 5.000
      vertex 5.700 30.600 5.000
    endloop
  endfacet
endsolid grille:h1-1-01
solid grille:h1-1-02
  facet normal 0 0 1
    outer loop
      vertex 6.300 30.000 5.000
      vertex 6.900 30.000 5.000
      vertex 6.900 30.600 5.000
    endloop
  endfacet
  facet normal 0 0 1
    outer loop
      vertex 6.300 30.000 5.000
      vertex 6.900 30.600 5.000
      vertex 6.300 30.600 5.000
    endloop
  endfacet
endsolid grille:h1-1-02
solid grille:h1-1-03
  facet normal 0 0 1
    outer loop
      vertex 6.900 30.000 5.000
      vertex 7.500 30.000 5.000
      vertex 7.500 30.600 5.000
    endloop
  endfacet
  facet normal 0 0 1
    outer loop
      vertex 6.900 30.000 5.000
      vertex 7.500 30.600 5.000
      vertex 6.900 30.600 5.000
    endloop
  endfacet
endsolid grille:h1-1-03
solid grille:h1-1-04
  facet normal 0 0 1
    outer loop
      vertex 7.500 30.000 5.000
      vertex 8.100 30.000 5.000
      vertex 8.100 30.600 5.000
    endloop
  endfacet
  facet normal 0 0 1
    outer loop
      vertex 7.500 30.000 5.000
      vertex 8.100 30.600 5.000
      vertex 7.500 30.600 5.000
    endloop
  endfacet
endsolid grille:h1-1-04
solid grille:h1-1-05
  facet normal 0 0 1
    outer loop
      vertex 8.100 30.000 5.000
      vertex 8.700 30.000 5.000
      vertex 8.700 30.600 5.000
    endloop
  endfacet
  facet normal 0 0 1
    outer loop
      vertex 8.100 30.000 5.000
      vertex 8.700 30.600 5.000
      vertex 8.100 30.600 5.000
    endloop
  endfacet
endsolid grille:h1-1-05
solid grille:h1-1-06
  facet normal 0 0 1
    outer loop
      vertex 8.700 30.000 5.000
      vertex 9.300 30.000 5.000
      vertex 9.300 30.600 5.000
    endloop
  endfacet
  facet normal 0 0 1
    outer loop
      vertex 8.700 30.000 5.000
      vertex 9.300 30.600 5.000
      vertex 8.700 30.600 5.000
    endloop
  endfacet
endsolid grille:h1-1-06
solid grille:h1-1-07
  facet normal 0 0 1
    outer loop
      vertex 9.300 30.000 5.000
      vertex 9.900 30.000 5.000
      vertex 9.900 30.600 5.000
    endloop
  endfacet
  facet normal 0 0 1
    outer loop
      vertex 9.300 30.000 5.000
      vertex 9.900 30.600 5.000
      vertex 9.300 30.600 5.000
    endloop
  endfacet
endsolid grille:h1-1-07
solid grille:h1-1-08
  facet normal 0 0 1
    outer loop
      vertex 9.900 30.000 5.000
      vertex 10.500 30.000 5.000
      vertex 10.500 30.600 5.000
    endloop
  endfacet
  facet normal 0 0 1
    outer loop
      vertex 9.900 30.000 5.000
      vertex 10.500 30.600 5.000
      vertex 9.900 30.600 5.000
    endloop
  endfacet
endsolid grille:h1-1-08
solid grille:h1-1-09
  facet normal 0 0 1
    outer loop
      vertex 10.500 30.000 5.000
      vertex 11.100 30.000 5.000
      vertex 11.100 30.600 5.000
    endloop
  endfacet
  facet normal 0 0 1
    outer loop
      vertex 10.500 30.000 5.000
      vertex 11.100 30.600 5.000
      vertex 10.500 30.600 5.000
    endloop
  endfacet
endsolid grille:h1-1-09
solid grille:h1-1-10
  facet normal 0 0 1
    outer loop
      vertex 11.100 30.000 5.000
      vertex 11.700 30.000 5.000
      vertex 11.700 30.600 5.000
    endloop
  endfacet
  facet normal 0 0 1
    outer loop
      vertex 11.100 30.000 5.000
      vertex 11.700 30.600 5.000
      vertex 11.100 30.600 5.000
    endloop
  endfacet
endsolid grille:h1-1-10
solid grille:h1-1-11
  facet normal 0 0 1
    outer loop
      vertex 11.700 30.000 5.000
      vertex 12.300 30.000 5.000
      vertex 12.300 30.600 5.000
    endloop
  endfacet
  facet normal 0 0 1
    outer loop
      vertex 11.700 30.000 5.000
      vertex 12.300 30.600 5.000
      vertex 11.700 30.600 5.000
    endloop
  endfacet
endsolid grille:h1-1-11
solid grille:h1-1-12
  facet normal 0 0 1
    outer loop
      vertex 12.300 30.000 5.000
      vertex 12.900 30.000 5.000
      vertex 12.900 30.600 5.000
    endloop
  endfacet
  facet normal 0 0 1
    outer loop
      vertex 12.300 30.000 5.000
      vertex 12.900 30.600 5.000
      vertex 12.300 30.600 5.000
    endloop
  endfacet
endsolid grille:h1-1-12
solid grille:h1-1-13
  facet normal 0 0 1
    outer loop
      vertex 12.900 30.000 5.000
      vertex 13.500 30.000 5.000
      vertex 13.500 30.600 5.000
    endloop
  endfacet
  facet normal 0 0 1
    outer loop
      vertex 12.900 30.000 5.000
      vertex 13.500 30.600 5.000
      vertex 12.900 30.600 5.000
    endloop
  endfacet
endsolid grille:h1-1-13
solid grille:h1-1-14
  facet normal 0 0 1
    outer loop
      vertex 13.500 30.000 5.000
      vertex 14.100 30.000 5.000
      vertex 14.100 30.600 5.000
    endloop
  endfacet
  facet normal 0 0 1
    outer loop
      vertex 13.500 30.000 5.000
      vertex 14.100 30.600 5.000
      vertex 13.500 30.600 5.000
    endloop
  endfacet
endsolid grille:h1-1-14
solid grille:h1-1-15
  facet normal 0 0 1
    outer loop
      vertex 14.100 30.000 5.000
      vertex 14.700 30.000 5.000
      vertex 14.700 30.600 5.000
    endloop
  endfacet
  facet normal 0 0 1
    outer loop
      vertex 14.100 30.000 5.000
      vertex 14.700 30.600 5.000
      vertex 14.100 30.600 5.000
    endloop
  endfacet
endsolid grille:h1-1-15
solid grille:h1-1-16
  facet normal 0 0 1
    outer loop
      vertex 14.700 30.000 5.000
      vertex 15.300 30.000 5.000
      vertex 15.300 30.600 5.000
    endloop
  endfacet
  facet normal 0 0 1
    outer loop
      vertex 14.700 30.000 5.000
      vertex 15.300 30.600 5.000
      vertex 14.700 30.600 5.000
    endloop
  endfacet
endsolid grille:h1-1-16
solid grille:h1-1-17
  facet normal 0 0 1
    outer loop
      vertex 15.300 30.000 5.000
      vertex 15.900 30.000 5.000
      vertex 15.900 30.600 5.000
    endloop
  endfacet
  facet normal 0 0 1
    outer loop
      vertex 15.300 30.000 5.000
      vertex 15.900 30.600 5.000
      vertex 15.300 30.600 5.000
    endloop
  endfacet
endsolid grille:h1-1-17
solid grille:h1-2-01
  facet normal 0 0 1
    outer loop
      vertex 5.700 29.400 5.000
      vertex 6.300 29.400 5.000
      vertex 6.300 30.000 5.000
    endloop
  endfacet
  facet normal 0 0 1
    outer loop
      vertex 5.700 29.400 5.000
      vertex 6.300 30.000 5.000
      vertex 5.700 30.000 5.000
    endloop
  endfacet
endsolid grille:h1-2-01
solid grille:h1-2-02
  facet normal 0 0 1
    outer loop
      vertex 6.300 29.400 5.000
      vertex 6.900 29.400 5.000
      vertex 6.900 30.000 5.000
    endloop
  endfacet
  facet normal 0 0 1
    outer loop
      vertex 6.300 29.400 5.000
      vertex 6.900 30.000 5.000
      vertex 6.300 30.000 5.000
    endloop
  endfacet
endsolid grille:h1-2-02
solid grille:h1-2-03
  facet normal 0 0 1
    outer loop
      vertex 6.900 29.400 5.000
      vertex 7.500 29.400 5.000
      vertex 7.500 30.000 5.000
    endloop
  endfacet
  facet normal 0 0 1
    outer loop
      vertex 6.900 29.400 5.000
      vertex 7.500 30.000 5.000
      vertex 6.900 30.000 5.000
    endloop
  endfacet
endsolid grille:h1-2-03
solid grille:h1-2-04
  facet normal 0 0 1
    outer loop
      vertex 7.500 29.400 5.000
      vertex 8.100 29.400 5.000
      vertex 8.100 30.000 5.000
    endloop
  endfacet
  facet normal 0 0 1
    outer loop
      vertex 7.500 29.400 5.000
      vertex 8.100 30.000 5.000
      vertex 7.500 30.000 5.000
    endloop
  endfacet
endsolid grille:h1-2-04
solid grille:h1-2-05
  facet normal 0 0 1
    outer loop
      vertex 8.100 29.400 5.000
      vertex 8.700 29.400 5.000
      vertex 8.700 30.000 5.000
    endloop
  endfacet
  facet normal 0 0 1
    outer loop
      vertex 8.100 29.400 5.000
      vertex 8.700 30.000 5.000
      vertex 8.100 30.000 5.000
    endloop
  endfacet
endsolid grille:h1-2-05
solid grille:h1-2-06
  facet normal 0 0 1
    outer loop
      vertex 8.700 29.400 5.000
      vertex 9.300 29.400 5.000
      vertex 9.300 30.000 5.000
    endloop
  endfacet
  facet normal 0 0 1
    outer loop
      vertex 8.700 29.400 5.000
      vertex 9.300 30.000 5.000
      vertex 8.700 30.000 5.000
    endloop
  endfacet
endsolid grille:h1-2-06
solid grille:h1-2-07
  facet normal 0 0 1
    outer loop
      vertex 9.300 29.400 5.000
      vertex 9.900 29.400 5.000
      vertex 9.900 30.000 5.000
    endloop
  endfacet
  facet normal 0 0 1
    outer loop
      vertex 9.300 29.400 5.000
      vertex 9.900 30.000 5.000
      vertex 9.300 30.000 5.000
    endloop
  endfacet
endsolid grille:h1-2-07
solid grille:h1-2-08
  facet normal 0 0 1
    outer loop
      vertex 9.900 29.400 5.000
      vertex 10.500 29.400 5.000
      vertex 10.500 30.000 5.000
    endloop
  endfacet
  facet normal 0 0 1
    outer loop
      vertex 9.900 29.400 5.000
      vertex 10.500 30.000 5.000
      vertex 9.900 30.000 5.000
    endloop
  endfacet
endsolid grille:h1-2-08
solid grille:h1-2-09
  facet normal 0 0 1
    outer loop
      vertex 10.500 29.400 5.000
      vertex 11.100 29.400 5.000
      vertex 11.100 30.000 5.000
    endloop
  endfacet
  facet normal 0 0 1
    outer loop
      vertex 10.500 29.400 5.000
      vertex 11.100 30.000 5.000
      vertex 10.500 30.000 5.000
    endloop
  endfacet
endsolid grille:h1-2-09
solid grille:h1-2-10
  facet normal 0 0 1
    outer loop
      vertex 11.100 29.400 5.000
      vertex 11.700 29.400 5.000
      vertex 11.700 30.000 5.000
    endloop
  endfacet
  facet normal 0 0 1
    outer loop
      vertex 11.100 29.400 5.000
      vertex 11.700 30.000 5.000
      vertex 11.100 30.000 5.000
    endloop
  endfacet
endsolid grille:h1-2-10
solid grille:h1-2-11
  facet normal 0 0 1
    outer loop
      vertex 11.700 29.400 5.000
      vertex 12.300 29.400 5.000
      vertex 12.300 30.000 5.000
    endloop
  endfacet
  facet normal 0 0 1
    outer loop
      vertex 11.700 29.400 5.000
      vertex 12.300 30.000 5.000
      vertex 11.700 30.000 5.000
    endloop
  endfacet
endsolid grille:h1-2-11
solid grille:h1-2-12
  facet normal 0 0 1
    outer loop
      vertex 12.300 29.400 5.000
      vertex 12.900 29.400 5.000
      vertex 12.900 30.000 5.000
    endloop
  endfacet
  facet normal 0 0 1
    outer loop
      vertex 12.300 29.400 5.000
      vertex 12.900 30.000 5.000
      vertex 12.300 30.000 5.000
    endloop
  endfacet
endsolid grille:h1-2-12
solid grille:h1-2-13
  facet normal 0 0 1
    outer loop
      vertex 12.900 29.400 5.000
      vertex 13.500 29.400 5.000
      vertex 13.500 30.000 5.000
    endloop
  endfacet
  facet normal 0 0 1
    outer loop
      vertex 12.900 29.400 5.000
      vertex 13.500 30.000 5.000
      vertex 12.900 30.000 5.000
    endloop
  endfacet
endsolid grille:h1-2-13
solid grille:h1-2-14
  facet normal 0 0 1
    outer loop
      vertex 13.500 29.400 5.000
      vertex 14.100 29.400 5.000
      vertex 14.100 30.000 5.000
    endloop
  endfacet
  facet normal 0 0 1
    outer loop
      vertex 13.500 29.400 5.000
      vertex 14.100 30.000 5.000
      vertex 13.500 30.000 5.000
    endloop
  endfacet
endsolid grille:h1-2-14
solid grille:h1-2-15
  facet normal 0 0 1
    outer loop
      vertex 14.100 29.400 5.000
      vertex 14.700 29.400 5.000
      vertex 14.700 30.000 5.000
    endloop
  endfacet
  facet normal 0 0 1
    outer loop
      vertex 14.100 29.400 5.000
      vertex 14.700 30.000 5.000
      vertex 14.100 30.000 5.000
    endloop
  endfacet
endsolid grille:h1-2-15
solid grille:h1-2-16
  facet normal 0 0 1
    outer loop
      vertex 14.700 29.400 5.000
      vertex 15.300 29.400 5.000
      vertex 15.300 30.000 5.000
    endloop
  endfacet
  facet normal 0 0 1
    outer loop
      vertex 14.700 29.400 5.000
      vertex 15.300 30.000 5.000
      vertex 14.700 30.000 5.000
    endloop
  endfacet
endsolid grille:h1-2-16
solid grille:h1-2-17
  facet normal 0 0 1
    outer loop
      vertex 15.300 29.400 5.000
      vertex 15.900 29.400 5.000
      vertex 15.900 30.000 5.000
    endloop
  endfacet
  facet normal 0 0 1
    outer loop
      vertex 15.300 29.400 5.000
      vertex 15.900 30.000 5.000
      vertex 15.300 30.000 5.000
    endloop
  endfacet
endsolid grille:h1-2-17
solid grille:h2-1-01
  facet normal 0 0 1
    outer loop
      vertex 5.700 24.600 5.000
      vertex 6.300 24.600 5.000
      vertex 6.300 25.200 5.000
    endloop
  endfacet
  facet normal 0 0 1
    outer loop
      vertex 5.700 24.600 5.000
      vertex 6.300 25.200 5.000
      vertex 5.700 25.200 5.000
    endloop
  endfacet
endsolid grille:h2-1-01
solid grille:h2-1-02
  facet normal 0 0 1
    outer loop
      vertex 6.300 24.600 5.000
      vertex 6.900 24.600 5.000
      vertex 6.900 25.200 5.000
    endloop
  endfacet
  facet normal 0 0 1
    outer loop
      vertex 6.300 24.600 5.000
      vertex 6.900 25.200 5.000
      vertex 6.300 25.200 5.000
    endloop
  endfacet
endsolid grille:h2-1-02
solid grille:h2-1-03
  facet normal 0 0 1
    outer loop
      vertex 6.900 24.600 5.000
      vertex 7.500 24.600 5.000
      vertex 7.500 25.200 5.000
    endloop
  endfacet
  facet normal 0 0 1
    outer loop
      vertex 6.900 24.600 5.000
      vertex 7.500 25.200 5.000
      vertex 6.900 25.200 5.000
    endloop
  endfacet
endsolid grille:h2-1-03
solid grille:h2-1-04
  facet normal 0 0 1
    outer loop
      vertex 7.500 24.600 5.000
      vertex 8.100 24.600 5.000
      vertex 8.100 25.200 5.000
    endloop
  endfacet
  facet normal 0 0 1
    outer loop
      vertex 7.500 24.600 5.000
      vertex 8.100 25.200 5.000
      vertex 7.500 25.200 5.000
    endloop
  endfacet
endsolid grille:h2-1-04
solid grille:h2-1-05
  facet normal 0 0 1
    outer loop
      vertex 8.100 24.600 5.000
      vertex 8.700 24.600 5.000
      vertex 8.700 25.200 5.000
    endloop
  endfacet
  facet normal 0 0 1
    outer loop
      vertex 8.100 24.600 5.000
      vertex 8.700 25.200 5.000
      vertex 8.100 25.200 5.000
    endloop
  endfacet
endsolid grille:h2-1-05
solid grille:h2-1-06
  facet normal 0 0 1
    outer loop
      vertex 8.700 24.600 5.000
      vertex 9.300 24.600 5.000
      vertex 9.300 25.200 5.000
    endloop
  endfacet
  facet normal 0 0 1
    outer loop
      vertex 8.700 24.600 5.000
      vertex 9.300 25.200 5.000
      vertex 8.700 25.200 5.000
    endloop
  endfacet
endsolid grille:h2-1-06
solid grille:h2-1-07
  facet normal 0 0 1
    outer loop
      vertex 9.300 24.600 5.000
      vertex 9.900 24.600 5.000
      vertex 9.900 25.200 5.000
    endloop
  endfacet
  facet normal 0 0 1
    outer loop
      vertex 9.300 24.600 5.000
      vertex 9.900 25.200 5.000
      vertex 9.300 25.200 5.000
    endloop
  endfacet
endsolid grille:h2-1-07
solid grille:h2-1-08
  facet normal 0 0 1
    outer loop
      vertex 9.900 24.600 5.000
      vertex 10.500 24.600 5.000
      vertex 10.500 25.200 5.000
    endloop
  endfacet
  facet normal 0 0 1
    outer loop
      vertex 9.900 24.600 5.000
      vertex 10.500 25.200 5.000
      vertex 9.900 25.200 5.000
    endloop
  endfacet
endsolid grille:h2-1-08
solid grille:h2-1-09
  facet normal 0 0 1
    outer loop
      vertex 10.500 24.600 5.000
      vertex 11.100 24.600 5.000
      vertex 11.100 25.200 5.000
    endloop
  endfacet
  facet normal 0 0 1
    outer loop
      vertex 10.500 24.600 5.000
      vertex 11.100 25.200 5.000
      vertex 10.500 25.200 5.000
    endloop
  endfacet
endsolid grille:h2-1-09
solid grille:h2-1-10
  facet normal 0 0 1
    outer loop
      vertex 11.100 24.600 5.000
      vertex 11.700 24.600 5.000
      vertex 11.700 25.200 5.000
    endloop
  endfacet
  facet normal 0 0 1
    outer loop
      vertex 11.100 24.600 5.000
      vertex 11.700 25.200 5.000
      vertex 11.100 25.200 5.000
    endloop
  endfacet
endsolid grille:h2-1-10
solid grille:h2-1-11
  facet normal 0 0 1
    outer loop
      vertex 11.700 24.600 5.000
      vertex 12.300 24.600 5.000
      vertex 12.300 25.200 5.000
    endloop
  endfacet
  facet normal 0 0 1
    outer loop
      vertex 11.700 24.600 5.000
      vertex 12.300 25.200 5.000
      vertex 11.700 25.200 5.000
    endloop
  endfacet
endsolid grille:h2-1-11
solid grille:h2-1-12
  facet normal 0 0 1
    outer loop
      vertex 12.300 24.600 5.000
      vertex 12.900 24.600 5.000
      vertex 12.900 25.200 5.000
    endloop
  endfacet
  facet normal 0 0 1
    outer loop
      vertex 12.300 24.600 5.000
      vertex 12.900 25.200 5.000
      vertex 12.300 25.200 5.000
    endloop
  endfacet
endsolid grille:h2-1-12
solid grille:h2-1-13
  facet normal 0 0 1
    outer loop
      vertex 12.900 24.600 5.000
      vertex 13.500 24.600 5.000
      vertex 13.500 25.200 5.000
    endloop
  endfacet
  facet normal 0 0 1
    outer loop
      vertex 12.900 24.600 5.000
      vertex 13.500 25.200 5.000
      vertex 12.900 25.200 5.000
    endloop
  endfacet
endsolid grille:h2-1-13
solid grille:h2-1-14
  facet normal 0 0 1
    outer loop
      vertex 13.500 24.600 5.000
      vertex 14.100 24.600 5.000
      vertex 14.100 25.200 5.000
    endloop
  endfacet
  facet normal 0 0 1
    outer loop
      vertex 13.500 24.600 5.000
      vertex 14.100 25.200 5.000
      vertex 13.500 25.200 5.000
    endloop
  endfacet
endsolid grille:h2-1-14
solid grille:h2-1-15
  facet normal 0 0 1
    outer loop
      vertex 14.100 24.600 5.000
      vertex 14.700 24.600 5.000
      vertex 14.700 25.200 5.000
    endloop
  endfacet
  facet normal 0 0 1
    outer loop
      vertex 14.100 24.600 5.000
      vertex 14.700 25.200 5.000
      vertex 14.100 25.200 5.000
    endloop
  endfacet
endsolid grille:h2-1-15
solid grille:h2-1-16
  facet normal 0 0 1
    outer loop
      vertex 14.700 24.600 5.000
      vertex 15.300 24.600 5.000
      vertex 15.300 25.200 5.000
    endloop
  endfacet
  facet normal 0 0 1
    outer loop
      vertex 14.700 24.600 5.000
      vertex 15.300 25.200 5.000
      vertex 14.700 25.200 5.000
    endloop
  endfacet
endsolid grille:h2-1-16
solid grille:h2-1-17
  facet normal 0 0 1
    outer loop
      vertex 15.300 24.600 5.000
      vertex 15.900 24.600 5.000
      vertex 15.900 25.200 5.000
    endloop
  endfacet
  facet normal 0 0 1
    outer loop
      vertex 15.300 24.600 5.000
      vertex 15.900 25.200 5.000
      vertex 15.300 25.200 5.000
    endloop
  endfacet
endsolid grille:h2-1-17
solid grille:h2-2-01
  facet normal 0 0 1
    outer loop
      vertex 5.700 24.000 5.000
      vertex 6.300 24.000 5.000
      vertex 6.300 24.600 5.000
    endloop
  endfacet
  facet normal 0 0 1
    outer loop
      vertex 5.700 24.000 5.000
      vertex 6.300 24.600 5.000
      vertex 5.700 24.600 5.000
    endloop
  endfacet
endsolid grille:h2-2-01
solid grille:h2-2-02
  facet normal 0 0 1
    outer loop
      vertex 6.300 24.000 5.000
      vertex 6.900 24.000 5.000
      vertex 6.900 24.600 5.000
    endloop
  endfacet
  facet normal 0 0 1
    outer loop
      vertex 6.300 24.000 5.000
      vertex 6.900 24.600 5.000
      vertex 6.300 24.600 5.000
    endloop
  endfacet
endsolid grille:h2-2-02
solid grille:h2-2-03
  facet normal 0 0 1
    outer loop
      vertex 6.900 24.000 5.000
      vertex 7.500 24.000 5.000
      vertex 7.500 24.600 5.000
    endloop
  endfacet
  facet normal 0 0 1
    outer loop
      vertex 6.900 24.000 5.000
      vertex 7.500 24.600 5.000
      vertex 6.900 24.600 5.000
    endloop
  endfacet
endsolid grille:h2-2-03
solid grille:h2-2-04
  facet normal 0 0 1
    outer loop
      vertex 7.500 24.000 5.000
      vertex 8.100 24.000 5.000
      vertex 8.100 24.600 5.000
    endloop
  endfacet
  facet normal 0 0 1
    outer loop
      vertex 7.500 24.000 5.000
      vertex 8.100 24.600 5.000
      vertex 7.500 24.600 5.000
    endloop
  endfacet
endsolid grille:h2-2-04
solid grille:h2-2-05
  facet normal 0 0 1
    outer loop
      vertex 8.100 24.000 5.000
      vertex 8.700 24.000 5.000
      vertex 8.700 24.600 5.000
    endloop
  endfacet
  facet normal 0 0 1
    outer loop
      vertex 8.100 24.000 5.000
      vertex 8.700 24.600 5.000
      vertex 8.100 24.600 5.000
    endloop
  endfacet
endsolid grille:h2-2-05
solid grille:h2-2-06
  facet normal 0 0 1
    outer loop
      vertex 8.700 24.000 5.000
      vertex 9.300 24.000 5.000
      vertex 9.300 24.600 5.000
    endloop
  endfacet
  facet normal 0 0 1
    outer loop
      vertex 8.700 24.000 5.000
      vertex 9.300 24.600 5.000
      vertex 8.700 24.600 5.000
    endloop
  endfacet
endsolid grille:h2-2-06
solid grille:h2-2-07
  facet normal 0 0 1
    outer loop
      vertex 9.300 24.000 5.000
      vertex 9.900 24.000 5.000
      vertex 9.900 24.600 5.000
    endloop
  endfacet
  facet normal 0 0 1
    outer loop
      vertex 9.300 24.000 5.000
      vertex 9.900 24.600 5.000
      vertex 9.300 24.600 5.000
    endloop
  endfacet
endsolid grille:h2-2-07
solid grille:h2-2-08
  facet normal 0 0 1
    outer loop
      vertex 9.900 24.000 5.000
      vertex 10.500 24.000 5.000
      vertex 10.500 24.600 5.000
    endloop
  endfacet
  facet normal 0 0 1
    outer loop
      vertex 9.900 24.000 5.000
      vertex 10.500 24.600 5.000
      vertex 9.900 24.600 5.000
    endloop
  endfacet
endsolid grille:h2-2-08
solid grille:h2-2-09
  facet normal 0 0 1
    outer loop
      vertex 10.500 24.000 5.000
      vertex 11.100 24.000 5.000
      vertex 11.100 24.600 5.000
    endloop
  endfacet
  facet normal 0 0 1
    outer loop
      vertex 10.500 24.000 5.000
      vertex 11.100 24.600 5.000
      vertex 10.500 24.600 5.000
    endloop
  endfacet
endsolid grille:h2-2-09
solid grille:h2-2-10
  facet normal 0 0 1
    outer loop
      vertex 11.100 24.000 5.000
      vertex 11.700 24.000 5.000
      vertex 11.700 24.600 5.000
    endloop
  endfacet
  facet normal 0 0 1
    outer loop
      vertex 11.100 24.000 5.000
      vertex 11.700 24.600 5.000
      vertex 11.100 24.600 5.000
    endloop
  endfacet
endsolid grille:h2-2-10
solid grille:h2-2-11
  facet normal 0 0 1
    outer loop
      vertex 11.700 24.000 5.000
      vertex 12.300 24.000 5.000
      vertex 12.300 24.600 5.000
    endloop
  endfacet
  facet normal 0 0 1
    outer loop
      vertex 11.700 24.000 5.000
      vertex 12.300 24.600 5.000
      vertex 11.700 24.600 5.000
    endloop
  endfacet
endsolid grille:h2-2-11
solid grille:h2-2-12
  facet normal 0 0 1
    outer loop
      vertex 12.300 24.000 5.000
      vertex 12.900 24.000 5.000
      vertex 12.900 24.600 5.000
    endloop
  endfacet
  facet normal 0 0 1
    outer loop
      vertex 12.300 24.000 5.000
      vertex 12.900 24.600 5.000
      vertex 12.300 24.600 5.000
    endloop
  endfacet
endsolid grille:h2-2-12
solid grille:h2-2-13
  facet normal 0 0 1
    outer loop
      vertex 12.900 24.000 5.000
      vertex 13.500 24.000 5.000
      vertex 13.500 24.600 5.000
    endloop
  endfacet
  facet normal 0 0 1
    outer loop
      vertex 12.900 24.000 5.000
      vertex 13.500 24.600 5.000
      vertex 12.900 24.600 5.000
    endloop
  endfacet
endsolid grille:h2-2-13
solid grille:h2-2-14
  facet normal 0 0 1
    outer loop
      vertex 13.500 24.000 5.000
      vertex 14.100 24.000 5.000
      vertex 14.100 24.600 5.000
    endloop
  endfacet
  facet normal 0 0 1
    outer loop
      vertex 13.500 24.000 5.000
      vertex 14.100 24.600 5.000
      vertex 13.500 24.600 5.000
    endloop
  endfacet
endsolid grille:h2-2-14
solid grille:h2-2-15
  facet normal 0 0 1
    outer loop
      vertex 14.100 24.000 5.000
      vertex 14.700 24.000 5.000
      vertex 14.700 24.600 5.000
    endloop
  endfacet
  facet normal 0 0 1
    outer loop
      vertex 14.100 24.000 5.000
      vertex 14.700 24.600 5.000
      vertex 14.100 24.600 5.000
    endloop
  endfacet
endsolid grille:h2-2-15
solid grille:h2-2-16
  facet normal 0 0 1
    outer loop
      vertex 14.700 24.000 5.000
      vertex 15.300 24.000 5.000
      vertex 15.300 24.600 5.000
    endloop
  endfacet
  facet normal 0 0 1
    outer loop
      vertex 14.700 24.000 5.000
      vertex 15.300 24.600 5.000
      vertex 14.700 24.600 5.000
    endloop
  endfacet
endsolid grille:h2-2-16
solid grille:h2-2-17
  facet normal 0 0 1
    outer loop
      vertex 15.300 24.000 5.000
      vertex 15.900 24.000 5.000
      vertex 15.900 24.600 5.000
    endloop
  endfacet
  facet normal 0 0 1
    outer loop
      vertex 15.300 24.000 5.000
      vertex 15.900 24.600 5.000
      vertex 15.300 24.600 5.000
    endloop
  endfacet
endsolid grille:h2-2-17
solid grille:h3-1-01
  facet normal 0 0 1
    outer loop
      vertex 5.700 19.200 5.000
      vertex 6.300 19.200 5.000
      vertex 6.300 19.800 5.000
    endloop
  endfacet
  facet normal 0 0 1
    outer loop
      vertex 5.700 19.200 5.000
      vertex 6.300 19.800 5.000
      vertex 5.700 19.800 5.000
    endloop
  endfacet
endsolid grille:h3-1-01
solid grille:h3-1-02
  facet normal 0 0 1
    outer loop
      vertex 6.300 19.200 5.000
      vertex 6.900 19.200 5.000
      vertex 6.900 19.800 5.000
    endloop
  endfacet
  facet normal 0 0 1
    outer loop
      vertex 6.300 19.200 5.000
      vertex 6.900 19.800 5.000
      vertex 6.300 19.800 5.000
    endloop
  endfacet
endsolid grille:h3-1-02
solid grille:h3-1-03
  facet normal 0 0 1
    outer loop
      vertex 6.900 19.200 5.000
      vertex 7.500 19.200 5.000
      vertex 7.500 19.800 5.000
    endloop
  endfacet
  facet normal 0 0 1
    outer loop
      vertex 6.900 19.200 5.000
      vertex 7.500 19.800 5.000
      vertex 6.900 19.800 5.000
    endloop
  endfacet
endsolid grille:h3-1-03
solid grille:h3-1-04
  facet normal 0 0 1
    outer loop
      vertex 7.500 19.200 5.000
      vertex 8.100 19.200 5.000
      vertex 8.100 19.800 5.000
    endloop
  endfacet
  facet normal 0 0 1
    outer loop
      vertex 7.500 19.200 5.000
      vertex 8.100 19.800 5.000
      vertex 7.500 19.800 5.000
    endloop
  endfacet
endsolid grille:h3-1-04
solid grille:h3-1-05
  facet normal 0 0 1
    outer loop
      vertex 8.100 19.200 5.000
      vertex 8.700 19.200 5.000
      vertex 8.700 19.800 5.000
    endloop
  endfacet
  facet normal 0 0 1
    outer loop
      vertex 8.100 19.200 5.000
      vertex 8.700 19.800 5.000
      vertex 8.100 19.800 5.000
    endloop
  endfacet
endsolid grille:h3-1-05
solid grille:h3-1-06
  facet normal 0 0 1
    outer loop
      vertex 8.700 19.200 5.000
      vertex 9.300 19.200 5.000
      vertex 9.300 19.800 5.000
    endloop
  endfacet
  facet normal 0 0 1
    outer loop
      vertex 8.700 19.200 5.000
      vertex 9.300 19.800 5.000
      vertex 8.700 19.800 5.000
    endloop
  endfacet
endsolid grille:h3-1-06
solid grille:h3-1-07
  facet normal 0 0 1
    outer loop
      vertex 9.300 19.200 5.000
      vertex 9.900 19.200 5.000
      vertex 9.900 19.800 5.000
    endloop
  endfacet
  facet normal 0 0 1
    outer loop
      vertex 9.300 19.200 5.000
      vertex 9.900 19.800 5.000
      vertex 9.300 19.800 5.000
    endloop
  endfacet
endsolid grille:h3-1-07
solid grille:h3-1-08
  facet normal 0 0 1
    outer loop
      vertex 9.900 19.200 5.000
      vertex 10.500 19.200 5.000
      vertex 10.500 19.800 5.000
    endloop
  endfacet
  facet normal 0 0 1
    outer loop
      vertex 9.900 19.200 5.000
      vertex 10.500 19.800 5.000
      vertex 9.900 19.800 5.000
    endloop
  endfacet
endsolid grille:h3-1-08
solid grille:h3-1-09
  facet normal 0 0 1
    outer loop
      vertex 10.500 19.200 5.000
      vertex 11.100 19.200 5.000
      vertex 11.100 19.800 5.000
    endloop
  endfacet
  facet normal 0 0 1
    outer loop
      vertex 10.500 19.200 5.000
      vertex 11.100 19.800 5.000
      vertex 10.500 19.800 5.000
    endloop
  endfacet
endsolid grille:h3-1-09
solid grille:h3-1-10
  facet normal 0 0 1
    outer loop
      vertex 11.100 19.200 5.000
      vertex 11.700 19.200 5.000
      vertex 11.700 19.800 5.000
    endloop
  endfacet
  facet normal 0 0 1
    outer loop
      vertex 11.100 19.200 5.000
      vertex 11.700 19.800 5.000
      vertex 11.100 19.800 5.000
    endloop
  endfacet
endsolid grille:h3-1-10
solid grille:h3-1-11
  facet normal 0 0 1
    outer loop
      vertex 11.700 19.200 5.000
      vertex 12.300 19.200 5.000
      vertex 12.300 19.800 5.000
    endloop
  endfacet
  facet normal 0 0 1
    outer loop
      vertex 11.700 19.200 5.000
      vertex 12.300 19.800 5.000
      vertex 11.700 19.800 5.000
    endloop
  endfacet
endsolid grille:h3-1-11
solid grille:h3-1-12
  facet normal 0 0 1
    outer loop
      vertex 12.300 19.200 5.000
      vertex 12.900 19.200 5.000
      vertex 12.900 19.800 5.000
    endloop
  endfacet
  facet normal 0 0 1
    outer loop
      vertex 12.300 19.200 5.000
      vertex 12.900 19.800 5.000
      vertex 12.300 19.800 5.000
    endloop
  endfacet
endsolid grille:h3-1-12
solid grille:h3-1-13
  facet normal 0 0 1
    outer loop
      vertex 12.900 19.200 5.000
      vertex 13.500 19.200 5.000
      vertex 13.500 19.800 5.000
    endloop
  endfacet
  facet normal 0 0 1
    outer loop
      vertex 12.900 19.200 5.000
      vertex 13.500 19.800 5.000
      vertex 12.900 19.800 5.000
    endloop
  endfacet
endsolid grille:h3-1-13
solid grille:h3-1-14
  facet normal 0 0 1
    outer loop
      vertex 13.500 19.200 5.000
      vertex 14.100 19.200 5.000
      vertex 14.100 19.800 5.000
    endloop
  endfacet
  facet normal 0 0 1
    outer loop
      vertex 13.500 19.200 5.000
      vertex 14.100 19.800 5.000
      vertex 13.500 19.800 5.000
    endloop
  endfacet
endsolid grille:h3-1-14
solid grille:h3-1-15
  facet normal 0 0 1
    outer loop
      vertex 14.100 19.200 5.000
      vertex 14.700 19.200 5.000
      vertex 14.700 19.800 5.000
    endloop
  endfacet
  facet normal 0 0 1
    outer loop
      vertex 14.100 19.200 5.000
      vertex 14.700 19.800 5.000
      vertex 14.100 19.800 5.000
    endloop
  endfacet
endsolid grille:h3-1-15
solid grille:h3-1-16
  facet normal 0 0 1
    outer loop
      vertex 14.700 19.200 5.000
      vertex 15.300 19.200 5.000
      vertex 15.300 19.800 5.000
    endloop
  endfacet
  facet normal 0 0 1
    outer loop
      vertex 14.700 19.200 5.000
      vertex 15.300 19.800 5.000
      vertex 14.700 19.800 5.000
    endloop
  endfacet
endsolid grille:h3-1-16
solid grille:h3-1-17
  facet normal 0 0 1
    outer loop
      vertex 15.300 19.200 5.000
      vertex 15.900 19.200 5.000
      vertex 15.900 19.800 5.000
    endloop
  endfacet
  facet normal 0 0 1
    outer loop
      vertex 15.300 19.200 5.000
      vertex 15.900 19.800 5.000
      vertex 15.300 19.800 5.000
    endloop
  endfacet
endsolid grille:h3-1-17
solid grille:h3-2-01
  facet normal 0 0 1
    outer loop
      vertex 5.700 18.600 5.000
      vertex 6.300 18.600 5.000
      vertex 6.300 19.200 5.000
    endloop
  endfacet
  facet normal 0 0 1
    outer loop
      vertex 5.700 18.600 5.000
      vertex 6.300 19.200 5.000
      vertex 5.700 19.200 5.000
    endloop
  endfacet
endsolid grille:h3-2-01
solid grille:h3-2-02
  facet normal 0 0 1
    outer loop
      vertex 6.300 18.600 5.000
      vertex 6.900 18.600 5.000
      vertex 6.900 19.200 5.000
    endloop
  endfacet
  facet normal 0 0 1
    outer loop
      vertex 6.300 18.600 5.000
      vertex 6.900 19.200 5.000
      vertex 6.300 19.200 5.000
    endloop
  endfacet
endsolid grille:h3-2-02
solid grille:h3-2-03
  facet normal 0 0 1
    outer loop
      vertex 6.900 18.600 5.000
      vertex 7.500 18.600 5.000
      vertex 7.500 19.200 5.000
    endloop
  endfacet
  facet normal 0 0 1
    outer loop
      vertex 6.900 18.600 5.000
      vertex 7.500 19.200 5.000
      vertex 6.900 19.200 5.000
    endloop
  endfacet
endsolid grille:h3-2-03
solid grille:h3-2-04
  facet normal 0 0 1
    outer loop
      vertex 7.500 18.600 5.000
      vertex 8.100 18.600 5.000
      vertex 8.100 19.200 5.000
    endloop
  endfacet
  facet normal 0 0 1
    outer loop
      vertex 7.500 18.600 5.000
      vertex 8.100 19.200 5.000
      vertex 7.500 19.200 5.000
    endloop
  endfacet
endsolid grille:h3-2-04
solid grille:h3-2-05
  facet normal 0 0 1
    outer loop
      vertex 8.100 18.600 5.000
      vertex 8.700 18.600 5.000
      vertex 8.700 19.200 5.000
    endloop
  endfacet
  facet normal 0 0 1
    outer loop
      vertex 8.100 18.600 5.000
      vertex 8.700 19.200 5.000
      vertex 8.100 19.200 5.000
    endloop
  endfacet
endsolid grille:h3-2-05
solid grille:h3-2-06
  facet normal 0 0 1
    outer loop
      vertex 8.700 18.600 5.000
      vertex 9.300 18.600 5.000
      vertex 9.300 19.200 5.000
    endloop
  endfacet
  facet normal 0 0 1
    outer loop
      vertex 8.700 18.600 5.000
      vertex 9.300 19.200 5.000
      vertex 8.700 19.200 5.000
    endloop
  endfacet
endsolid grille:h3-2-06
solid grille:h3-2-07
  facet normal 0 0 1
    outer loop
      vertex 9.300 18.600 5.000
      vertex 9.900 18.600 5.000
      vertex 9.900 19.200 5.000
    endloop
  endfacet
  facet normal 0 0 1
    outer loop
      vertex 9.300 18.600 5.000
      vertex 9.900 19.200 5.000
      vertex 9.300 19.200 5.000
    endloop
  endfacet
endsolid grille:h3-2-07
solid grille:h3-2-08
  facet normal 0 0 1
    outer loop
      vertex 9.900 18.600 5.000
      vertex 10.500 18.600 5.000
      vertex 10.500 19.200 5.000
    endloop
  endfacet
  facet normal 0 0 1
    outer loop
      vertex 9.900 18.600 5.000
      vertex 10.500 19.200 5.000
      vertex 9.900 19.200 5.000
    endloop
  endfacet
endsolid grille:h3-2-08
solid grille:h3-2-09
  facet normal 0 0 1
    outer loop
      vertex 10.500 18.600 5.000
      vertex 11.100 18.600 5.000
      vertex 11.100 19.200 5.000
    endloop
  endfacet
  facet normal 0 0 1
    outer loop
      vertex 10.500 18.600 5.000
      vertex 11.100 19.200 5.000
      vertex 10.500 19.200 5.000
    endloop
  endfacet
endsolid grille:h3-2-09
solid grille:h3-2-10
  facet normal 0 0 1
    outer loop
      vertex 11.100 18.600 5.000
      vertex 11.700 18.600 5.000
      vertex 11.700 19.200 5.000
    endloop
  endfacet
  facet normal 0 0 1
    outer loop
      vertex 11.100 18.600 5.000
      vertex 11.700 19.200 5.000
      vertex 11.100 19.200 5.000
    endloop
  endfacet
endsolid grille:h3-2-10
solid grille:h3-2-11
  facet normal 0 0 1
    outer loop
      vertex 11.700 18.600 5.000
      vertex 12.300 18.600 5.000
      vertex 12.300 19.200 5.000
    endloop
  endfacet
  facet normal 0 0 1
    outer loop
      vertex 11.700 18.600 5.000
      vertex 12.300 19.200 5.000
      vertex 11.700 19.200 5.000
    endloop
  endfacet
endsolid grille:h3-2-11
solid grille:h3-2-12
  facet normal 0 0 1
    outer loop
      vertex 12.300 18.600 5.000
      vertex 12.900 18.600 5.000
      vertex 12.900 19.200 5.000
    endloop
  endfacet
  facet normal 0 0 1
    outer loop
      vertex 12.300 18.600 5.000
      vertex 12.900 19.200 5.000
      vertex 12.300 19.200 5.000
    endloop
  endfacet
endsolid grille:h3-2-12
solid grille:h3-2-13
  facet normal 0 0 1
    outer loop
      vertex 12.900 18.600 5.000
      vertex 13.500 18.600 5.000
      vertex 13.500 19.200 5.000
    endloop
  endfacet
  facet normal 0 0 1
    outer loop
      vertex 12.900 18.600 5.000
      vertex 13.500 19.200 5.000
      vertex 12.900 19.200 5.000
    endloop
  endfacet
endsolid grille:h3-2-13
solid grille:h3-2-14
  facet normal 0 0 1
    outer loop
      vertex 13.500 18.600 5.000
      vertex 14.100 18.600 5.000
      vertex 14.100 19.200 5.000
    endloop
  endfacet
  facet normal 0 0 1
    outer loop
      vertex 13.500 18.600 5.000
      vertex 14.100 19.200 5.000
      vertex 13.500 19.200 5.000
    endloop
  endfacet
endsolid grille:h3-2-14
solid grille:h3-2-15
  facet normal 0 0 1
    outer loop
      vertex 14.100 18.600 5.000
      vertex 14.700 18.600 5.000
      vertex 14.700 19.200 5.000
    endloop
  endfacet
  facet normal 0 0 1
    outer loop
      vertex 14.100 18.600 5.000
      vertex 14.700 19.200 5.000
      vertex 14.100 19.200 5.000
    endloop
  endfacet
endsolid grille:h3-2-15
solid grille:h3-2-16
  facet normal 0 0 1
    outer loop
      vertex 14.700 18.600 5.000
      vertex 15.300 18.600 5.000
      vertex 15.300 19.200 5.000
    endloop
  endfacet
  facet normal 0 0 1
    outer loop
      vertex 14.700 18.600 5.000
      vertex 15.300 19.200 5.000
      vertex 14.700 19.200 5.000
    endloop
  endfacet
endsolid grille:h3-2-16
solid grille:h3-2-17
  facet normal 0 0 1
    outer loop
      vertex 15.300 18.600 5.000
      vertex 15.900 18.600 5.000
      vertex 15.900 19.200 5.000
    endloop
  endfacet
  facet normal 0 0 1
    outer loop
      vertex 15.300 18.600 5.000
      vertex 15.900 19.200 5.000
      vertex 15.300 19.200 5.000
    endloop
  endfacet
endsolid grille:h3-2-17
solid grille:h4-1-01
  facet normal 0 0 1
    outer loop
      vertex 5.700 13.800 5.000
      vertex 6.300 13.800 5.000
      vertex 6.300 14.400 5.000
    endloop
  endfacet
  facet normal 0 0 1
    outer loop
      vertex 5.700 13.800 5.000
      vertex 6.300 14.400 5.000
      vertex 5.700 14.400 5.000
    endloop
  endfacet
endsolid grille:h4-1-01
solid grille:h4-1-02
  facet normal 0 0 1
    outer loop
      vertex 6.300 13.800 5.000
      vertex 6.900 13.800 5.000
      vertex 6.900 14.400 5.000
    endloop
  endfacet
  facet normal 0 0 1
    outer loop
      vertex 6.300 13.800 5.000
      vertex 6.900 14.400 5.000
      vertex 6.300 14.400 5.000
    endloop
  endfacet
endsolid grille:h4-1-02
solid grille:h4-1-03
  facet normal 0 0 1
    outer loop
      vertex 6.900 13.800 5.000
      vertex 7.500 13.800 5.000
      vertex 7.500 14.400 5.000
    endloop
  endfacet
  facet normal 0 0 1
    outer loop
      vertex 6.900 13.800 5.000
      vertex 7.500 14.400 5.000
      vertex 6.900 14.400 5.000
    endloop
  endfacet
endsolid grille:h4-1-03
solid grille:h4-1-04
  facet normal 0 0 1
    outer loop
      vertex 7.500 13.800 5.000
      vertex 8.100 13.800 5.000
      vertex 8.100 14.400 5.000
    endloop
  endfacet
  facet normal 0 0 1
    outer loop
      vertex 7.500 13.800 5.000
      vertex 8.100 14.400 5.000
      vertex 7.500 14.400 5.000
    endloop
  endfacet
endsolid grille:h4-1-04
solid grille:h4-1-05
  facet normal 0 0 1
    outer loop
      vertex 8.100 13.800 5.000
      vertex 8.700 13.800 5.000
      vertex 8.700 14.400 5.000
    endloop
  endfacet
  facet normal 0 0 1
    outer loop
      vertex 8.100 13.800 5.000
      vertex 8.700 14.400 5.000
      vertex 8.100 14.400 5.000
    endloop
  endfacet
endsolid grille:h4-1-05
solid grille:h4-1-06
  facet normal 0 0 1
    outer loop
      vertex 8.700 13.800 5.000
      vertex 9.300 13.800 5.000
      vertex 9.300 14.400 5.000
    endloop
  endfacet
  facet normal 0 0 1
    outer loop
      vertex 8.700 13.800 5.000
      vertex 9.300 14.400 5.000
      vertex 8.700 14.400 5.000
    endloop
  endfacet
endsolid grille:h4-1-06
solid grille:h4-1-07
  facet normal 0 0 1
    outer loop
      vertex 9.300 13.800 5.000
      vertex 9.900 13.800 5.000
      vertex 9.900 14.400 5.000
    endloop
  endfacet
  facet normal 0 0 1
    outer loop
      vertex 9.300 13.800 5.000
      vertex 9.900 14.400 5.000
      vertex 9.300 14.400 5.000
    endloop
  endfacet
endsolid grille:h4-1-07
solid grille:h4-1-08
  facet normal 0 0 1
    outer loop
      vertex 9.900 13.800 5.000
      vertex 10.500 13.800 5.000
      vertex 10.500 14.400 5.000
    endloop
  endfacet
  facet normal 0 0 1
    outer loop
      vertex 9.900 13.800 5.000
      vertex 10.500 14.400 5.000
      vertex 9.900 14.400 5.000
    endloop
  endfacet
endsolid grille:h4-1-08
solid grille:h4-1-09
  facet normal 0 0 1
    outer loop
      vertex 10.500 13.800 5.000
      vertex 11.100 13.800 5.000
      vertex 11.100 14.400 5.000
    endloop
  endfacet
  facet normal 0 0 1
    outer loop
      vertex 10.500 13.800 5.000
      vertex 11.100 14.400 5.000
      vertex 10.500 14.400 5.000
    endloop
  endfacet
endsolid grille:h4-1-09
solid grille:h4-1-10
  facet normal 0 0 1
    outer loop
      vertex 11.100 13.800 5.000
      vertex 11.700 13.800 5.000
      vertex 11.700 14.400 5.000
    endloop
  endfacet
  facet normal 0 0 1
    outer loop
      vertex 11.100 13.800 5.000
      vertex 11.700 14.400 5.000
      vertex 11.100 14.400 5.000
    endloop
  endfacet
endsolid grille:h4-1-10
solid grille:h4-1-11
  facet normal 0 0 1
    outer loop
      vertex 11.700 13.800 5.000
      vertex 12.300 13.800 5.000
      vertex 12.300 14.400 5.000
    endloop
  endfacet
  facet normal 0 0 1
    outer loop
      vertex 11.700 13.800 5.000
      vertex 12.300 14.400 5.000
      vertex 11.700 14.400 5.000
    endloop
  endfacet
endsolid grille:h4-1-11
solid grille:h4-1-12
  facet normal 0 0 1
    outer loop
      vertex 12.300 13.800 5.000
      vertex 12.900 13.800 5.000
      vertex 12.900 14.400 5.000
    endloop
  endfacet
  facet normal 0 0 1
    outer loop
      vertex 12.300 13.800 5.000
      vertex 12.900 14.400 5.000
      vertex 12.300 14.400 5.000
    endloop
  endfacet
endsolid grille:h4-1-12
solid grille:h4-1-13
  facet normal 0 0 1
    outer loop
      vertex 12.900 13.800 5.000
      vertex 13.500 13.800 5.000
      vertex 13.500 14.400 5.000
    endloop
  endfacet
  facet normal 0 0 1
    outer loop
      vertex 12.900 13.800 5.000
      vertex 13.500 14.400 5.000
      vertex 12.900 14.400 5.000
    endloop
  endfacet
endsolid grille:h4-1-13
solid grille:h4-1-14
  facet normal 0 0 1
    outer loop
      vertex 13.500 13.800 5.000
      vertex 14.100 13.800 5.000
      vertex 14.100 14.400 5.000
    endloop
  endfacet
  facet normal 0 0 1
    outer loop
      vertex 13.500 13.800 5.000
      vertex 14.100 14.400 5.000
      vertex 13.500 14.400 5.000
    endloop
  endfacet
endsolid grille:h4-1-14
solid grille:h4-1-15
  facet normal 0 0 1
    outer loop
      vertex 14.100 13.800 5.000
      vertex 14.700 13.800 5.000
      vertex 14.700 14.400 5.000
    endloop
  endfacet
  facet normal 0 0 1
    outer loop
      vertex 14.100 13.800 5.000
      vertex 14.700 14.400 5.000
      vertex 14.100 14.400 5.000
    endloop
  endfacet
endsolid grille:h4-1-15
solid grille:h4-1-16
  facet normal 0 0 1
    outer loop
      vertex 14.700 13.800 5.000
      vertex 15.300 13.800 5.000
      vertex 15.300 14.400 5.000
    endloop
  endfacet
  facet normal 0 0 1
    outer loop
      vertex 14.700 13.800 5.000
      vertex 15.300 14.400 5.000
      vertex 14.700 14.400 5.000
    endloop
  endfacet
endsolid grille:h4-1-16
solid grille:h4-1-17
  facet normal 0 0 1
    outer loop
      vertex 15.300 13.800 5.000
      vertex 15.900 13.800 5.000
      vertex 15.900 14.400 5.000
    endloop
  endfacet
  facet normal 0 0 1
    outer loop
      vertex 15.300 13.800 5.000
      vertex 15.900 14.400 5.000
      vertex 15.300 14.400 5.000
    endloop
  endfacet
endsolid grille:h4-1-17
solid grille:h4-2-01
  facet normal 0 0 1
    outer loop
      vertex 5.700 13.200 5.000
      vertex 6.300 13.200 5.000
      vertex 6.300 13.800 5.000
    endloop
  endfacet
  facet normal 0 0 1
    outer loop
      vertex 5.700 13.200 5.000
      vertex 6.300 13.800 5.000
      vertex 5.700 13.800 5.000
    endloop
  endfacet
endsolid grille:h4-2-01
solid grille:h4-2-02
  facet normal 0 0 1
    outer loop
      vertex 6.300 13.200 5.000
      vertex 6.900 13.200 5.000
      vertex 6.900 13.800 5.000
    endloop
  endfacet
  facet normal 0 0 1
    outer loop
      vertex 6.300 13.200 5.000
      vertex 6.900 13.800 5.000
      vertex 6.300 13.800 5.000
    endloop
  endfacet
endsolid grille:h4-2-02
solid grille:h4-2-03
  facet normal 0 0 1
    outer loop
      vertex 6.900 13.200 5.000
      vertex 7.500 13.200 5.000
      vertex 7.500 13.800 5.000
    endloop
  endfacet
  facet normal 0 0 1
    outer loop
      vertex 6.900 13.200 5.000
      vertex 7.500 13.800 5.000
      vertex 6.900 13.800 5.000
    endloop
  endfacet
endsolid grille:h4-2-03
solid grille:h4-2-04
  facet normal 0 0 1
    outer loop
      vertex 7.500 13.200 5.000
      vertex 8.100 13.200 5.000
      vertex 8.100 13.800 5.000
    endloop
  endfacet
  facet normal 0 0 1
    outer loop
      vertex 7.500 13.200 5.000
      vertex 8.100 13.800 5.000
      vertex 7.500 13.800 5.000
    endloop
  endfacet
endsolid grille:h4-2-04
solid grille:h4-2-05
  facet normal 0 0 1
    outer loop
      vertex 8.100 13.200 5.000
      vertex 8.700 13.200 5.000
      vertex 8.700 13.800 5.000
    endloop
  endfacet
  facet normal 0 0 1
    outer loop
      vertex 8.100 13.200 5.000
      vertex 8.700 13.800 5.000
      vertex 8.100 13.800 5.000
    endloop
  endfacet
endsolid grille:h4-2-05
solid grille:h4-2-06
  facet normal 0 0 1
    outer loop
      vertex 8.700 13.200 5.000
      vertex 9.300 13.200 5.000
      vertex 9.300 13.800 5.000
    endloop
  endfacet
  facet normal 0 0 1
    outer loop
      vertex 8.700 13.200 5.000
      vertex 9.300 13.800 5.000
      vertex 8.700 13.800 5.000
    endloop
  endfacet
endsolid grille:h4-2-06
solid grille:h4-2-07
  facet normal 0 0 1
    outer loop
      vertex 9.300 13.200 5.000
      vertex 9.900 13.200 5.000
      vertex 9.900 13.800 5.000
    endloop
  endfacet
  facet normal 0 0 1
    outer loop
      vertex 9.300 13.200 5.000
      vertex 9.900 13.800 5.000
      vertex 9.300 13.800 5.000
    endloop
  endfacet
endsolid grille:h4-2-07
solid grille:h4-2-08
  facet normal 0 0 1
    outer loop
      vertex 9.900 13.200 5.000
      vertex 10.500 13.200 5.000
      vertex 10.500 13.800 5.000
    endloop
  endfacet
  facet normal 0 0 1
    outer loop
      vertex 9.900 13.200 5.000
      vertex 10.500 13.800 5.000
      vertex 9.900 13.800 5.000
    endloop
  endfacet
endsolid grille:h4-2-08
solid grille:h4-2-09
  facet normal 0 0 1
    outer loop
      vertex 10.500 13.200 5.000
      vertex 11.100 13.200 5.000
      vertex 11.100 13.800 5.000
    endloop
  endfacet
  facet normal 0 0 1
    outer loop
      vertex 10.500 13.200 5.000
      vertex 11.100 13.800 5.000
      vertex 10.500 13.800 5.000
    endloop
  endfacet
endsolid grille:h4-2-09
solid grille:h4-2-10
  facet normal 0 0 1
    outer loop
      vertex 11.100 13.200 5.000
      vertex 11.700 13.200 5.000
      vertex 11.700 13.800 5.000
    endloop
  endfacet
  facet normal 0 0 1
    outer loop
      vertex 11.100 13.200 5.000
      vertex 11.700 13.800 5.000
      vertex 11.100 13.800 5.000
    endloop
  endfacet
endsolid grille:h4-2-10
solid grille:h4-2-11
  facet normal 0 0 1
    outer loop
      vertex 11.700 13.200 5.000
      vertex 12.300 13.200 5.000
      vertex 12.300 13.800 5.000
    endloop
  endfacet
  facet normal 0 0 1
    outer loop
      vertex 11.700 13.200 5.000
      vertex 12.300 13.800 5.000
      vertex 11.700 13.800 5.000
    endloop
  endfacet
endsolid grille:h4-2-11
solid grille:h4-2-12
  facet normal 0 0 1
    outer loop
      vertex 12.300 13.200 5.000
      vertex 12.900 13.200 5.000
      vertex 12.900 13.800 5.000
    endloop
  endfacet
  facet normal 0 0 1
    outer loop
      vertex 12.300 13.200 5.000
      vertex 12.900 13.800 5.000
      vertex 12.300 13.800 5.000
    endloop
  endfacet
endsolid grille:h4-2-12
solid grille:h4-2-13
  facet normal 0 0 1
    outer loop
      vertex 12.900 13.200 5.000
      vertex 13.500 13.200 5.000
      vertex 13.500 13.800 5.000
    endloop
  endfacet
  facet normal 0 0 1
    outer loop
      vertex 12.900 13.200 5.000
      vertex 13.500 13.800 5.000
      vertex 12.900 13.800 5.000
    endloop
  endfacet
endsolid grille:h4-2-13
solid grille:h4-2-14
  facet normal 0 0 1
    outer loop
      vertex 13.500 13.200 5.000
      vertex 14.100 13.200 5.000
      vertex 14.100 13.800 5.000
    endloop
  endfacet
  facet normal 0 0 1
    outer loop
      vertex 13.500 13.200 5.000
      vertex 14.100 13.800 5.000
      vertex 13.500 13.800 5.000
    endloop
  endfacet
endsolid grille:h4-2-14
solid grille:h4-2-15
  facet normal 0 0 1
    outer loop
      vertex 14.100 13.200 5.000
      vertex 14.700 13.200 5.000
      vertex 14.700 13.800 5.000
    endloop
  endfacet
  facet normal 0 0 1
    outer loop
      vertex 14.100 13.200 5.000
      vertex 14.700 13.800 5.000
      vertex 14.100 13.800 5.000
    endloop
  endfacet
endsolid grille:h4-2-15
solid grille:h4-2-16
  facet normal 0 0 1
    outer loop
      vertex 14.700 13.200 5.000
      vertex 15.300 13.200 5.000
      vertex 15.300 13.800 5.000
    endloop
  endfacet
  facet normal 0 0 1
    outer loop
      vertex 14.700 13.200 5.000
      vertex 15.300 13.800 5.000
      vertex 14.700 13.800 5.000
    endloop
  endfacet
endsolid grille:h4-2-16
solid grille:h4-2-17
  facet normal 0 0 1
    outer loop
      vertex 15.300 13.200 5.000
      vertex 15.900 13.200 5.000
      vertex 15.900 13.800 5.000
    endloop
  endfacet
  facet normal 0 0 1
    outer loop
      vertex 15.300 13.200 5.000
      vertex 15.900 13.800 5.000
      vertex 15.300 13.800 5.000
    endloop
  endfacet
endsolid grille:h4-2-17
solid grille:h5-1-01
  facet normal 0 0 1
    outer loop
      vertex 5.700 10.800 5.000
      vertex 6.300 10.800 5.000
      vertex 6.300 11.400 5.000
    endloop
  endfacet
  facet normal 0 0 1
    outer loop
      vertex 5.700 10.800 5.000
      vertex 6.300 11.400 5.000
      vertex 5.700 11.400 5.000
    endloop
  endfacet
endsolid grille:h5-1-01
solid grille:h5-1-02
  facet normal 0 0 1
    outer loop
      vertex 6.300 10.800 5.000
      vertex 6.900 10.800 5.000
      vertex 6.900 11.400 5.000
    endloop
  endfacet
  facet normal 0 0 1
    outer loop
      vertex 6.300 10.800 5.000
      vertex 6.900 11.400 5.000
      vertex 6.300 11.400 5.000
    endloop
  endfacet
endsolid grille:h5-1-02
solid grille:h5-1-03
  facet normal 0 0 1
    outer loop
      vertex 6.900 10.800 5.000
      vertex 7.500 10.800 5.000
      vertex 7.500 11.400 5.000
    endloop
  endfacet
  facet normal 0 0 1
    outer loop
      vertex 6.900 10.800 5.000
      vertex 7.500 11.400 5.000
      vertex 6.900 11.400 5.000
    endloop
  endfacet
endsolid grille:h5-1-03
solid grille:h5-1-04
  facet normal 0 0 1
    outer loop
      vertex 7.500 10.800 5.000
      vertex 8.100 10.800 5.000
      vertex 8.100 11.400 5.000
    endloop
  endfacet
  facet normal 0 0 1
    outer loop
      vertex 7.500 10.800 5.000
      vertex 8.100 11.400 5.000
      vertex 7.500 11.400 5.000
    endloop
  endfacet
endsolid grille:h5-1-04
solid grille:h5-1-05
  facet normal 0 0 1
    outer loop
      vertex 8.100 10.800 5.000
      vertex 8.700 10.800 5.000
      vertex 8.700 11.400 5.000
    endloop
  endfacet
  facet normal 0 0 1
    outer loop
      vertex 8.100 10.800 5.000
      vertex 8.700 11.400 5.000
      vertex 8.100 11.400 5.000
    endloop
  endfacet
endsolid grille:h5-1-05
solid grille:h5-1-06
  facet normal 0 0 1
    outer loop
      vertex 8.700 10.800 5.000
      vertex 9.300 10.800 5.000
      vertex 9.300 11.400 5.000
    endloop
  endfacet
  facet normal 0 0 1
    outer loop
      vertex 8.700 10.800 5.000
      vertex 9.300 11.400 5.000
      vertex 8.700 11.400 5.000
    endloop
  endfacet
endsolid grille:h5-1-06
solid grille:h5-1-07
  facet normal 0 0 1
    outer loop
      vertex 9.300 10.800 5.000
      vertex 9.900 10.800 5.000
      vertex 9.900 11.400 5.000
    endloop
  endfacet
  facet normal 0 0 1
    outer loop
      vertex 9.300 10.800 5.000
      vertex 9.900 11.400 5.000
      vertex 9.300 11.400 5.000
    endloop
  endfacet
endsolid grille:h5-1-07
solid grille:h5-1-08
  facet normal 0 0 1
    outer loop
      vertex 9.900 10.800 5.000
      vertex 10.500 10.800 5.000
      vertex 10.500 11.400 5.000
    endloop
  endfacet
  facet normal 0 0 1
    outer loop
      vertex 9.900 10.800 5.000
      vertex 10.500 11.400 5.000
      vertex 9.900 11.400 5.000
    endloop
  endfacet
endsolid grille:h5-1-08
solid grille:h5-1-09
  facet normal 0 0 1
    outer loop
      vertex 10.500 10.800 5.000
      vertex 11.100 10.800 5.000
      vertex 11.100 11.400 5.000
    endloop
  endfacet
  facet normal 0 0 1
    outer loop
      vertex 10.500 10.800 5.000
      vertex 11.100 11.400 5.000
      vertex 10.500 11.400 5.000
    endloop
  endfacet
endsolid grille:h5-1-09
solid grille:h5-1-10
  facet normal 0 0 1
    outer loop
      vertex 11.100 10.800 5.000
      vertex 11.700 10.800 5.000
      vertex 11.700 11.400 5.000
    endloop
  endfacet
  facet normal 0 0 1
    outer loop
      vertex 11.100 10.800 5.000
      vertex 11.700 11.400 5.000
      vertex 11.100 11.400 5.000
    endloop
  endfacet
endsolid grille:h5-1-10
solid grille:h5-1-11
  facet normal 0 0 1
    outer loop
      vertex 11.700 10.800 5.000
      vertex 12.300 10.800 5.000
      vertex 12.300 11.400 5.000
    endloop
  endfacet
  facet normal 0 0 1
    outer loop
      vertex 11.700 10.800 5.000
      vertex 12.300 11.400 5.000
      vertex 11.700 11.400 5.000
    endloop
  endfacet
endsolid grille:h5-1-11
solid grille:h5-1-12
  facet normal 0 0 1
    outer loop
      vertex 12.300 10.800 5.000
      vertex 12.900 10.800 5.000
      vertex 12.900 11.400 5.000
    endloop
  endfacet
  facet normal 0 0 1
    outer loop
      vertex 12.300 10.800 5.000
      vertex 12.900 11.400 5.000
      vertex 12.300 11.400 5.000
    endloop
  endfacet
endsolid grille:h5-1-12
solid grille:h5-1-13
  facet normal 0 0 1
    outer loop
      vertex 12.900 10.800 5.000
      vertex 13.500 10.800 5.000
      vertex 13.500 11.400 5.000
    endloop
  endfacet
  facet normal 0 0 1
    outer loop
      vertex 12.900 10.800 5.000
      vertex 13.500 11.400 5.000
      vertex 12.900 11.400 5.000
    endloop
  endfacet
endsolid grille:h5-1-13
solid grille:h5-1-14
  facet normal 0 0 1
    outer loop
      vertex 13.500 10.800 5.000
      vertex 14.100 10.800 5.000
      vertex 14.100 11.400 5.000
    endloop
  endfacet
  facet normal 0 0 1
    outer loop
      vertex 13.500 10.800 5.000
      vertex 14.100 11.400 5.000
      vertex 13.500 11.400 5.000
    endloop
  endfacet
endsolid grille:h5-1-14
solid grille:h5-1-15
  facet normal 0 0 1
    outer loop
      vertex 14.100 10.800 5.000
      vertex 14.700 10.800 5.000
      vertex 14.700 11.400 5.000
    endloop
  endfacet
  facet normal 0 0 1
    outer loop
      vertex 14.100 10.800 5.000
      vertex 14.700 11.400 5.000
      vertex 14.100 11.400 5.000
    endloop
  endfacet
endsolid grille:h5-1-15
solid grille:h5-1-16
  facet normal 0 0 1
    outer loop
      vertex 14.700 10.800 5.000
      vertex 15.300 10.800 5.000
      vertex 15.300 11.400 5.000
    endloop
  endfacet
  facet normal 0 0 1
    outer loop
      vertex 14.700 10.800 5.000
      vertex 15.300 11.400 5.000
      vertex 14.700 11.400 5.000
    endloop
  endfacet
endsolid grille:h5-1-16
solid grille:h5-1-17
  facet normal 0 0 1
    outer loop
      vertex 15.300 10.800 5.000
      vertex 15.900 10.800 5.000
      vertex 15.900 11.400 5.000
    endloop
  endfacet
  facet normal 0 0 1
    outer loop
      vertex 15.300 10.800 5.000
      vertex 15.900 11.400 5.000
      vertex 15.300 11.400 5.000
    endloop
  endfacet
endsolid grille:h5-1-17
solid grille:h5-1-18
  facet normal 0 0 1
    outer loop
      vertex 15.900 10.800 5.000
      vertex 16.500 10.800 5.000
      vertex 16.500 11.400 5.000
    endloop
  endfacet
  facet normal 0 0 1
    outer loop
      vertex 15.900 10.800 5.000
      vertex 16.500 11.400 5.000
      vertex 15.900 11.400 5.000
    endloop
  endfacet
endsolid grille:h5-1-18
solid grille:h5-1-19
  facet normal 0 0 1
    outer loop
      vertex 16.500 10.800 5.000
      vertex 17.100 10.800 5.000
      vertex 17.100 11.400 5.000
    endloop
  endfacet
  facet normal 0 0 1
    outer loop
      vertex 16.500 10.800 5.000
      vertex 17.100 11.400 5.000
      vertex 16.500 11.400 5.000
    endloop
  endfacet
endsolid grille:h5-1-19
solid grille:h5-2-01
  facet normal 0 0 1
    outer loop
      vertex 5.700 11.400 5.000
      vertex 6.300 11.400 5.000
      vertex 6.300 12.000 5.000
    endloop
  endfacet
  facet normal 0 0 1
    outer loop
      vertex 5.700 11.400 5.000
      vertex 6.300 12.000 5.000
      vertex 5.700 12.000 5.000
    endloop
  endfacet
endsolid grille:h5-2-01
solid grille:h5-2-02
  facet normal 0 0 1
    outer loop
      vertex 6.300 11.400 5.000
      vertex 6.900 11.400 5.000
      vertex 6.900 12.000 5.000
    endloop
  endfacet
  facet normal 0 0 1
    outer loop
      vertex 6.300 11.400 5.000
      vertex 6.900 12.000 5.000
      vertex 6.300 12.000 5.000
    endloop
  endfacet
endsolid grille:h5-2-02
solid grille:h5-2-03
  facet normal 0 0 1
    outer loop
      vertex 6.900 11.400 5.000
      vertex 7.500 11.400 5.000
      vertex 7.500 12.000 5.000
    endloop
  endfacet
  facet normal 0 0 1
    outer loop
      vertex 6.900 11.400 5.000
      vertex 7.500 12.000 5.000
      vertex 6.900 12.000 5.000
    endloop
  endfacet
endsolid grille:h5-2-03
solid grille:h5-2-04
  facet normal 0 0 1
    outer loop
      vertex 7.500 11.400 5.000
      vertex 8.100 11.400 5.000
      vertex 8.100 12.000 5.000
    endloop
  endfacet
  facet normal 0 0 1
    outer loop
      vertex 7.500 11.400 5.000
      vertex 8.100 12.000 5.000
      vertex 7.500 12.000 5.000
    endloop
  endfacet
endsolid grille:h5-2-04
solid grille:h5-2-05
  facet normal 0 0 1
    outer loop
      vertex 8.100 11.400 5.000
      vertex 8.700 11.400 5.000
      vertex 8.700 12.000 5.000
    endloop
  endfacet
  facet normal 0 0 1
    outer loop
      vertex 8.100 11.400 5.000
      vertex 8.700 12.000 5.000
      vertex 8.100 12.000 5.000
    endloop
  endfacet
endsolid grille:h5-2-05
solid grille:h5-2-06
  facet normal 0 0 1
    outer loop
      vertex 8.700 11.400 5.000
      vertex 9.300 11.400 5.000
      vertex 9.300 12.000 5.000
    endloop
  endfacet
  facet normal 0 0 1
    outer loop
      vertex 8.700 11.400 5.000
      vertex 9.300 12.000 5.000
      vertex 8.700 12.000 5.000
    endloop
  endfacet
endsolid grille:h5-2-06
solid grille:h5-2-07
  facet normal 0 0 1
    outer loop
      vertex 9.300 11.400 5.000
      vertex 9.900 11.400 5.000
      vertex 9.900 12.000 5.000
    endloop
  endfacet
  facet normal 0 0 1
    outer loop
      vertex 9.300 11.400 5.000
      vertex 9.900 12.000 5.000
      vertex 9.300 12.000 5.000
    endloop
  endfacet
endsolid grille:h5-2-07
solid grille:h5-2-08
  facet normal 0 0 1
    outer loop
      vertex 9.900 11.400 5.000
      vertex 10.500 11.400 5.000
      vertex 10.500 12.000 5.000
    endloop
  endfacet
  facet normal 0 0 1
    outer loop
      vertex 9.900 11.400 5.000
      vertex 10.500 12.000 5.000
      vertex 9.900 12.000 5.000
    endloop
  endfacet
endsolid grille:h5-2-08
solid grille:h5-2-09
  facet normal 0 0 1
    outer loop
      vertex 10.500 11.400 5.000
      vertex 11.100 11.400 5.000
      vertex 11.100 12.000 5.000
    endloop
  endfacet
  facet normal 0 0 1
    outer loop
      vertex 10.500 11.400 5.000
      vertex 11.100 12.000 5.000
      vertex 10.500 12.000 5.000
    endloop
  endfacet
endsolid grille:h5-2-09
solid grille:h5-2-10
  facet normal 0 0 1
    outer loop
      vertex 11.100 11.400 5.000
      vertex 11.700 11.400 5.000
      vertex 11.700 12.000 5.000
    endloop
  endfacet
  facet normal 0 0 1
    outer loop
      vertex 11.100 11.400 5.000
      vertex 11.700 12.000 5.000
      vertex 11.100 12.000 5.000
    endloop
  endfacet
endsolid grille:h5-2-10
solid grille:h5-2-11
  facet normal 0 0 1
    outer loop
      vertex 11.700 11.400 5.000
      vertex 12.300 11.400 5.000
      vertex 12.300 12.000 5.000
    endloop
  endfacet
  facet normal 0 0 1
    outer loop
      vertex 11.700 11.400 5.000
      vertex 12.300 12.000 5.000
      vertex 11.700 12.000 5.000
    endloop
  endfacet
endsolid grille:h5-2-11
solid grille:h5-2-12
  facet normal 0 0 1
    outer loop
      vertex 12.300 11.400 5.000
      vertex 12.900 11.400 5.000
      vertex 12.900 12.000 5.000
    endloop
  endfacet
  facet normal 0 0 1
    outer loop
      vertex 12.300 11.400 5.000
      vertex 12.900 12.000 5.000
      vertex 12.300 12.000 5.000
    endloop
  endfacet
endsolid grille:h5-2-12
solid grille:h5-2-13
  facet normal 0 0 1
    outer loop
      vertex 12.900 11.400 5.000
      vertex 13.500 11.400 5.000
      vertex 13.500 12.000 5.000
    endloop
  endfacet
  facet normal 0 0 1
    outer loop
      vertex 12.900 11.400 5.000
      vertex 13.500 12.000 5.000
      vertex 12.900 12.000 5.000
    endloop
  endfacet
endsolid grille:h5-2-13
solid grille:h5-2-14
  facet normal 0 0 1
    outer loop
      vertex 13.500 11.400 5.000
      vertex 14.100 11.400 5.000
      vertex 14.100 12.000 5.000
    endloop
  endfacet
  facet normal 0 0 1
    outer loop
      vertex 13.500 11.400 5.000
      vertex 14.100 12.000 5.000
      vertex 13.500 12.000 5.000
    endloop
  endfacet
endsolid grille:h5-2-14
solid grille:h5-2-15
  facet normal 0 0 1
    outer loop
      vertex 14.100 11.400 5.000
      vertex 14.700 11.400 5.000
      vertex 14.700 12.000 5.000
    endloop
  endfacet
  facet normal 0 0 1
    outer loop
      vertex 14.100 11.400 5.000
      vertex 14.700 12.000 5.000
      vertex 14.100 12.000 5.000
    endloop
  endfacet
endsolid grille:h5-2-15
solid grille:h5-2-16
  facet normal 0 0 1
    outer loop
      vertex 14.700 11.400 5.000
      vertex 15.300 11.400 5.000
      vertex 15.300 12.000 5.000
    endloop
  endfacet
  facet normal 0 0 1
    outer loop
      vertex 14.700 11.400 5.000
      vertex 15.300 12.000 5.000
      vertex 14.700 12.000 5.000
    endloop
  endfacet
endsolid grille:h5-2-16
solid grille:h5-2-17
  facet normal 0 0 1
    outer loop
      vertex 15.300 11.400 5.000
      vertex 15.900 11.400 5.000
      vertex 15.900 12.000 5.000
    endloop
  endfacet
  facet normal 0 0 1
    outer loop
      vertex 15.300 11.400 5.000
      vertex 15.900 12.000 5.000
      vertex 15.300 12.000 5.000
    endloop
  endfacet
endsolid grille:h5-2-17
solid grille:h5-2-18
  facet normal 0 0 1
    outer loop
      vertex 15.900 11.400 5.000
      vertex 16.500 11.400 5.000
      vertex 16.500 12.000 5.000
    endloop
  endfacet
  facet normal 0 0 1
    outer loop
      vertex 15.900 11.400 5.000
      vertex 16.500 12.000 5.000
      vertex 15.900 12.000 5.000
    endloop
  endfacet
endsolid grille:h5-2-18
solid grille:h5-2-19
  facet normal 0 0 1
    outer loop
      vertex 16.500 11.400 5.000
      vertex 17.100 11.400 5.000
      vertex 17.100 12.000 5.000
    endloop
  endfacet
  facet normal 0 0 1
    outer loop
      vertex 16.500 11.400 5.000
      vertex 17.100 12.000 5.000
      vertex 16.500 12.000 5.000
    endloop
  endfacet
endsolid grille:h5-2-19
solid grille:h6-1-01
  facet normal 0 0 1
    outer loop
      vertex 5.400 6.000 5.000
      vertex 6.000 6.000 5.000
      vertex 6.000 6.600 5.000
    endloop
  endfacet
  facet normal 0 0 1
    outer loop
      vertex 5.400 6.000 5.000
      vertex 6.000 6.600 5.000
      vertex 5.400 6.600 5.000
    endloop
  endfacet
endsolid grille:h6-1-01
solid grille:h6-1-02
  facet normal 0 0 1
    outer loop
      vertex 6.000 6.000 5.000
      vertex 6.600 6.000 5.000
      vertex 6.600 6.600 5.000
    endloop
  endfacet
  facet normal 0 0 1
    outer loop
      vertex 6.000 6.000 5.000
      vertex 6.600 6.600 5.000
      vertex 6.000 6.600 5.000
    endloop
  endfacet
endsolid grille:h6-1-02
solid grille:h6-1-03
  facet normal 0 0 1
    outer loop
      vertex 6.600 6.000 5.000
      vertex 7.200 6.000 5.000
      vertex 7.200 6.600 5.000
    endloop
  endfacet
  facet normal 0 0 1
    outer loop
      vertex 6.600 6.000 5.000
      vertex 7.200 6.600 5.000
      vertex 6.600 6.600 5.000
    endloop
  endfacet
endsolid grille:h6-1-03
solid grille:h6-1-04
  facet normal 0 0 1
    outer loop
      vertex 7.200 6.000 5.000
      vertex 7.800 6.000 5.000
      vertex 7.800 6.600 5.000
    endloop
  endfacet
  facet normal 0 0 1
    outer loop
      vertex 7.200 6.000 5.000
      vertex 7.800 6.600 5.000
      vertex 7.200 6.600 5.000
    endloop
  endfacet
endsolid grille:h6-1-04
solid grille:h6-1-05
  facet normal 0 0 1
    outer loop
      vertex 7.800 6.000 5.000
      vertex 8.400 6.000 5.000
      vertex 8.400 6.600 5.000
    endloop
  endfacet
  facet normal 0 0 1
    outer loop
      vertex 7.800 6.000 5.000
      vertex 8.400 6.600 5.000
      vertex 7.800 6.600 5.000
    endloop
  endfacet
endsolid grille:h6-1-05
solid grille:h6-1-06
  facet normal 0 0 1
    outer loop
      vertex 8.400 6.000 5.000
      vertex 9.000 6.000 5.000
      vertex 9.000 6.600 5.000
    endloop
  endfacet
  facet normal 0 0 1
    outer loop
      vertex 8.400 6.000 5.000
      vertex 9.000 6.600 5.000
      vertex 8.400 6.600 5.000
    endloop
  endfacet
endsolid grille:h6-1-06
solid grille:h6-1-07
  facet normal 0 0 1
    outer loop
      vertex 9.000 6.000 5.000
      vertex 9.600 6.000 5.000
      vertex 9.600 6.600 5.000
    endloop
  endfacet
  facet normal 0 0 1
    outer loop
      vertex 9.000 6.000 5.000
      vertex 9.600 6.600 5.000
      vertex 9.000 6.600 5.000
    endloop
  endfacet
endsolid grille:h6-1-07
solid grille:h6-1-08
  facet normal 0 0 1
    outer loop
      vertex 9.600 6.000 5.000
      vertex 10.200 6.000 5.000
      vertex 10.200 6.600 5.000
    endloop
  endfacet
  facet normal 0 0 1
    outer loop
      vertex 9.600 6.000 5.000
      vertex 10.200 6.600 5.000
      vertex 9.600 6.600 5.000
    endloop
  endfacet
endsolid grille:h6-1-08
solid grille:h6-1-09
  facet normal 0 0 1
    outer loop
      vertex 10.200 6.000 5.000
      vertex 10.800 6.000 5.000
      vertex 10.800 6.600 5.000
    endloop
  endfacet
  facet normal 0 0 1
    outer loop
      vertex 10.200 6.000 5.000
      vertex 10.800 6.600 5.000
      vertex 10.200 6.600 5.000
    endloop
  endfacet
endsolid grille:h6-1-09
solid grille:h6-1-10
  facet normal 0 0 1
    outer loop
      vertex 10.800 6.000 5.000
      vertex 11.400 6.000 5.000
      vertex 11.400 6.600 5.000
    endloop
  endfacet
  facet normal 0 0 1
    outer loop
      vertex 10.800 6.000 5.000
      vertex 11.400 6.600 5.000
      vertex 10.800 6.600 5.000
    endloop
  endfacet
endsolid grille:h6-1-10
solid grille:h6-1-11
  facet normal 0 0 1
    outer loop
      vertex 11.400 6.000 5.000
      vertex 12.000 6.000 5.000
      vertex 12.000 6.600 5.000
    endloop
  endfacet
  facet normal 0 0 1
    outer loop
      vertex 11.400 6.000 5.000
      vertex 12.000 6.600 5.000
      vertex 11.400 6.600 5.000
    endloop
  endfacet
endsolid grille:h6-1-11
solid grille:h6-1-12
  facet normal 0 0 1
    outer loop
      vertex 12.000 6.000 5.000
      vertex 12.600 6.000 5.000
      vertex 12.600 6.600 5.000
    endloop
  endfacet
  facet normal 0 0 1
    outer loop
      vertex 12.000 6.000 5.000
      vertex 12.600 6.600 5.000
      vertex 12.000 6.600 5.000
    endloop
  endfacet
endsolid grille:h6-1-12
solid grille:h6-1-13
  facet normal 0 0 1
    outer loop
      vertex 12.600 6.000 5.000
      vertex 13.200 6.000 5.000
      vertex 13.200 6.600 5.000
    endloop
  endfacet
  facet normal 0 0 1
    outer loop
      vertex 12.600 6.000 5.000
      vertex 13.200 6.600 5.000
      vertex 12.600 6.600 5.000
    endloop
  endfacet
endsolid grille:h6-1-13
solid grille:h6-1-14
  facet normal 0 0 1
    outer loop
      vertex 13.200 6.000 5.000
      vertex 13.800 6.000 5.000
      vertex 13.800 6.600 5.000
    endloop
  endfacet
  facet normal 0 0 1
    outer loop
      vertex 13.200 6.000 5.000
      vertex 13.800 6.600 5.000
      vertex 13.200 6.600 5.000
    endloop
  endfacet
endsolid grille:h6-1-14
solid grille:h6-1-15
  facet normal 0 0 1
    outer loop
      vertex 13.800 6.000 5.000
      vertex 14.400 6.000 5.000
      vertex 14.400 6.600 5.000
    endloop
  endfacet
  facet normal 0 0 1
    outer loop
      vertex 13.800 6.000 5.000
      vertex 14.400 6.600 5.000
      vertex 13.800 6.600 5.000
    endloop
  endfacet
endsolid grille:h6-1-15
solid grille:h6-1-16
  facet normal 0 0 1
    outer loop
      vertex 14.400 6.000 5.000
      vertex 15.000 6.000 5.000
      vertex 15.000 6.600 5.000
    endloop
  endfacet
  facet normal 0 0 1
    outer loop
      vertex 14.400 6.000 5.000
      vertex 15.000 6.600 5.000
      vertex 14.400 6.600 5.000
    endloop
  endfacet
endsolid grille:h6-1-16
solid grille:h6-1-17
  facet normal 0 0 1
    outer loop
      vertex 15.000 6.000 5.000
      vertex 15.600 6.000 5.000
      vertex 15.600 6.600 5.000
    endloop
  endfacet
  facet normal 0 0 1
    outer loop
      vertex 15.000 6.000 5.000
      vertex 15.600 6.600 5.000
      vertex 15.000 6.600 5.000
    endloop
  endfacet
endsolid grille:h6-1-17
solid grille:h6-1-18
  facet normal 0 0 1
    outer loop
      vertex 15.600 6.000 5.000
      vertex 16.200 6.000 5.000
      vertex 16.200 6.600 5.000
    endloop
  endfacet
  facet normal 0 0 1
    outer loop
      vertex 15.600 6.000 5.000
      vertex 16.200 6.600 5.000
      vertex 15.600 6.600 5.000
    endloop
  endfacet
endsolid grille:h6-1-18
solid grille:h6-1-19
  facet normal 0 0 1
    outer loop
      vertex 16.200 6.000 5.000
      vertex 16.800 6.000 5.000
      vertex 16.800 6.600 5.000
    endloop
  endfacet
  facet normal 0 0 1
    outer loop
      vertex 16.200 6.000 5.000
      vertex 16.800 6.600 5.000
      vertex 16.200 6.600 5.000
    endloop
  endfacet
endsolid grille:h6-1-19
solid grille:h6-2-01
  facet normal 0 0 1
    outer loop
      vertex 5.400 5.400 5.000
      vertex 6.000 5.400 5.000
      vertex 6.000 6.000 5.000
    endloop
  endfacet
  facet normal 0 0 1
    outer loop
      vertex 5.400 5.400 5.000
      vertex 6.000 6.000 5.000
      vertex 5.400 6.000 5.000
    endloop
  endfacet
endsolid grille:h6-2-01
solid grille:h6-2-02
  facet normal 0 0 1
    outer loop
      vertex 6.000 5.400 5.000
      vertex 6.600 5.400 5.000
      vertex 6.600 6.000 5.000
    endloop
  endfacet
  facet normal 0 0 1
    outer loop
      vertex 6.000 5.400 5.000
      vertex 6.600 6.000 5.000
      vertex 6.000 6.000 5.000
    endloop
  endfacet
endsolid grille:h6-2-02
solid grille:h6-2-03
  facet normal 0 0 1
    outer loop
      vertex 6.600 5.400 5.000
      vertex 7.200 5.400 5.000
      vertex 7.200 6.000 5.000
    endloop
  endfacet
  facet normal 0 0 1
    outer loop
      vertex 6.600 5.400 5.000
      vertex 7.200 6.000 5.000
      vertex 6.600 6.000 5.000
    endloop
  endfacet
endsolid grille:h6-2-03
solid grille:h6-2-04
  facet normal 0 0 1
    outer loop
      vertex 7.200 5.400 5.000
      vertex 7.800 5.400 5.000
      vertex 7.800 6.000 5.000
    endloop
  endfacet
  facet normal 0 0 1
    outer loop
      vertex 7.200 5.400 5.000
      vertex 7.800 6.000 5.000
      vertex 7.200 6.000 5.000
    endloop
  endfacet
endsolid grille:h6-2-04
solid grille:h6-2-05
  facet normal 0 0 1
    outer loop
      vertex 7.800 5.400 5.000
      vertex 8.400 5.400 5.000
      vertex 8.400 6.000 5.000
    endloop
  endfacet
  facet normal 0 0 1
    outer loop
      vertex 7.800 5.400 5.000
      vertex 8.400 6.000 5.000
      vertex 7.800 6.000 5.000
    endloop
  endfacet
endsolid grille:h6-2-05
solid grille:h6-2-06
  facet normal 0 0 1
    outer loop
      vertex 8.400 5.400 5.000
      vertex 9.000 5.400 5.000
      vertex 9.000 6.000 5.000
    endloop
  endfacet
  facet normal 0 0 1
    outer loop
      vertex 8.400 5.400 5.000
      vertex 9.000 6.000 5.000
      vertex 8.400 6.000 5.000
    endloop
  endfacet
endsolid grille:h6-2-06
solid grille:h6-2-07
  facet normal 0 0 1
    outer loop
      vertex 9.000 5.400 5.000
      vertex 9.600 5.400 5.000
      vertex 9.600 6.000 5.000
    endloop
  endfacet
  facet normal 0 0 1
    outer loop
      vertex 9.000 5.400 5.000
      vertex 9.600 6.000 5.000
      vertex 9.000 6.000 5.000
    endloop
  endfacet
endsolid grille:h6-2-07
solid grille:h6-2-08
  facet normal 0 0 1
    outer loop
      vertex 9.600 5.400 5.000
      vertex 10.200 5.400 5.000
      vertex 10.200 6.000 5.000
    endloop
  endfacet
  facet normal 0 0 1
    outer loop
      vertex 9.600 5.400 5.000
      vertex 10.200 6.000 5.000
      vertex 9.600 6.000 5.000
    endloop
  endfacet
endsolid grille:h6-2-08
solid grille:h6-2-09
  facet normal 0 0 1
    outer loop
      vertex 10.200 5.400 5.000
      vertex 10.800 5.400 5.000
      vertex 10.800 6.000 5.000
    endloop
  endfacet
  facet normal 0 0 1
    outer loop
      vertex 10.200 5.400 5.000
      vertex 10.800 6.000 5.000
      vertex 10.200 6.000 5.000
    endloop
  endfacet
endsolid grille:h6-2-09
solid grille:h6-2-10
  facet normal 0 0 1
    outer loop
      vertex 10.800 5.400 5.000
      vertex 11.400 5.400 5.000
      vertex 11.400 6.000 5.000
    endloop
  endfacet
  facet normal 0 0 1
    outer loop
      vertex 10.800 5.400 5.000
      vertex 11.400 6.000 5.000
      vertex 10.800 6.000 5.000
    endloop
  endfacet
endsolid grille:h6-2-10
solid grille:h6-2-11
  facet normal 0 0 1
    outer loop
      vertex 11.400 5.400 5.000
      vertex 12.000 5.400 5.000
      vertex 12.000 6.000 5.000
    endloop
  endfacet
  facet normal 0 0 1
    outer loop
      vertex 11.400 5.400 5.000
      vertex 12.000 6.000 5.000
      vertex 11.400 6.000 5.000
    endloop
  endfacet
endsolid grille:h6-2-11
solid grille:h6-2-12
  facet normal 0 0 1
    outer loop
      vertex 12.000 5.400 5.000
      vertex 12.600 5.400 5.000
      vertex 12.600 6.000 5.000
    endloop
  endfacet
  facet normal 0 0 1
    outer loop
      vertex 12.000 5.400 5.000
      vertex 12.600 6.000 5.000
      vertex 12.000 6.000 5.000
    endloop
  endfacet
endsolid grille:h6-2-12
solid grille:h6-2-13
  facet normal 0 0 1
    outer loop
      vertex 12.600 5.400 5.000
      vertex 13.200 5.400 5.000
      vertex 13.200 6.000 5.000
    endloop
  endfacet
  facet normal 0 0 1
    outer loop
      vertex 12.600 5.400 5.000
      vertex 13.200 6.000 5.000
      vertex 12.600 6.000 5.000
    endloop
  endfacet
endsolid grille:h6-2-13
solid grille:h6-2-14
  facet normal 0 0 1
    outer loop
      vertex 13.200 5.400 5.000
      vertex 13.800 5.400 5.000
      vertex 13.800 6.000 5.000
    endloop
  endfacet
  facet normal 0 0 1
    outer loop
      vertex 13.200 5.400 5.000
      vertex 13.800 6.000 5.000
      vertex 13.200 6.000 5.000
    endloop
  endfacet
endsolid grille:h6-2-14
solid grille:h6-2-15
  facet normal 0 0 1
    outer loop
      vertex 13.800 5.400 5.000
      vertex 14.400 5.400 5.000
      vertex 14.400 6.000 5.000
    endloop
  endfacet
  facet normal 0 0 1
    outer loop
      vertex 13.800 5.400 5.000
      vertex 14.400 6.000 5.000
      vertex 13.800 6.000 5.000
    endloop
  endfacet
endsolid grille:h6-2-15
solid grille:h6-2-16
  facet normal 0 0 1
    outer loop
      vertex 14.400 5.400 5.000
      vertex 15.000 5.400 5.000
      vertex 15.000 6.000 5.000
    endloop
  endfacet
  facet normal 0 0 1
    outer loop
      vertex 14.400 5.400 5.000
      vertex 15.000 6.000 5.000
      vertex 14.400 6.000 5.000
    endloop
  endfacet
endsolid grille:h6-2-16
solid grille:h6-2-17
  facet normal 0 0 1
    outer loop
      vertex 15.000 5.400 5.000
      vertex 15.600 5.400 5.000
      vertex 15.600 6.000 5.000
    endloop
  endfacet
  facet normal 0 0 1
    outer loop
      vertex 15.000 5.400 5.000
      vertex 15.600 6.000 5.000
      vertex 15.000 6.000 5.000
    endloop
  endfacet
endsolid grille:h6-2-17
solid grille:h6-2-18
  facet normal 0 0 1
    outer loop
      vertex 15.600 5.400 5.000
      vertex 16.200 5.400 5.000
      vertex 16.200 6.000 5.000
    endloop
  endfacet
  facet normal 0 0 1
    outer loop
      vertex 15.600 5.400 5.000
      vertex 16.200 6.000 5.000
      vertex 15.600 6.000 5.000
    endloop
  endfacet
endsolid grille:h6-2-18
solid grille:h6-2-19
  facet normal 0 0 1
    outer loop
      vertex 16.200 5.400 5.000
      vertex 16.800 5.400 5.000
      vertex 16.800 6.000 5.000
    endloop
  endfacet
  facet normal 0 0 1
    outer loop
      vertex 16.200 5.400 5.000
      vertex 16.800 6.000 5.000
      vertex 16.200 6.000 5.000
    endloop
  endfacet
endsolid grille:h6-2-19
solid grille:h7-1-01
  facet normal 0 0 1
    outer loop
      vertex 5.700 0.600 5.000
      vertex 6.300 0.600 5.000
      vertex 6.300 1.200 5.000
    endloop
  endfacet
  facet normal 0 0 1
    outer loop
      vertex 5.700 0.600 5.000
      vertex 6.300 1.200 5.000
      vertex 5.700 1.200 5.000
    endloop
  endfacet
endsolid grille:h7-1-01
solid grille:h7-1-02
  facet normal 0 0 1
    outer loop
      vertex 6.300 0.600 5.000
      vertex 6.900 0.600 5.000
      vertex 6.900 1.200 5.000
    endloop
  endfacet
  facet normal 0 0 1
    outer loop
      vertex 6.300 0.600 5.000
      vertex 6.900 1.200 5.000
      vertex 6.300 1.200 5.000
    endloop
  endfacet
endsolid grille:h7-1-02
solid grille:h7-1-03
  facet normal 0 0 1
    outer loop
      vertex 6.900 0.600 5.000
      vertex 7.500 0.600 5.000
      vertex 7.500 1.200 5.000
    endloop
  endfacet
  facet normal 0 0 1
    outer loop
      vertex 6.900 0.600 5.000
      vertex 7.500 1.200 5.000
      vertex 6.900 1.200 5.000
    endloop
  endfacet
endsolid grille:h7-1-03
solid grille:h7-1-04
  facet normal 0 0 1
    outer loop
      vertex 7.500 0.600 5.000
      vertex 8.100 0.600 5.000
      vertex 8.100 1.200 5.000
    endloop
  endfacet
  facet normal 0 0 1
    outer loop
      vertex 7.500 0.600 5.000
      vertex 8.100 1.200 5.000
      vertex 7.500 1.200 5.000
    endloop
  endfacet
endsolid grille:h7-1-04
solid grille:h7-1-05
  facet normal 0 0 1
    outer loop
      vertex 8.100 0.600 5.000
      vertex 8.700 0.600 5.000
      vertex 8.700 1.200 5.000
    endloop
  endfacet
  facet normal 0 0 1
    outer loop
      vertex 8.100 0.600 5.000
      vertex 8.700 1.200 5.000
      vertex 8.100 1.200 5.000
    endloop
  endfacet
endsolid grille:h7-1-05
solid grille:h7-1-06
  facet normal 0 0 1
    outer loop
      vertex 8.700 0.600 5.000
      vertex 9.300 0.600 5.000
      vertex 9.300 1.200 5.000
    endloop
  endfacet
  facet normal 0 0 1
    outer loop
      vertex 8.700 0.600 5.000
      vertex 9.300 1.200 5.000
      vertex 8.700 1.200 5.000
    endloop
  endfacet
endsolid grille:h7-1-06
solid grille:h7-1-07
  facet normal 0 0 1
    outer loop
      vertex 9.300 0.600 5.000
      vertex 9.900 0.600 5.000
      vertex 9.900 1.200 5.000
    endloop
  endfacet
  facet normal 0 0 1
    outer loop
      vertex 9.300 0.600 5.000
      vertex 9.900 1.200 5.000
      vertex 9.300 1.200 5.000
    endloop
  endfacet
endsolid grille:h7-1-07
solid grille:h7-1-08
  facet normal 0 0 1
    outer loop
      vertex 9.900 0.600 5.000
      vertex 10.500 0.600 5.000
      vertex 10.500 1.200 5.000
    endloop
  endfacet
  facet normal 0 0 1
    outer loop
      vertex 9.900 0.600 5.000
      vertex 10.500 1.200 5.000
      vertex 9.900 1.200 5.000
    endloop
  endfacet
endsolid grille:h7-1-08
solid grille:h7-1-09
  facet normal 0 0 1
    outer loop
      vertex 10.500 0.600 5.000
      vertex 11.100 0.600 5.000
      vertex 11.100 1.200 5.000
    endloop
  endfacet
  facet normal 0 0 1
    outer loop
      vertex 10.500 0.600 5.000
      vertex 11.100 1.200 5.000
      vertex 10.500 1.200 5.000
    endloop
  endfacet
endsolid grille:h7-1-09
solid grille:h7-1-10
  facet normal 0 0 1
    outer loop
      vertex 11.100 0.600 5.000
      vertex 11.700 0.600 5.000
      vertex 11.700 1.200 5.000
    endloop
  endfacet
  facet normal 0 0 1
    outer loop
      vertex 11.100 0.600 5.000
      vertex 11.700 1.200 5.000
      vertex 11.100 1.200 5.000
    endloop
  endfacet
endsolid grille:h7-1-10
solid grille:h7-1-11
  facet normal 0 0 1
    outer loop
      vertex 11.700 0.600 5.000
      vertex 12.300 0.600 5.000
      vertex 12.300 1.200 5.000
    endloop
  endfacet
  facet normal 0 0 1
    outer loop
      vertex 11.700 0.600 5.000
      vertex 12.300 1.200 5.000
      vertex 11.700 1.200 5.000
    endloop
  endfacet
endsolid grille:h7-1-11
solid grille:h7-1-12
  facet normal 0 0 1
    outer loop
      vertex 12.300 0.600 5.000
      vertex 12.900 0.600 5.000
      vertex 12.900 1.200 5.000
    endloop
  endfacet
  facet normal 0 0 1
    outer loop
      vertex 12.300 0.600 5.000
      vertex 12.900 1.200 5.000
      vertex 12.300 1.200 5.000
    endloop
  endfacet
endsolid grille:h7-1-12
solid grille:h7-1-13
  facet normal 0 0 1
    outer loop
      vertex 12.900 0.600 5.000
      vertex 13.500 0.600 5.000
      vertex 13.500 1.200 5.000
    endloop
  endfacet
  facet normal 0 0 1
    outer loop
      vertex 12.900 0.600 5.000
      vertex 13.500 1.200 5.000
      vertex 12.900 1.200 5.000
    endloop
  endfacet
endsolid grille:h7-1-13
solid grille:h7-1-14
  facet normal 0 0 1
    outer loop
      vertex 13.500 0.600 5.000
      vertex 14.100 0.600 5.000
      vertex 14.100 1.200 5.000
    endloop
  endfacet
  facet normal 0 0 1
    outer loop
      vertex 13.500 0.600 5.000
      vertex 14.100 1.200 5.000
      vertex 13.500 1.200 5.000
    endloop
  endfacet
endsolid grille:h7-1-14
solid grille:h7-1-15
  facet normal 0 0 1
    outer loop
      vertex 14.100 0.600 5.000
      vertex 14.700 0.600 5.000
      vertex 14.700 1.200 5.000
    endloop
  endfacet
  facet normal 0 0 1
    outer loop
      vertex 14.100 0.600 5.000
      vertex 14.700 1.200 5.000
      vertex 14.100 1.200 5.000
    endloop
  endfacet
endsolid grille:h7-1-15
solid grille:h7-1-16
  facet normal 0 0 1
    outer loop
      vertex 14.700 0.600 5.000
      vertex 15.300 0.600 5.000
      vertex 15.300 1.200 5.000
    endloop
  endfacet
  facet normal 0 0 1
    outer loop
      vertex 14.700 0.600 5.000
      vertex 15.300 1.200 5.000
      vertex 14.700 1.200 5.000
    endloop
  endfacet
endsolid grille:h7-1-16
solid grille:h7-1-17
  facet normal 0 0 1
    outer loop
      vertex 15.300 0.600 5.000
      vertex 15.900 0.600 5.000
      vertex 15.900 1.200 5.000
    endloop
  endfacet
  facet normal 0 0 1
    outer loop
      vertex 15.300 0.600 5.000
      vertex 15.900 1.200 5.000
      vertex 15.300 1.200 5.000
    endloop
  endfacet
endsolid grille:h7-1-17
solid grille:h7-1-18
  facet normal 0 0 1
    outer loop
      vertex 15.900 0.600 5.000
      vertex 16.500 0.600 5.000
      vertex 16.500 1.200 5.000
    endloop
  endfacet
  facet normal 0 0 1
    outer loop
      vertex 15.900 0.600 5.000
      vertex 16.500 1.200 5.000
      vertex 15.900 1.200 5.000
    endloop
  endfacet
endsolid grille:h7-1-18
solid grille:h7-1-19
  facet normal 0 0 1
    outer loop
      vertex 16.500 0.600 5.000
      vertex 17.100 0.600 5.000
      vertex 17.100 1.200 5.000
    endloop
  endfacet
  facet normal 0 0 1
    outer loop
      vertex 16.500 0.600 5.000
      vertex 17.100 1.200 5.000
      vertex 16.500 1.200 5.000
    endloop
  endfacet
endsolid grille:h7-1-19
solid grille:h7-2-01
  facet normal 0 0 1
    outer loop
      vertex 5.700 0.000 5.000
      vertex 6.300 0.000 5.000
      vertex 6.300 0.600 5.000
    endloop
  endfacet
  facet normal 0 0 1
    outer loop
      vertex 5.700 0.000 5.000
      vertex 6.300 0.600 5.000
      vertex 5.700 0.600 5.000
    endloop
  endfacet
endsolid grille:h7-2-01
solid grille:h7-2-02
  facet normal 0 0 1
    outer loop
      vertex 6.300 0.000 5.000
      vertex 6.900 0.000 5.000
      vertex 6.900 0.600 5.000
    endloop
  endfacet
  facet normal 0 0 1
    outer loop
      vertex 6.300 0.000 5.000
      vertex 6.900 0.600 5.000
      vertex 6.300 0.600 5.000
    endloop
  endfacet
endsolid grille:h7-2-02
solid grille:h7-2-03
  facet normal 0 0 1
    outer loop
      vertex 6.900 0.000 5.000
      vertex 7.500 0.000 5.000
      vertex 7.500 0.600 5.000
    endloop
  endfacet
  facet normal 0 0 1
    outer loop
      vertex 6.900 0.000 5.000
      vertex 7.500 0.600 5.000
      vertex 6.900 0.600 5.000
    endloop
  endfacet
endsolid grille:h7-2-03
solid grille:h7-2-04
  facet normal 0 0 1
    outer loop
      vertex 7.500 0.000 5.000
      vertex 8.100 0.000 5.000
      vertex 8.100 0.600 5.000
    endloop
  endfacet
  facet normal 0 0 1
    outer loop
      vertex 7.500 0.000 5.000
      vertex 8.100 0.600 5.000
      vertex 7.500 0.600 5.000
    endloop
  endfacet
endsolid grille:h7-2-04
solid grille:h7-2-05
  facet normal 0 0 1
    outer loop
      vertex 8.100 0.000 5.000
      vertex 8.700 0.000 5.000
      vertex 8.700 0.600 5.000
    endloop
  endfacet
  facet normal 0 0 1
    outer loop
      vertex 8.100 0.000 5.000
      vertex 8.700 0.600 5.000
      vertex 8.100 0.600 5.000
    endloop
  endfacet
endsolid grille:h7-2-05
solid grille:h7-2-06
  facet normal 0 0 1
    outer loop
      vertex 8.700 0.000 5.000
      vertex 9.300 0.000 5.000
      vertex 9.300 0.600 5.000
    endloop
  endfacet
  facet normal 0 0 1
    outer loop
      vertex 8.700 0.000 5.000
      vertex 9.300 0.600 5.000
      vertex 8.700 0.600 5.000
    endloop
  endfacet
endsolid grille:h7-2-06
solid grille:h7-2-07
  facet normal 0 0 1
    outer loop
      vertex 9.300 0.000 5.000
      vertex 9.900 0.000 5.000
      vertex 9.900 0.600 5.000
    endloop
  endfacet
  facet normal 0 0 1
    outer loop
      vertex 9.300 0.000 5.000
      vertex 9.900 0.600 5.000
      vertex 9.300 0.600 5.000
    endloop
  endfacet
endsolid grille:h7-2-07
solid grille:h7-2-08
  facet normal 0 0 1
    outer loop
      vertex 9.900 0.000 5.000
      vertex 10.500 0.000 5.000
      vertex 10.500 0.600 5.000
    endloop
  endfacet
  facet normal 0 0 1
    outer loop
      vertex 9.900 0.000 5.000
      vertex 10.500 0.600 5.000
      vertex 9.900 0.600 5.000
    endloop
  endfacet
endsolid grille:h7-2-08
solid grille:h7-2-09
  facet normal 0 0 1
    outer loop
      vertex 10.500 0.000 5.000
      vertex 11.100 0.000 5.000
      vertex 11.100 0.600 5.000
    endloop
  endfacet
  facet normal 0 0 1
    outer loop
      vertex 10.500 0.000 5.000
      vertex 11.100 0.600 5.000
      vertex 10.500 0.600 5.000
    endloop
  endfacet
endsolid grille:h7-2-09
solid grille:h7-2-10
  facet normal 0 0 1
    outer loop
      vertex 11.100 0.000 5.000
      vertex 11.700 0.000 5.000
      vertex 11.700 0.600 5.000
    endloop
  endfacet
  facet normal 0 0 1
    outer loop
      vertex 11.100 0.000 5.000
      vertex 11.700 0.600 5.000
      vertex 11.100 0.600 5.000
    endloop
  endfacet
endsolid grille:h7-2-10
solid grille:h7-2-11
  facet normal 0 0 1
    outer loop
      vertex 11.700 0.000 5.000
      vertex 12.300 0.000 5.000
      vertex 12.300 0.600 5.000
    endloop
  endfacet
  facet normal 0 0 1
    outer loop
      vertex 11.700 0.000 5.000
      vertex 12.300 0.600 5.000
      vertex 11.700 0.600 5.000
    endloop
  endfacet
endsolid grille:h7-2-11
solid grille:h7-2-12
  facet normal 0 0 1
    outer loop
      vertex 12.300 0.000 5.000
      vertex 12.900 0.000 5.000
      vertex 12.900 0.600 5.000
    endloop
  endfacet
  facet normal 0 0 1
    outer loop
      vertex 12.300 0.000 5.000
      vertex 12.900 0.600 5.000
      vertex 12.300 0.600 5.000
    endloop
  endfacet
endsolid grille:h7-2-12
solid grille:h7-2-13
  facet normal 0 0 1
    outer loop
      vertex 12.900 0.000 5.000
      vertex 13.500 0.000 5.000
      vertex 13.500 0.600 5.000
    endloop
  endfacet
  facet normal 0 0 1
    outer loop
      vertex 12.900 0.000 5.000
      vertex 13.500 0.600 5.000
      vertex 12.900 0.600 5.000
    endloop
  endfacet
endsolid grille:h7-2-13
solid grille:h7-2-14
  facet normal 0 0 1
    outer loop
      vertex 13.500 0.000 5.000
      vertex 14.100 0.000 5.000
      vertex 14.100 0.600 5.000
    endloop
  endfacet
  facet normal 0 0 1
    outer loop
      vertex 13.500 0.000 5.000
      vertex 14.100 0.600 5.000
      vertex 13.500 0.600 5.000
    endloop
  endfacet
endsolid grille:h7-2-14
solid grille:h7-2-15
  facet normal 0 0 1
    outer loop
      vertex 14.100 0.000 5.000
      vertex 14.700 0.000 5.000
      vertex 14.700 0.600 5.000
    endloop
  endfacet
  facet normal 0 0 1
    outer loop
      vertex 14.100 0.000 5.000
      vertex 14.700 0.600 5.000
      vertex 14.100 0.600 5.000
    endloop
  endfacet
endsolid grille:h7-2-15
solid grille:h7-2-16
  facet normal 0 0 1
    outer loop
      vertex 14.700 0.000 5.000
      vertex 15.300 0.000 5.000
      vertex 15.300 0.600 5.000
    endloop
  endfacet
  facet normal 0 0 1
    outer loop
      vertex 14.700 0.000 5.000
      vertex 15.300 0.600 5.000
      vertex 14.700 0.600 5.000
    endloop
  endfacet
endsolid grille:h7-2-16
solid grille:h7-2-17
  facet normal 0 0 1
    outer loop
      vertex 15.300 0.000 5.000
      vertex 15.900 0.000 5.000
      vertex 15.900 0.600 5.000
    endloop
  endfacet
  facet normal 0 0 1
    outer loop
      vertex 15.300 0.000 5.000
      vertex 15.900 0.600 5.000
      vertex 15.300 0.600 5.000
    endloop
  endfacet
endsolid grille:h7-2-17
solid grille:h7-2-18
  facet normal 0 0 1
    outer loop
      vertex 15.900 0.000 5.000
      vertex 16.500 0.000 5.000
      vertex 16.500 0.600 5.000
    endloop
  endfacet
  facet normal 0 0 1
    outer loop
      vertex 15.900 0.000 5.000
      vertex 16.500 0.600 5.000
      vertex 15.900 0.600 5.000
    endloop
  endfacet
endsolid grille:h7-2-18
solid grille:h7-2-19
  facet normal 0 0 1
    outer loop
      vertex 16.500 0.000 5.000
      vertex 17.100 0.000 5.000
      vertex 17.100 0.600 5.000
    endloop
  endfacet
  facet normal 0 0 1
    outer loop
      vertex 16.500 0.000 5.000
      vertex 17.100 0.600 5.000
      vertex 16.500 0.600 5.000
    endloop
  endfacet
endsolid grille:h7-2-19
solid cage:y1
  facet normal 0 1 0
    outer loop
      vertex 4.500 12.000 1.000
      vertex 4.500 12.000 5.000
      vertex 17.100 12.000 5.000
    endloop
  endfacet
  facet normal 0 1 0
    outer loop
      vertex 4.500 12.000 1.000
      vertex 17.100 12.000 5.000
      vertex 17.100 12.000 1.000
    endloop
  endfacet
endsolid cage:y1
