solid hall
  facet normal -1 0 0
    outer loop
      vertex 0.000 0.000 0.000
      vertex 0.000 0.000 8.400
      vertex 0.000 43.200 8.400
    endloop
  endfacet
  facet normal -1 0 0
    outer loop
      vertex 0.000 0.000 0.000
      vertex 0.000 43.200 8.400
      vertex 0.000 43.200 0.000
    endloop
  endfacet
  facet normal 1 0 0
    outer loop
      vertex 49.400 0.000 0.000
      vertex 49.400 43.200 0.000
      vertex 49.400 43.200 8.400
    endloop
  endfacet
  facet normal 1 0 0
    outer loop
      vertex 49.400 0.000 0.000
      vertex 49.400 43.200 8.400
      vertex 49.400 0.000 8.400
    endloop
  endfacet
  facet normal 0 -1 0
    outer loop
      vertex 0.000 0.000 0.000
      vertex 49.400 0.000 0.000
      vertex 49.400 0.000 8.400
    endloop
  endfacet
  facet normal 0 -1 0
    outer loop
      vertex 0.000 0.000 0.000
      vertex 49.400 0.000 8.400
      vertex 0.000 0.000 8.400
    endloop
  endfacet
  facet normal 0 1 0
    outer loop
      vertex 0.000 43.200 0.000
      vertex 0.000 43.200 8.400
      vertex 49.400 43.200 8.400
    endloop
  endfacet
  facet normal 0 1 0
    outer loop
      vertex 0.000 43.200 0.000
      vertex 49.400 43.200 8.400
      vertex 49.400 43.200 0.000
    endloop
  endfacet
  facet normal 0 0 -1
    outer loop
      vertex 0.000 0.000 0.000
      vertex 0.000 43.200 0.000
      vertex 49.400 43.200 0.000
    endloop
  endfacet
  facet normal 0 0 -1
    outer loop
      vertex 0.000 0.000 0.000
      vertex 49.400 43.200 0.000
      vertex 49.400 0.000 0.000
    endloop
  endfacet
  facet normal 0 0 1
    outer loop
      vertex 0.000 0.000 8.400
      vertex 49.400 0.000 8.400
      vertex 49.400 43.200 8.400
    endloop
  endfacet
  facet normal 0 0 1
    outer loop
      vertex 0.000 0.000 8.400
      vertex 49.400 43.200 8.400
      vertex 0.000 43.200 8.400
    endloop
  endfacet
endsolid hall
solid ceiling
  facet normal 0 0 1
    outer loop
      vertex 7.200 0.000 6.000
      vertex 41.200 0.000 6.000
      vertex 41.200 43.200 6.000
    endloop
  endfacet
  facet normal 0 0 1
    outer loop
      vertex 7.200 0.000 6.000
      vertex 41.200 43.200 6.000
      vertex 7.200 43.200 6.000
    endloop
  endfacet
endsolid ceiling
solid wall:gallery_w
  facet normal 1 0 0
    outer loop
      vertex 7.200 0.000 0.000
      vertex 7.200 43.200 0.000
      vertex 7.200 43.200 8.400
    endloop
  endfacet
  facet normal 1 0 0
    outer loop
      vertex 7.200 0.000 0.000
      vertex 7.200 43.200 8.400
      vertex 7.200 0.000 8.400
    endloop
  endfacet
endsolid wall:gallery_w
solid mesh:gallery_w_return
  facet normal 1 0 0
    outer loop
      vertex 7.200 0.000 6.000
      vertex 7.200 43.200 6.000
      vertex 7.200 43.200 8.400
    endloop
  endfacet
  facet normal 1 0 0
    outer loop
      vertex 7.200 0.000 6.000
      vertex 7.200 43.200 8.400
      vertex 7.200 0.000 8.400
    endloop
  endfacet
endsolid mesh:gallery_w_return
solid wall:gallery_e
  facet normal 1 0 0
    outer loop
      vertex 41.200 0.000 0.000
      vertex 41.200 43.200 0.000
      vertex 41.200 43.200 8.400
    endloop
  endfacet
  facet normal 1 0 0
    outer loop
      vertex 41.200 0.000 0.000
      vertex 41.200 43.200 8.400
      vertex 41.200 0.000 8.400
    endloop
  endfacet
endsolid wall:gallery_e
solid mesh:gallery_e_return
  facet normal 1 0 0
    outer loop
      vertex 41.200 0.000 6.000
      vertex 41.200 43.200 6.000
      vertex 41.200 43.200 8.400
    endloop
  endfacet
  facet normal 1 0 0
    outer loop
      vertex 41.200 0.000 6.000
      vertex 41.200 43.200 8.400
      vertex 41.200 0.000 8.400
    endloop
  endfacet
endsolid mesh:gallery_e_return
solid wall:plenum_w
  facet normal 1 0 0
    outer loop
      vertex 8.800 0.000 0.000
      vertex 8.800 43.200 0.000
      vertex 8.800 43.200 6.000
    endloop
  endfacet
  facet normal 1 0 0
    outer loop
      vertex 8.800 0.000 0.000
      vertex 8.800 43.200 6.000
      vertex 8.800 0.000 6.000
    endloop
  endfacet
endsolid wall:plenum_w
solid wall:plenum_e
  facet normal 1 0 0
    outer loop
      vertex 39.800 0.000 0.000
      vertex 39.800 43.200 0.000
      vertex 39.800 43.200 6.000
    endloop
  endfacet
  facet normal 1 0 0
    outer loop
      vertex 39.800 0.000 0.000
      vertex 39.800 43.200 6.000
      vertex 39.800 0.000 6.000
    endloop
  endfacet
endsolid wall:plenum_e
solid supply:w1
  facet normal 1 0 0
    outer loop
      vertex 8.800 1.800 0.000
      vertex 8.800 3.800 0.000
      vertex 8.800 3.800 3.000
    endloop
  endfacet
  facet normal 1 0 0
    outer loop
      vertex 8.800 1.800 0.000
      vertex 8.800 3.800 3.000
      vertex 8.800 1.800 3.000
    endloop
  endfacet
endsolid supply:w1
solid supply:w2
  facet normal 1 0 0
    outer loop
      vertex 8.800 10.800 0.000
      vertex 8.800 12.800 0.000
      vertex 8.800 12.800 3.000
    endloop
  endfacet
  facet normal 1 0 0
    outer loop
      vertex 8.800 10.800 0.000
      vertex 8.800 12.800 3.000
      vertex 8.800 10.800 3.000
    endloop
  endfacet
endsolid supply:w2
solid supply:w3
  facet normal 1 0 0
    outer loop
      vertex 8.800 19.000 0.000
      vertex 8.800 21.000 0.000
      vertex 8.800 21.000 3.000
    endloop
  endfacet
  facet normal 1 0 0
    outer loop
      vertex 8.800 19.000 0.000
      vertex 8.800 21.000 3.000
      vertex 8.800 19.000 3.000
    endloop
  endfacet
endsolid supply:w3
solid supply:w4
  facet normal 1 0 0
    outer loop
      vertex 8.800 27.200 0.000
      vertex 8.800 29.200 0.000
      vertex 8.800 29.200 3.000
    endloop
  endfacet
  facet normal 1 0 0
    outer loop
      vertex 8.800 27.200 0.000
      vertex 8.800 29.200 3.000
      vertex 8.800 27.200 3.000
    endloop
  endfacet
endsolid supply:w4
solid supply:w5
  facet normal 1 0 0
    outer loop
      vertex 8.800 37.800 0.000
      vertex 8.800 39.800 0.000
      vertex 8.800 39.800 3.000
    endloop
  endfacet
  facet normal 1 0 0
    outer loop
      vertex 8.800 37.800 0.000
      vertex 8.800 39.800 3.000
      vertex 8.800 37.800 3.000
    endloop
  endfacet
endsolid supply:w5
solid supply:e1
  facet normal 1 0 0
    outer loop
      vertex 39.800 1.800 0.000
      vertex 39.800 3.800 0.000
      vertex 39.800 3.800 3.000
    endloop
  endfacet
  facet normal 1 0 0
    outer loop
      vertex 39.800 1.800 0.000
      vertex 39.800 3.800 3.000
      vertex 39.800 1.800 3.000
    endloop
  endfacet
endsolid supply:e1
solid supply:e2
  facet normal 1 0 0
    outer loop
      vertex 39.800 10.800 0.000
      vertex 39.800 12.800 0.000
      vertex 39.800 12.800 3.000
    endloop
  endfacet
  facet normal 1 0 0
    outer loop
      vertex 39.800 10.800 0.000
      vertex 39.800 12.800 3.000
      vertex 39.800 10.800 3.000
    endloop
  endfacet
endsolid supply:e2
solid supply:e3
  facet normal 1 0 0
    outer loop
      vertex 39.800 19.000 0.000
      vertex 39.800 21.000 0.000
      vertex 39.800 21.000 3.000
    endloop
  endfacet
  facet normal 1 0 0
    outer loop
      vertex 39.800 19.000 0.000
      vertex 39.800 21.000 3.000
      vertex 39.800 19.000 3.000
    endloop
  endfacet
endsolid supply:e3
solid supply:e4
  facet normal 1 0 0
    outer loop
      vertex 39.800 27.200 0.000
      vertex 39.800 29.200 0.000
      vertex 39.800 29.200 3.000
    endloop
  endfacet
  facet normal 1 0 0
    outer loop
      vertex 39.800 27.200 0.000
      vertex 39.800 29.200 3.000
      vertex 39.800 27.200 3.000
    endloop
  endfacet
endsolid supply:e4
solid supply:e5
  facet normal 1 0 0
    outer loop
      vertex 39.800 37.800 0.000
      vertex 39.800 39.800 0.000
      vertex 39.800 39.800 3.000
    endloop
  endfacet
  facet normal 1 0 0
    outer loop
      vertex 39.800 37.800 0.000
      vertex 39.800 39.800 3.000
      vertex 39.800 37.800 3.000
    endloop
  endfacet
endsolid supply:e5
solid rack:F1-01:+y
  facet normal -1 0 0
    outer loop
      vertex 11.400 33.200 0.000
      vertex 11.400 33.200 2.200
      vertex 11.400 34.400 2.200
    endloop
  endfacet
  facet normal -1 0 0
    outer loop
      vertex 11.400 33.200 0.000
      vertex 11.400 34.400 2.200
      vertex 11.400 34.400 0.000
    endloop
  endfacet
  facet normal 1 0 0
    outer loop
      vertex 12.000 33.200 0.000
      vertex 12.000 34.400 0.000
      vertex 12.000 34.400 2.200
    endloop
  endfacet
  facet normal 1 0 0
    outer loop
      vertex 12.000 33.200 0.000
      vertex 12.000 34.400 2.200
      vertex 12.000 33.200 2.200
    endloop
  endfacet
  facet normal 0 -1 0
    outer loop
      vertex 11.400 33.200 0.000
      vertex 12.000 33.200 0.000
      vertex 12.000 33.200 2.200
    endloop
  endfacet
  facet normal 0 -1 0
    outer loop
      vertex 11.400 33.200 0.000
      vertex 12.000 33.200 2.200
      vertex 11.400 33.200 2.200
    endloop
  endfacet
  facet normal 0 1 0
    outer loop
      vertex 11.400 34.400 0.000
      vertex 11.400 34.400 2.200
      vertex 12.000 34.400 2.200
    endloop
  endfacet
  facet normal 0 1 0
    outer loop
      vertex 11.400 34.400 0.000
      vertex 12.000 34.400 2.200
      vertex 12.000 34.400 0.000
    endloop
  endfacet
  facet normal 0 0 -1
    outer loop
      vertex 11.400 33.200 0.000
      vertex 11.400 34.400 0.000
      vertex 12.000 34.400 0.000
    endloop
  endfacet
  facet normal 0 0 -1
    outer loop
      vertex 11.400 33.200 0.000
      vertex 12.000 34.400 0.000
      vertex 12.000 33.200 0.000
    endloop
  endfacet
  facet normal 0 0 1
    outer loop
      vertex 11.400 33.200 2.200
      vertex 12.000 33.200 2.200
      vertex 12.000 34.400 2.200
    endloop
  endfacet
  facet normal 0 0 1
    outer loop
      vertex 11.400 33.200 2.200
      vertex 12.000 34.400 2.200
      vertex 11.400 34.400 2.200
    endloop
  endfacet
endsolid rack:F1-01:+y
solid rack:F1-02:+y
  facet normal -1 0 0
    outer loop
      vertex 12.000 33.200 0.000
      vertex 12.000 33.200 2.200
      vertex 12.000 34.400 2.200
    endloop
  endfacet
  facet normal -1 0 0
    outer loop
      vertex 12.000 33.200 0.000
      vertex 12.000 34.400 2.200
      vertex 12.000 34.400 0.000
    endloop
  endfacet
  facet normal 1 0 0
    outer loop
      vertex 12.600 33.200 0.000
      vertex 12.600 34.400 0.000
      vertex 12.600 34.400 2.200
    endloop
  endfacet
  facet normal 1 0 0
    outer loop
      vertex 12.600 33.200 0.000
      vertex 12.600 34.400 2.200
      vertex 12.600 33.200 2.200
    endloop
  endfacet
  facet normal 0 -1 0
    outer loop
      vertex 12.000 33.200 0.000
      vertex 12.600 33.200 0.000
      vertex 12.600 33.200 2.200
    endloop
  endfacet
  facet normal 0 -1 0
    outer loop
      vertex 12.000 33.200 0.000
      vertex 12.600 33.200 2.200
      vertex 12.000 33.200 2.200
    endloop
  endfacet
  facet normal 0 1 0
    outer loop
      vertex 12.000 34.400 0.000
      vertex 12.000 34.400 2.200
      vertex 12.600 34.400 2.200
    endloop
  endfacet
  facet normal 0 1 0
    outer loop
      vertex 12.000 34.400 0.000
      vertex 12.600 34.400 2.200
      vertex 12.600 34.400 0.000
    endloop
  endfacet
  facet normal 0 0 -1
    outer loop
      vertex 12.000 33.200 0.000
      vertex 12.000 34.400 0.000
      vertex 12.600 34.400 0.000
    endloop
  endfacet
  facet normal 0 0 -1
    outer loop
      vertex 12.000 33.200 0.000
      vertex 12.600 34.400 0.000
      vertex 12.600 33.200 0.000
    endloop
  endfacet
  facet normal 0 0 1
    outer loop
      vertex 12.000 33.200 2.200
      vertex 12.600 33.200 2.200
      vertex 12.600 34.400 2.200
    endloop
  endfacet
  facet normal 0 0 1
    outer loop
      vertex 12.000 33.200 2.200
      vertex 12.600 34.400 2.200
      vertex 12.000 34.400 2.200
    endloop
  endfacet
endsolid rack:F1-02:+y
solid rack:F1-03:+y
  facet normal -1 0 0
    outer loop
      vertex 12.600 33.200 0.000
      vertex 12.600 33.200 2.200
      vertex 12.600 34.400 2.200
    endloop
  endfacet
  facet normal -1 0 0
    outer loop
      vertex 12.600 33.200 0.000
      vertex 12.600 34.400 2.200
      vertex 12.600 34.400 0.000
    endloop
  endfacet
  facet normal 1 0 0
    outer loop
      vertex 13.200 33.200 0.000
      vertex 13.200 34.400 0.000
      vertex 13.200 34.400 2.200
    endloop
  endfacet
  facet normal 1 0 0
    outer loop
      vertex 13.200 33.200 0.000
      vertex 13.200 34.400 2.200
      vertex 13.200 33.200 2.200
    endloop
  endfacet
  facet normal 0 -1 0
    outer loop
      vertex 12.600 33.200 0.000
      vertex 13.200 33.200 0.000
      vertex 13.200 33.200 2.200
    endloop
  endfacet
  facet normal 0 -1 0
    outer loop
      vertex 12.600 33.200 0.000
      vertex 13.200 33.200 2.200
      vertex 12.600 33.200 2.200
    endloop
  endfacet
  facet normal 0 1 0
    outer loop
      vertex 12.600 34.400 0.000
      vertex 12.600 34.400 2.200
      vertex 13.200 34.400 2.200
    endloop
  endfacet
  facet normal 0 1 0
    outer loop
      vertex 12.600 34.400 0.000
      vertex 13.200 34.400 2.200
      vertex 13.200 34.400 0.000
    endloop
  endfacet
  facet normal 0 0 -1
    outer loop
      vertex 12.600 33.200 0.000
      vertex 12.600 34.400 0.000
      vertex 13.200 34.400 0.000
    endloop
  endfacet
  facet normal 0 0 -1
    outer loop
      vertex 12.600 33.200 0.000
      vertex 13.200 34.400 0.000
      vertex 13.200 33.200 0.000
    endloop
  endfacet
  facet normal 0 0 1
    outer loop
      vertex 12.600 33.200 2.200
      vertex 13.200 33.200 2.200
      vertex 13.200 34.400 2.200
    endloop
  endfacet
  facet normal 0 0 1
    outer loop
      vertex 12.600 33.200 2.200
      vertex 13.200 34.400 2.200
      vertex 12.600 34.400 2.200
    endloop
  endfacet
endsolid rack:F1-03:+y
solid rack:F1-04:+y
  facet normal -1 0 0
    outer loop
      vertex 14.400 33.200 0.000
      vertex 14.400 33.200 2.200
      vertex 14.400 34.400 2.200
    endloop
  endfacet
  facet normal -1 0 0
    outer loop
      vertex 14.400 33.200 0.000
      vertex 14.400 34.400 2.200
      vertex 14.400 34.400 0.000
    endloop
  endfacet
  facet normal 1 0 0
    outer loop
      vertex 15.000 33.200 0.000
      vertex 15.000 34.400 0.000
      vertex 15.000 34.400 2.200
    endloop
  endfacet
  facet normal 1 0 0
    outer loop
      vertex 15.000 33.200 0.000
      vertex 15.000 34.400 2.200
      vertex 15.000 33.200 2.200
    endloop
  endfacet
  facet normal 0 -1 0
    outer loop
      vertex 14.400 33.200 0.000
      vertex 15.000 33.200 0.000
      vertex 15.000 33.200 2.200
    endloop
  endfacet
  facet normal 0 -1 0
    outer loop
      vertex 14.400 33.200 0.000
      vertex 15.000 33.200 2.200
      vertex 14.400 33.200 2.200
    endloop
  endfacet
  facet normal 0 1 0
    outer loop
      vertex 14.400 34.400 0.000
      vertex 14.400 34.400 2.200
      vertex 15.000 34.400 2.200
    endloop
  endfacet
  facet normal 0 1 0
    outer loop
      vertex 14.400 34.400 0.000
      vertex 15.000 34.400 2.200
      vertex 15.000 34.400 0.000
    endloop
  endfacet
  facet normal 0 0 -1
    outer loop
      vertex 14.400 33.200 0.000
      vertex 14.400 34.400 0.000
      vertex 15.000 34.400 0.000
    endloop
  endfacet
  facet normal 0 0 -1
    outer loop
      vertex 14.400 33.200 0.000
      vertex 15.000 34.400 0.000
      vertex 15.000 33.200 0.000
    endloop
  endfacet
  facet normal 0 0 1
    outer loop
      vertex 14.400 33.200 2.200
      vertex 15.000 33.200 2.200
      vertex 15.000 34.400 2.200
    endloop
  endfacet
  facet normal 0 0 1
    outer loop
      vertex 14.400 33.200 2.200
      vertex 15.000 34.400 2.200
      vertex 14.400 34.400 2.200
    endloop
  endfacet
endsolid rack:F1-04:+y
solid rack:F1-05:+y
  facet normal -1 0 0
    outer loop
      vertex 15.000 33.200 0.000
      vertex 15.000 33.200 2.200
      vertex 15.000 34.400 2.200
    endloop
  endfacet
  facet normal -1 0 0
    outer loop
      vertex 15.000 33.200 0.000
      vertex 15.000 34.400 2.200
      vertex 15.000 34.400 0.000
    endloop
  endfacet
  facet normal 1 0 0
    outer loop
      vertex 15.600 33.200 0.000
      vertex 15.600 34.400 0.000
      vertex 15.600 34.400 2.200
    endloop
  endfacet
  facet normal 1 0 0
    outer loop
      vertex 15.600 33.200 0.000
      vertex 15.600 34.400 2.200
      vertex 15.600 33.200 2.200
    endloop
  endfacet
  facet normal 0 -1 0
    outer loop
      vertex 15.000 33.200 0.000
      vertex 15.600 33.200 0.000
      vertex 15.600 33.200 2.200
    endloop
  endfacet
  facet normal 0 -1 0
    outer loop
      vertex 15.000 33.200 0.000
      vertex 15.600 33.200 2.200
      vertex 15.000 33.200 2.200
    endloop
  endfacet
  facet normal 0 1 0
    outer loop
      vertex 15.000 34.400 0.000
      vertex 15.000 34.400 2.200
      vertex 15.600 34.400 2.200
    endloop
  endfacet
  facet normal 0 1 0
    outer loop
      vertex 15.000 34.400 0.000
      vertex 15.600 34.400 2.200
      vertex 15.600 34.400 0.000
    endloop
  endfacet
  facet normal 0 0 -1
    outer loop
      vertex 15.000 33.200 0.000
      vertex 15.000 34.400 0.000
      vertex 15.600 34.400 0.000
    endloop
  endfacet
  facet normal 0 0 -1
    outer loop
      vertex 15.000 33.200 0.000
      vertex 15.600 34.400 0.000
      vertex 15.600 33.200 0.000
    endloop
  endfacet
  facet normal 0 0 1
    outer loop
      vertex 15.000 33.200 2.200
      vertex 15.600 33.200 2.200
      vertex 15.600 34.400 2.200
    endloop
  endfacet
  facet normal 0 0 1
    outer loop
      vertex 15.000 33.200 2.200
      vertex 15.600 34.400 2.200
      vertex 15.000 34.400 2.200
    endloop
  endfacet
endsolid rack:F1-05:+y
solid rack:F1-06:+y
  facet normal -1 0 0
    outer loop
      vertex 15.600 33.200 0.000
      vertex 15.600 33.200 2.200
      vertex 15.600 34.400 2.200
    endloop
  endfacet
  facet normal -1 0 0
    outer loop
      vertex 15.600 33.200 0.000
      vertex 15.600 34.400 2.200
      vertex 15.600 34.400 0.000
    endloop
  endfacet
  facet normal 1 0 0
    outer loop
      vertex 16.200 33.200 0.000
      vertex 16.200 34.400 0.000
      vertex 16.200 34.400 2.200
    endloop
  endfacet
  facet normal 1 0 0
    outer loop
      vertex 16.200 33.200 0.000
      vertex 16.200 34.400 2.200
      vertex 16.200 33.200 2.200
    endloop
  endfacet
  facet normal 0 -1 0
    outer loop
      vertex 15.600 33.200 0.000
      vertex 16.200 33.200 0.000
      vertex 16.200 33.200 2.200
    endloop
  endfacet
  facet normal 0 -1 0
    outer loop
      vertex 15.600 33.200 0.000
      vertex 16.200 33.200 2.200
      vertex 15.600 33.200 2.200
    endloop
  endfacet
  facet normal 0 1 0
    outer loop
      vertex 15.600 34.400 0.000
      vertex 15.600 34.400 2.200
      vertex 16.200 34.400 2.200
    endloop
  endfacet
  facet normal 0 1 0
    outer loop
      vertex 15.600 34.400 0.000
      vertex 16.200 34.400 2.200
      vertex 16.200 34.400 0.000
    endloop
  endfacet
  facet normal 0 0 -1
    outer loop
      vertex 15.600 33.200 0.000
      vertex 15.600 34.400 0.000
      vertex 16.200 34.400 0.000
    endloop
  endfacet
  facet normal 0 0 -1
    outer loop
      vertex 15.600 33.200 0.000
      vertex 16.200 34.400 0.000
      vertex 16.200 33.200 0.000
    endloop
  endfacet
  facet normal 0 0 1
    outer loop
      vertex 15.600 33.200 2.200
      vertex 16.200 33.200 2.200
      vertex 16.200 34.400 2.200
    endloop
  endfacet
  facet normal 0 0 1
    outer loop
      vertex 15.600 33.200 2.200
      vertex 16.200 34.400 2.200
      vertex 15.600 34.400 2.200
    endloop
  endfacet
endsolid rack:F1-06:+y
solid rack:F1-07:+y
  facet normal -1 0 0
    outer loop
      vertex 16.400 33.200 0.000
      vertex 16.400 33.200 2.200
      vertex 16.400 34.400 2.200
    endloop
  endfacet
  facet normal -1 0 0
    outer loop
      vertex 16.400 33.200 0.000
      vertex 16.400 34.400 2.200
      vertex 16.400 34.400 0.000
    endloop
  endfacet
  facet normal 1 0 0
    outer loop
      vertex 17.000 33.200 0.000
      vertex 17.000 34.400 0.000
      vertex 17.000 34.400 2.200
    endloop
  endfacet
  facet normal 1 0 0
    outer loop
      vertex 17.000 33.200 0.000
      vertex 17.000 34.400 2.200
      vertex 17.000 33.200 2.200
    endloop
  endfacet
  facet normal 0 -1 0
    outer loop
      vertex 16.400 33.200 0.000
      vertex 17.000 33.200 0.000
      vertex 17.000 33.200 2.200
    endloop
  endfacet
  facet normal 0 -1 0
    outer loop
      vertex 16.400 33.200 0.000
      vertex 17.000 33.200 2.200
      vertex 16.400 33.200 2.200
    endloop
  endfacet
  facet normal 0 1 0
    outer loop
      vertex 16.400 34.400 0.000
      vertex 16.400 34.400 2.200
      vertex 17.000 34.400 2.200
    endloop
  endfacet
  facet normal 0 1 0
    outer loop
      vertex 16.400 34.400 0.000
      vertex 17.000 34.400 2.200
      vertex 17.000 34.400 0.000
    endloop
  endfacet
  facet normal 0 0 -1
    outer loop
      vertex 16.400 33.200 0.000
      vertex 16.400 34.400 0.000
      vertex 17.000 34.400 0.000
    endloop
  endfacet
  facet normal 0 0 -1
    outer loop
      vertex 16.400 33.200 0.000
      vertex 17.000 34.400 0.000
      vertex 17.000 33.200 0.000
    endloop
  endfacet
  facet normal 0 0 1
    outer loop
      vertex 16.400 33.200 2.200
      vertex 17.000 33.200 2.200
      vertex 17.000 34.400 2.200
    endloop
  endfacet
  facet normal 0 0 1
    outer loop
      vertex 16.400 33.200 2.200
      vertex 17.000 34.400 2.200
      vertex 16.400 34.400 2.200
    endloop
  endfacet
endsolid rack:F1-07:+y
solid rack:F1-08:+y
  facet normal -1 0 0
    outer loop
      vertex 17.000 33.200 0.000
      vertex 17.000 33.200 2.200
      vertex 17.000 34.400 2.200
    endloop
  endfacet
  facet normal -1 0 0
    outer loop
      vertex 17.000 33.200 0.000
      vertex 17.000 34.400 2.200
      vertex 17.000 34.400 0.000
    endloop
  endfacet
  facet normal 1 0 0
    outer loop
      vertex 17.800 33.200 0.000
      vertex 17.800 34.400 0.000
      vertex 17.800 34.400 2.200
    endloop
  endfacet
  facet normal 1 0 0
    outer loop
      vertex 17.800 33.200 0.000
      vertex 17.800 34.400 2.200
      vertex 17.800 33.200 2.200
    endloop
  endfacet
  facet normal 0 -1 0
    outer loop
      vertex 17.000 33.200 0.000
      vertex 17.800 33.200 0.000
      vertex 17.800 33.200 2.200
    endloop
  endfacet
  facet normal 0 -1 0
    outer loop
      vertex 17.000 33.200 0.000
      vertex 17.800 33.200 2.200
      vertex 17.000 33.200 2.200
    endloop
  endfacet
  facet normal 0 1 0
    outer loop
      vertex 17.000 34.400 0.000
      vertex 17.000 34.400 2.200
      vertex 17.800 34.400 2.200
    endloop
  endfacet
  facet normal 0 1 0
    outer loop
      vertex 17.000 34.400 0.000
      vertex 17.800 34.400 2.200
      vertex 17.800 34.400 0.000
    endloop
  endfacet
  facet normal 0 0 -1
    outer loop
      vertex 17.000 33.200 0.000
      vertex 17.000 34.400 0.000
      vertex 17.800 34.400 0.000
    endloop
  endfacet
  facet normal 0 0 -1
    outer loop
      vertex 17.000 33.200 0.000
      vertex 17.800 34.400 0.000
      vertex 17.800 33.200 0.000
    endloop
  endfacet
  facet normal 0 0 1
    outer loop
      vertex 17.000 33.200 2.200
      vertex 17.800 33.200 2.200
      vertex 17.800 34.400 2.200
    endloop
  endfacet
  facet normal 0 0 1
    outer loop
      vertex 17.000 33.200 2.200
      vertex 17.800 34.400 2.200
      vertex 17.000 34.400 2.200
    endloop
  endfacet
endsolid rack:F1-08:+y
solid rack:F1-09:+y
  facet normal -1 0 0
    outer loop
      vertex 17.800 33.200 0.000
      vertex 17.800 33.200 2.200
      vertex 17.800 34.400 2.200
    endloop
  endfacet
  facet normal -1 0 0
    outer loop
      vertex 17.800 33.200 0.000
      vertex 17.800 34.400 2.200
      vertex 17.800 34.400 0.000
    endloop
  endfacet
  facet normal 1 0 0
    outer loop
      vertex 18.600 33.200 0.000
      vertex 18.600 34.400 0.000
      vertex 18.600 34.400 2.200
    endloop
  endfacet
  facet normal 1 0 0
    outer loop
      vertex 18.600 33.200 0.000
      vertex 18.600 34.400 2.200
      vertex 18.600 33.200 2.200
    endloop
  endfacet
  facet normal 0 -1 0
    outer loop
      vertex 17.800 33.200 0.000
      vertex 18.600 33.200 0.000
      vertex 18.600 33.200 2.200
    endloop
  endfacet
  facet normal 0 -1 0
    outer loop
      vertex 17.800 33.200 0.000
      vertex 18.600 33.200 2.200
      vertex 17.800 33.200 2.200
    endloop
  endfacet
  facet normal 0 1 0
    outer loop
      vertex 17.800 34.400 0.000
      vertex 17.800 34.400 2.200
      vertex 18.600 34.400 2.200
    endloop
  endfacet
  facet normal 0 1 0
    outer loop
      vertex 17.800 34.400 0.000
      vertex 18.600 34.400 2.200
      vertex 18.600 34.400 0.000
    endloop
  endfacet
  facet normal 0 0 -1
    outer loop
      vertex 17.800 33.200 0.000
      vertex 17.800 34.400 0.000
      vertex 18.600 34.400 0.000
    endloop
  endfacet
  facet normal 0 0 -1
    outer loop
      vertex 17.800 33.200 0.000
      vertex 18.600 34.400 0.000
      vertex 18.600 33.200 0.000
    endloop
  endfacet
  facet normal 0 0 1
    outer loop
      vertex 17.800 33.200 2.200
      vertex 18.600 33.200 2.200
      vertex 18.600 34.400 2.200
    endloop
  endfacet
  facet normal 0 0 1
    outer loop
      vertex 17.800 33.200 2.200
      vertex 18.600 34.400 2.200
      vertex 17.800 34.400 2.200
    endloop
  endfacet
endsolid rack:F1-09:+y
solid rack:F1-10:+y
  facet normal -1 0 0
    outer loop
      vertex 18.800 33.200 0.000
      vertex 18.800 33.200 2.200
      vertex 18.800 34.400 2.200
    endloop
  endfacet
  facet normal -1 0 0
    outer loop
      vertex 18.800 33.200 0.000
      vertex 18.800 34.400 2.200
      vertex 18.800 34.400 0.000
    endloop
  endfacet
  facet normal 1 0 0
    outer loop
      vertex 19.600 33.200 0.000
      vertex 19.600 34.400 0.000
      vertex 19.600 34.400 2.200
    endloop
  endfacet
  facet normal 1 0 0
    outer loop
      vertex 19.600 33.200 0.000
      vertex 19.600 34.400 2.200
      vertex 19.600 33.200 2.200
    endloop
  endfacet
  facet normal 0 -1 0
    outer loop
      vertex 18.800 33.200 0.000
      vertex 19.600 33.200 0.000
      vertex 19.600 33.200 2.200
    endloop
  endfacet
  facet normal 0 -1 0
    outer loop
      vertex 18.800 33.200 0.000
      vertex 19.600 33.200 2.200
      vertex 18.800 33.200 2.200
    endloop
  endfacet
  facet normal 0 1 0
    outer loop
      vertex 18.800 34.400 0.000
      vertex 18.800 34.400 2.200
      vertex 19.600 34.400 2.200
    endloop
  endfacet
  facet normal 0 1 0
    outer loop
      vertex 18.800 34.400 0.000
      vertex 19.600 34.400 2.200
      vertex 19.600 34.400 0.000
    endloop
  endfacet
  facet normal 0 0 -1
    outer loop
      vertex 18.800 33.200 0.000
      vertex 18.800 34.400 0.000
      vertex 19.600 34.400 0.000
    endloop
  endfacet
  facet normal 0 0 -1
    outer loop
      vertex 18.800 33.200 0.000
      vertex 19.600 34.400 0.000
      vertex 19.600 33.200 0.000
    endloop
  endfacet
  facet normal 0 0 1
    outer loop
      vertex 18.800 33.200 2.200
      vertex 19.600 33.200 2.200
      vertex 19.600 34.400 2.200
    endloop
  endfacet
  facet normal 0 0 1
    outer loop
      vertex 18.800 33.200 2.200
      vertex 19.600 34.400 2.200
      vertex 18.800 34.400 2.200
    endloop
  endfacet
endsolid rack:F1-10:+y
solid rack:F1-11:+y
  facet normal -1 0 0
    outer loop
      vertex 19.600 33.200 0.000
      vertex 19.600 33.200 2.200
      vertex 19.600 34.400 2.200
    endloop
  endfacet
  facet normal -1 0 0
    outer loop
      vertex 19.600 33.200 0.000
      vertex 19.600 34.400 2.200
      vertex 19.600 34.400 0.000
    endloop
  endfacet
  facet normal 1 0 0
    outer loop
      vertex 20.400 33.200 0.000
      vertex 20.400 34.400 0.000
      vertex 20.400 34.400 2.200
    endloop
  endfacet
  facet normal 1 0 0
    outer loop
      vertex 20.400 33.200 0.000
      vertex 20.400 34.400 2.200
      vertex 20.400 33.200 2.200
    endloop
  endfacet
  facet normal 0 -1 0
    outer loop
      vertex 19.600 33.200 0.000
      vertex 20.400 33.200 0.000
      vertex 20.400 33.200 2.200
    endloop
  endfacet
  facet normal 0 -1 0
    outer loop
      vertex 19.600 33.200 0.000
      vertex 20.400 33.200 2.200
      vertex 19.600 33.200 2.200
    endloop
  endfacet
  facet normal 0 1 0
    outer loop
      vertex 19.600 34.400 0.000
      vertex 19.600 34.400 2.200
      vertex 20.400 34.400 2.200
    endloop
  endfacet
  facet normal 0 1 0
    outer loop
      vertex 19.600 34.400 0.000
      vertex 20.400 34.400 2.200
      vertex 20.400 34.400 0.000
    endloop
  endfacet
  facet normal 0 0 -1
    outer loop
      vertex 19.600 33.200 0.000
      vertex 19.600 34.400 0.000
      vertex 20.400 34.400 0.000
    endloop
  endfacet
  facet normal 0 0 -1
    outer loop
      vertex 19.600 33.200 0.000
      vertex 20.400 34.400 0.000
      vertex 20.400 33.200 0.000
    endloop
  endfacet
  facet normal 0 0 1
    outer loop
      vertex 19.600 33.200 2.200
      vertex 20.400 33.200 2.200
      vertex 20.400 34.400 2.200
    endloop
  endfacet
  facet normal 0 0 1
    outer loop
      vertex 19.600 33.200 2.200
      vertex 20.400 34.400 2.200
      vertex 19.600 34.400 2.200
    endloop
  endfacet
endsolid rack:F1-11:+y
solid rack:F1-12:+y
  facet normal -1 0 0
    outer loop
      vertex 21.400 33.200 0.000
      vertex 21.400 33.200 2.200
      vertex 21.400 34.400 2.200
    endloop
  endfacet
  facet normal -1 0 0
    outer loop
      vertex 21.400 33.200 0.000
      vertex 21.400 34.400 2.200
      vertex 21.400 34.400 0.000
    endloop
  endfacet
  facet normal 1 0 0
    outer loop
      vertex 22.200 33.200 0.000
      vertex 22.200 34.400 0.000
      vertex 22.200 34.400 2.200
    endloop
  endfacet
  facet normal 1 0 0
    outer loop
      vertex 22.200 33.200 0.000
      vertex 22.200 34.400 2.200
      vertex 22.200 33.200 2.200
    endloop
  endfacet
  facet normal 0 -1 0
    outer loop
      vertex 21.400 33.200 0.000
      vertex 22.200 33.200 0.000
      vertex 22.200 33.200 2.200
    endloop
  endfacet
  facet normal 0 -1 0
    outer loop
      vertex 21.400 33.200 0.000
      vertex 22.200 33.200 2.200
      vertex 21.400 33.200 2.200
    endloop
  endfacet
  facet normal 0 1 0
    outer loop
      vertex 21.400 34.400 0.000
      vertex 21.400 34.400 2.200
      vertex 22.200 34.400 2.200
    endloop
  endfacet
  facet normal 0 1 0
    outer loop
      vertex 21.400 34.400 0.000
      vertex 22.200 34.400 2.200
      vertex 22.200 34.400 0.000
    endloop
  endfacet
  facet normal 0 0 -1
    outer loop
      vertex 21.400 33.200 0.000
      vertex 21.400 34.400 0.000
      vertex 22.200 34.400 0.000
    endloop
  endfacet
  facet normal 0 0 -1
    outer loop
      vertex 21.400 33.200 0.000
      vertex 22.200 34.400 0.000
      vertex 22.200 33.200 0.000
    endloop
  endfacet
  facet normal 0 0 1
    outer loop
      vertex 21.400 33.200 2.200
      vertex 22.200 33.200 2.200
      vertex 22.200 34.400 2.200
    endloop
  endfacet
  facet normal 0 0 1
    outer loop
      vertex 21.400 33.200 2.200
      vertex 22.200 34.400 2.200
      vertex 21.400 34.400 2.200
    endloop
  endfacet
endsolid rack:F1-12:+y
solid rack:F1-13:+y
  facet normal -1 0 0
    outer loop
      vertex 22.200 33.200 0.000
      vertex 22.200 33.200 2.200
      vertex 22.200 34.400 2.200
    endloop
  endfacet
  facet normal -1 0 0
    outer loop
      vertex 22.200 33.200 0.000
      vertex 22.200 34.400 2.200
      vertex 22.200 34.400 0.000
    endloop
  endfacet
  facet normal 1 0 0
    outer loop
      vertex 23.000 33.200 0.000
      vertex 23.000 34.400 0.000
      vertex 23.000 34.400 2.200
    endloop
  endfacet
  facet normal 1 0 0
    outer loop
      vertex 23.000 33.200 0.000
      vertex 23.000 34.400 2.200
      vertex 23.000 33.200 2.200
    endloop
  endfacet
  facet normal 0 -1 0
    outer loop
      vertex 22.200 33.200 0.000
      vertex 23.000 33.200 0.000
      vertex 23.000 33.200 2.200
    endloop
  endfacet
  facet normal 0 -1 0
    outer loop
      vertex 22.200 33.200 0.000
      vertex 23.000 33.200 2.200
      vertex 22.200 33.200 2.200
    endloop
  endfacet
  facet normal 0 1 0
    outer loop
      vertex 22.200 34.400 0.000
      vertex 22.200 34.400 2.200
      vertex 23.000 34.400 2.200
    endloop
  endfacet
  facet normal 0 1 0
    outer loop
      vertex 22.200 34.400 0.000
      vertex 23.000 34.400 2.200
      vertex 23.000 34.400 0.000
    endloop
  endfacet
  facet normal 0 0 -1
    outer loop
      vertex 22.200 33.200 0.000
      vertex 22.200 34.400 0.000
      vertex 23.000 34.400 0.000
    endloop
  endfacet
  facet normal 0 0 -1
    outer loop
      vertex 22.200 33.200 0.000
      vertex 23.000 34.400 0.000
      vertex 23.000 33.200 0.000
    endloop
  endfacet
  facet normal 0 0 1
    outer loop
      vertex 22.200 33.200 2.200
      vertex 23.000 33.200 2.200
      vertex 23.000 34.400 2.200
    endloop
  endfacet
  facet normal 0 0 1
    outer loop
      vertex 22.200 33.200 2.200
      vertex 23.000 34.400 2.200
      vertex 22.200 34.400 2.200
    endloop
  endfacet
endsolid rack:F1-13:+y
solid rack:F2-01:+y
  facet normal -1 0 0
    outer loop
      vertex 26.600 33.200 0.000
      vertex 26.600 33.200 2.200
      vertex 26.600 34.400 2.200
    endloop
  endfacet
  facet normal -1 0 0
    outer loop
      vertex 26.600 33.200 0.000
      vertex 26.600 34.400 2.200
      vertex 26.600 34.400 0.000
    endloop
  endfacet
  facet normal 1 0 0
    outer loop
      vertex 27.400 33.200 0.000
      vertex 27.400 34.400 0.000
      vertex 27.400 34.400 2.200
    endloop
  endfacet
  facet normal 1 0 0
    outer loop
      vertex 27.400 33.200 0.000
      vertex 27.400 34.400 2.200
      vertex 27.400 33.200 2.200
    endloop
  endfacet
  facet normal 0 -1 0
    outer loop
      vertex 26.600 33.200 0.000
      vertex 27.400 33.200 0.000
      vertex 27.400 33.200 2.200
    endloop
  endfacet
  facet normal 0 -1 0
    outer loop
      vertex 26.600 33.200 0.000
      vertex 27.400 33.200 2.200
      vertex 26.600 33.200 2.200
    endloop
  endfacet
  facet normal 0 1 0
    outer loop
      vertex 26.600 34.400 0.000
      vertex 26.600 34.400 2.200
      vertex 27.400 34.400 2.200
    endloop
  endfacet
  facet normal 0 1 0
    outer loop
      vertex 26.600 34.400 0.000
      vertex 27.400 34.400 2.200
      vertex 27.400 34.400 0.000
    endloop
  endfacet
  facet normal 0 0 -1
    outer loop
      vertex 26.600 33.200 0.000
      vertex 26.600 34.400 0.000
      vertex 27.400 34.400 0.000
    endloop
  endfacet
  facet normal 0 0 -1
    outer loop
      vertex 26.600 33.200 0.000
      vertex 27.400 34.400 0.000
      vertex 27.400 33.200 0.000
    endloop
  endfacet
  facet normal 0 0 1
    outer loop
      vertex 26.600 33.200 2.200
      vertex 27.400 33.200 2.200
      vertex 27.400 34.400 2.200
    endloop
  endfacet
  facet normal 0 0 1
    outer loop
      vertex 26.600 33.200 2.200
      vertex 27.400 34.400 2.200
      vertex 26.600 34.400 2.200
    endloop
  endfacet
endsolid rack:F2-01:+y
solid rack:F2-02:+y
  facet normal -1 0 0
    outer loop
      vertex 27.800 33.200 0.000
      vertex 27.800 33.200 2.200
      vertex 27.800 34.400 2.200
    endloop
  endfacet
  facet normal -1 0 0
    outer loop
      vertex 27.800 33.200 0.000
      vertex 27.800 34.400 2.200
      vertex 27.800 34.400 0.000
    endloop
  endfacet
  facet normal 1 0 0
    outer loop
      vertex 28.600 33.200 0.000
      vertex 28.600 34.400 0.000
      vertex 28.600 34.400 2.200
    endloop
  endfacet
  facet normal 1 0 0
    outer loop
      vertex 28.600 33.200 0.000
      vertex 28.600 34.400 2.200
      vertex 28.600 33.200 2.200
    endloop
  endfacet
  facet normal 0 -1 0
    outer loop
      vertex 27.800 33.200 0.000
      vertex 28.600 33.200 0.000
      vertex 28.600 33.200 2.200
    endloop
  endfacet
  facet normal 0 -1 0
    outer loop
      vertex 27.800 33.200 0.000
      vertex 28.600 33.200 2.200
      vertex 27.800 33.200 2.200
    endloop
  endfacet
  facet normal 0 1 0
    outer loop
      vertex 27.800 34.400 0.000
      vertex 27.800 34.400 2.200
      vertex 28.600 34.400 2.200
    endloop
  endfacet
  facet normal 0 1 0
    outer loop
      vertex 27.800 34.400 0.000
      vertex 28.600 34.400 2.200
      vertex 28.600 34.400 0.000
    endloop
  endfacet
  facet normal 0 0 -1
    outer loop
      vertex 27.800 33.200 0.000
      vertex 27.800 34.400 0.000
      vertex 28.600 34.400 0.000
    endloop
  endfacet
  facet normal 0 0 -1
    outer loop
      vertex 27.800 33.200 0.000
      vertex 28.600 34.400 0.000
      vertex 28.600 33.200 0.000
    endloop
  endfacet
  facet normal 0 0 1
    outer loop
      vertex 27.800 33.200 2.200
      vertex 28.600 33.200 2.200
      vertex 28.600 34.400 2.200
    endloop
  endfacet
  facet normal 0 0 1
    outer loop
      vertex 27.800 33.200 2.200
      vertex 28.600 34.400 2.200
      vertex 27.800 34.400 2.200
    endloop
  endfacet
endsolid rack:F2-02:+y
solid rack:F2-03:+y
  facet normal -1 0 0
    outer loop
      vertex 28.600 33.200 0.000
      vertex 28.600 33.200 2.200
      vertex 28.600 34.400 2.200
    endloop
  endfacet
  facet normal -1 0 0
    outer loop
      vertex 28.600 33.200 0.000
      vertex 28.600 34.400 2.200
      vertex 28.600 34.400 0.000
    endloop
  endfacet
  facet normal 1 0 0
    outer loop
      vertex 29.400 33.200 0.000
      vertex 29.400 34.400 0.000
      vertex 29.400 34.400 2.200
    endloop
  endfacet
  facet normal 1 0 0
    outer loop
      vertex 29.400 33.200 0.000
      vertex 29.400 34.400 2.200
      vertex 29.400 33.200 2.200
    endloop
  endfacet
  facet normal 0 -1 0
    outer loop
      vertex 28.600 33.200 0.000
      vertex 29.400 33.200 0.000
      vertex 29.400 33.200 2.200
    endloop
  endfacet
  facet normal 0 -1 0
    outer loop
      vertex 28.600 33.200 0.000
      vertex 29.400 33.200 2.200
      vertex 28.600 33.200 2.200
    endloop
  endfacet
  facet normal 0 1 0
    outer loop
      vertex 28.600 34.400 0.000
      vertex 28.600 34.400 2.200
      vertex 29.400 34.400 2.200
    endloop
  endfacet
  facet normal 0 1 0
    outer loop
      vertex 28.600 34.400 0.000
      vertex 29.400 34.400 2.200
      vertex 29.400 34.400 0.000
    endloop
  endfacet
  facet normal 0 0 -1
    outer loop
      vertex 28.600 33.200 0.000
      vertex 28.600 34.400 0.000
      vertex 29.400 34.400 0.000
    endloop
  endfacet
  facet normal 0 0 -1
    outer loop
      vertex 28.600 33.200 0.000
      vertex 29.400 34.400 0.000
      vertex 29.400 33.200 0.000
    endloop
  endfacet
  facet normal 0 0 1
    outer loop
      vertex 28.600 33.200 2.200
      vertex 29.400 33.200 2.200
      vertex 29.400 34.400 2.200
    endloop
  endfacet
  facet normal 0 0 1
    outer loop
      vertex 28.600 33.200 2.200
      vertex 29.400 34.400 2.200
      vertex 28.600 34.400 2.200
    endloop
  endfacet
endsolid rack:F2-03:+y
solid rack:F2-04:+y
  facet normal -1 0 0
    outer loop
      vertex 29.400 33.200 0.000
      vertex 29.400 33.200 2.200
      vertex 29.400 34.400 2.200
    endloop
  endfacet
  facet normal -1 0 0
    outer loop
      vertex 29.400 33.200 0.000
      vertex 29.400 34.400 2.200
      vertex 29.400 34.400 0.000
    endloop
  endfacet
  facet normal 1 0 0
    outer loop
      vertex 30.000 33.200 0.000
      vertex 30.000 34.400 0.000
      vertex 30.000 34.400 2.200
    endloop
  endfacet
  facet normal 1 0 0
    outer loop
      vertex 30.000 33.200 0.000
      vertex 30.000 34.400 2.200
      vertex 30.000 33.200 2.200
    endloop
  endfacet
  facet normal 0 -1 0
    outer loop
      vertex 29.400 33.200 0.000
      vertex 30.000 33.200 0.000
      vertex 30.000 33.200 2.200
    endloop
  endfacet
  facet normal 0 -1 0
    outer loop
      vertex 29.400 33.200 0.000
      vertex 30.000 33.200 2.200
      vertex 29.400 33.200 2.200
    endloop
  endfacet
  facet normal 0 1 0
    outer loop
      vertex 29.400 34.400 0.000
      vertex 29.400 34.400 2.200
      vertex 30.000 34.400 2.200
    endloop
  endfacet
  facet normal 0 1 0
    outer loop
      vertex 29.400 34.400 0.000
      vertex 30.000 34.400 2.200
      vertex 30.000 34.400 0.000
    endloop
  endfacet
  facet normal 0 0 -1
    outer loop
      vertex 29.400 33.200 0.000
      vertex 29.400 34.400 0.000
      vertex 30.000 34.400 0.000
    endloop
  endfacet
  facet normal 0 0 -1
    outer loop
      vertex 29.400 33.200 0.000
      vertex 30.000 34.400 0.000
      vertex 30.000 33.200 0.000
    endloop
  endfacet
  facet normal 0 0 1
    outer loop
      vertex 29.400 33.200 2.200
      vertex 30.000 33.200 2.200
      vertex 30.000 34.400 2.200
    endloop
  endfacet
  facet normal 0 0 1
    outer loop
      vertex 29.400 33.200 2.200
      vertex 30.000 34.400 2.200
      vertex 29.400 34.400 2.200
    endloop
  endfacet
endsolid rack:F2-04:+y
solid rack:F2-05:+y
  facet normal -1 0 0
    outer loop
      vertex 30.200 33.200 0.000
      vertex 30.200 33.200 2.200
      vertex 30.200 34.400 2.200
    endloop
  endfacet
  facet normal -1 0 0
    outer loop
      vertex 30.200 33.200 0.000
      vertex 30.200 34.400 2.200
      vertex 30.200 34.400 0.000
    endloop
  endfacet
  facet normal 1 0 0
    outer loop
      vertex 31.000 33.200 0.000
      vertex 31.000 34.400 0.000
      vertex 31.000 34.400 2.200
    endloop
  endfacet
  facet normal 1 0 0
    outer loop
      vertex 31.000 33.200 0.000
      vertex 31.000 34.400 2.200
      vertex 31.000 33.200 2.200
    endloop
  endfacet
  facet normal 0 -1 0
    outer loop
      vertex 30.200 33.200 0.000
      vertex 31.000 33.200 0.000
      vertex 31.000 33.200 2.200
    endloop
  endfacet
  facet normal 0 -1 0
    outer loop
      vertex 30.200 33.200 0.000
      vertex 31.000 33.200 2.200
      vertex 30.200 33.200 2.200
    endloop
  endfacet
  facet normal 0 1 0
    outer loop
      vertex 30.200 34.400 0.000
      vertex 30.200 34.400 2.200
      vertex 31.000 34.400 2.200
    endloop
  endfacet
  facet normal 0 1 0
    outer loop
      vertex 30.200 34.400 0.000
      vertex 31.000 34.400 2.200
      vertex 31.000 34.400 0.000
    endloop
  endfacet
  facet normal 0 0 -1
    outer loop
      vertex 30.200 33.200 0.000
      vertex 30.200 34.400 0.000
      vertex 31.000 34.400 0.000
    endloop
  endfacet
  facet normal 0 0 -1
    outer loop
      vertex 30.200 33.200 0.000
      vertex 31.000 34.400 0.000
      vertex 31.000 33.200 0.000
    endloop
  endfacet
  facet normal 0 0 1
    outer loop
      vertex 30.200 33.200 2.200
      vertex 31.000 33.200 2.200
      vertex 31.000 34.400 2.200
    endloop
  endfacet
  facet normal 0 0 1
    outer loop
      vertex 30.200 33.200 2.200
      vertex 31.000 34.400 2.200
      vertex 30.200 34.400 2.200
    endloop
  endfacet
endsolid rack:F2-05:+y
solid rack:F2-06:+y
  facet normal -1 0 0
    outer loop
      vertex 31.000 33.200 0.000
      vertex 31.000 33.200 2.200
      vertex 31.000 34.400 2.200
    endloop
  endfacet
  facet normal -1 0 0
    outer loop
      vertex 31.000 33.200 0.000
      vertex 31.000 34.400 2.200
      vertex 31.000 34.400 0.000
    endloop
  endfacet
  facet normal 1 0 0
    outer loop
      vertex 31.800 33.200 0.000
      vertex 31.800 34.400 0.000
      vertex 31.800 34.400 2.200
    endloop
  endfacet
  facet normal 1 0 0
    outer loop
      vertex 31.800 33.200 0.000
      vertex 31.800 34.400 2.200
      vertex 31.800 33.200 2.200
    endloop
  endfacet
  facet normal 0 -1 0
    outer loop
      vertex 31.000 33.200 0.000
      vertex 31.800 33.200 0.000
      vertex 31.800 33.200 2.200
    endloop
  endfacet
  facet normal 0 -1 0
    outer loop
      vertex 31.000 33.200 0.000
      vertex 31.800 33.200 2.200
      vertex 31.000 33.200 2.200
    endloop
  endfacet
  facet normal 0 1 0
    outer loop
      vertex 31.000 34.400 0.000
      vertex 31.000 34.400 2.200
      vertex 31.800 34.400 2.200
    endloop
  endfacet
  facet normal 0 1 0
    outer loop
      vertex 31.000 34.400 0.000
      vertex 31.800 34.400 2.200
      vertex 31.800 34.400 0.000
    endloop
  endfacet
  facet normal 0 0 -1
    outer loop
      vertex 31.000 33.200 0.000
      vertex 31.000 34.400 0.000
      vertex 31.800 34.400 0.000
    endloop
  endfacet
  facet normal 0 0 -1
    outer loop
      vertex 31.000 33.200 0.000
      vertex 31.800 34.400 0.000
      vertex 31.800 33.200 0.000
    endloop
  endfacet
  facet normal 0 0 1
    outer loop
      vertex 31.000 33.200 2.200
      vertex 31.800 33.200 2.200
      vertex 31.800 34.400 2.200
    endloop
  endfacet
  facet normal 0 0 1
    outer loop
      vertex 31.000 33.200 2.200
      vertex 31.800 34.400 2.200
      vertex 31.000 34.400 2.200
    endloop
  endfacet
endsolid rack:F2-06:+y
solid rack:F2-07:+y
  facet normal -1 0 0
    outer loop
      vertex 31.800 33.200 0.000
      vertex 31.800 33.200 2.200
      vertex 31.800 34.400 2.200
    endloop
  endfacet
  facet normal -1 0 0
    outer loop
      vertex 31.800 33.200 0.000
      vertex 31.800 34.400 2.200
      vertex 31.800 34.400 0.000
    endloop
  endfacet
  facet normal 1 0 0
    outer loop
      vertex 32.400 33.200 0.000
      vertex 32.400 34.400 0.000
      vertex 32.400 34.400 2.200
    endloop
  endfacet
  facet normal 1 0 0
    outer loop
      vertex 32.400 33.200 0.000
      vertex 32.400 34.400 2.200
      vertex 32.400 33.200 2.200
    endloop
  endfacet
  facet normal 0 -1 0
    outer loop
      vertex 31.800 33.200 0.000
      vertex 32.400 33.200 0.000
      vertex 32.400 33.200 2.200
    endloop
  endfacet
  facet normal 0 -1 0
    outer loop
      vertex 31.800 33.200 0.000
      vertex 32.400 33.200 2.200
      vertex 31.800 33.200 2.200
    endloop
  endfacet
  facet normal 0 1 0
    outer loop
      vertex 31.800 34.400 0.000
      vertex 31.800 34.400 2.200
      vertex 32.400 34.400 2.200
    endloop
  endfacet
  facet normal 0 1 0
    outer loop
      vertex 31.800 34.400 0.000
      vertex 32.400 34.400 2.200
      vertex 32.400 34.400 0.000
    endloop
  endfacet
  facet normal 0 0 -1
    outer loop
      vertex 31.800 33.200 0.000
      vertex 31.800 34.400 0.000
      vertex 32.400 34.400 0.000
    endloop
  endfacet
  facet normal 0 0 -1
    outer loop
      vertex 31.800 33.200 0.000
      vertex 32.400 34.400 0.000
      vertex 32.400 33.200 0.000
    endloop
  endfacet
  facet normal 0 0 1
    outer loop
      vertex 31.800 33.200 2.200
      vertex 32.400 33.200 2.200
      vertex 32.400 34.400 2.200
    endloop
  endfacet
  facet normal 0 0 1
    outer loop
      vertex 31.800 33.200 2.200
      vertex 32.400 34.400 2.200
      vertex 31.800 34.400 2.200
    endloop
  endfacet
endsolid rack:F2-07:+y
solid rack:F2-08:+y
  facet normal -1 0 0
    outer loop
      vertex 33.200 33.200 0.000
      vertex 33.200 33.200 2.200
      vertex 33.200 34.400 2.200
    endloop
  endfacet
  facet normal -1 0 0
    outer loop
      vertex 33.200 33.200 0.000
      vertex 33.200 34.400 2.200
      vertex 33.200 34.400 0.000
    endloop
  endfacet
  facet normal 1 0 0
    outer loop
      vertex 33.800 33.200 0.000
      vertex 33.800 34.400 0.000
      vertex 33.800 34.400 2.200
    endloop
  endfacet
  facet normal 1 0 0
    outer loop
      vertex 33.800 33.200 0.000
      vertex 33.800 34.400 2.200
      vertex 33.800 33.200 2.200
    endloop
  endfacet
  facet normal 0 -1 0
    outer loop
      vertex 33.200 33.200 0.000
      vertex 33.800 33.200 0.000
      vertex 33.800 33.200 2.200
    endloop
  endfacet
  facet normal 0 -1 0
    outer loop
      vertex 33.200 33.200 0.000
      vertex 33.800 33.200 2.200
      vertex 33.200 33.200 2.200
    endloop
  endfacet
  facet normal 0 1 0
    outer loop
      vertex 33.200 34.400 0.000
      vertex 33.200 34.400 2.200
      vertex 33.800 34.400 2.200
    endloop
  endfacet
  facet normal 0 1 0
    outer loop
      vertex 33.200 34.400 0.000
      vertex 33.800 34.400 2.200
      vertex 33.800 34.400 0.000
    endloop
  endfacet
  facet normal 0 0 -1
    outer loop
      vertex 33.200 33.200 0.000
      vertex 33.200 34.400 0.000
      vertex 33.800 34.400 0.000
    endloop
  endfacet
  facet normal 0 0 -1
    outer loop
      vertex 33.200 33.200 0.000
      vertex 33.800 34.400 0.000
      vertex 33.800 33.200 0.000
    endloop
  endfacet
  facet normal 0 0 1
    outer loop
      vertex 33.200 33.200 2.200
      vertex 33.800 33.200 2.200
      vertex 33.800 34.400 2.200
    endloop
  endfacet
  facet normal 0 0 1
    outer loop
      vertex 33.200 33.200 2.200
      vertex 33.800 34.400 2.200
      vertex 33.200 34.400 2.200
    endloop
  endfacet
endsolid rack:F2-08:+y
solid rack:F2-09:+y
  facet normal -1 0 0
    outer loop
      vertex 33.800 33.200 0.000
      vertex 33.800 33.200 2.200
      vertex 33.800 34.400 2.200
    endloop
  endfacet
  facet normal -1 0 0
    outer loop
      vertex 33.800 33.200 0.000
      vertex 33.800 34.400 2.200
      vertex 33.800 34.400 0.000
    endloop
  endfacet
  facet normal 1 0 0
    outer loop
      vertex 34.400 33.200 0.000
      vertex 34.400 34.400 0.000
      vertex 34.400 34.400 2.200
    endloop
  endfacet
  facet normal 1 0 0
    outer loop
      vertex 34.400 33.200 0.000
      vertex 34.400 34.400 2.200
      vertex 34.400 33.200 2.200
    endloop
  endfacet
  facet normal 0 -1 0
    outer loop
      vertex 33.800 33.200 0.000
      vertex 34.400 33.200 0.000
      vertex 34.400 33.200 2.200
    endloop
  endfacet
  facet normal 0 -1 0
    outer loop
      vertex 33.800 33.200 0.000
      vertex 34.400 33.200 2.200
      vertex 33.800 33.200 2.200
    endloop
  endfacet
  facet normal 0 1 0
    outer loop
      vertex 33.800 34.400 0.000
      vertex 33.800 34.400 2.200
      vertex 34.400 34.400 2.200
    endloop
  endfacet
  facet normal 0 1 0
    outer loop
      vertex 33.800 34.400 0.000
      vertex 34.400 34.400 2.200
      vertex 34.400 34.400 0.000
    endloop
  endfacet
  facet normal 0 0 -1
    outer loop
      vertex 33.800 33.200 0.000
      vertex 33.800 34.400 0.000
      vertex 34.400 34.400 0.000
    endloop
  endfacet
  facet normal 0 0 -1
    outer loop
      vertex 33.800 33.200 0.000
      vertex 34.400 34.400 0.000
      vertex 34.400 33.200 0.000
    endloop
  endfacet
  facet normal 0 0 1
    outer loop
      vertex 33.800 33.200 2.200
      vertex 34.400 33.200 2.200
      vertex 34.400 34.400 2.200
    endloop
  endfacet
  facet normal 0 0 1
    outer loop
      vertex 33.800 33.200 2.200
      vertex 34.400 34.400 2.200
      vertex 33.800 34.400 2.200
    endloop
  endfacet
endsolid rack:F2-09:+y
solid rack:F2-10:+y
  facet normal -1 0 0
    outer loop
      vertex 34.400 33.200 0.000
      vertex 34.400 33.200 2.200
      vertex 34.400 34.400 2.200
    endloop
  endfacet
  facet normal -1 0 0
    outer loop
      vertex 34.400 33.200 0.000
      vertex 34.400 34.400 2.200
      vertex 34.400 34.400 0.000
    endloop
  endfacet
  facet normal 1 0 0
    outer loop
      vertex 35.000 33.200 0.000
      vertex 35.000 34.400 0.000
      vertex 35.000 34.400 2.200
    endloop
  endfacet
  facet normal 1 0 0
    outer loop
      vertex 35.000 33.200 0.000
      vertex 35.000 34.400 2.200
      vertex 35.000 33.200 2.200
    endloop
  endfacet
  facet normal 0 -1 0
    outer loop
      vertex 34.400 33.200 0.000
      vertex 35.000 33.200 0.000
      vertex 35.000 33.200 2.200
    endloop
  endfacet
  facet normal 0 -1 0
    outer loop
      vertex 34.400 33.200 0.000
      vertex 35.000 33.200 2.200
      vertex 34.400 33.200 2.200
    endloop
  endfacet
  facet normal 0 1 0
    outer loop
      vertex 34.400 34.400 0.000
      vertex 34.400 34.400 2.200
      vertex 35.000 34.400 2.200
    endloop
  endfacet
  facet normal 0 1 0
    outer loop
      vertex 34.400 34.400 0.000
      vertex 35.000 34.400 2.200
      vertex 35.000 34.400 0.000
    endloop
  endfacet
  facet normal 0 0 -1
    outer loop
      vertex 34.400 33.200 0.000
      vertex 34.400 34.400 0.000
      vertex 35.000 34.400 0.000
    endloop
  endfacet
  facet normal 0 0 -1
    outer loop
      vertex 34.400 33.200 0.000
      vertex 35.000 34.400 0.000
      vertex 35.000 33.200 0.000
    endloop
  endfacet
  facet normal 0 0 1
    outer loop
      vertex 34.400 33.200 2.200
      vertex 35.000 33.200 2.200
      vertex 35.000 34.400 2.200
    endloop
  endfacet
  facet normal 0 0 1
    outer loop
      vertex 34.400 33.200 2.200
      vertex 35.000 34.400 2.200
      vertex 34.400 34.400 2.200
    endloop
  endfacet
endsolid rack:F2-10:+y
solid rack:F2-11:+y
  facet normal -1 0 0
    outer loop
      vertex 35.200 33.200 0.000
      vertex 35.200 33.200 2.200
      vertex 35.200 34.400 2.200
    endloop
  endfacet
  facet normal -1 0 0
    outer loop
      vertex 35.200 33.200 0.000
      vertex 35.200 34.400 2.200
      vertex 35.200 34.400 0.000
    endloop
  endfacet
  facet normal 1 0 0
    outer loop
      vertex 35.800 33.200 0.000
      vertex 35.800 34.400 0.000
      vertex 35.800 34.400 2.200
    endloop
  endfacet
  facet normal 1 0 0
    outer loop
      vertex 35.800 33.200 0.000
      vertex 35.800 34.400 2.200
      vertex 35.800 33.200 2.200
    endloop
  endfacet
  facet normal 0 -1 0
    outer loop
      vertex 35.200 33.200 0.000
      vertex 35.800 33.200 0.000
      vertex 35.800 33.200 2.200
    endloop
  endfacet
  facet normal 0 -1 0
    outer loop
      vertex 35.200 33.200 0.000
      vertex 35.800 33.200 2.200
      vertex 35.200 33.200 2.200
    endloop
  endfacet
  facet normal 0 1 0
    outer loop
      vertex 35.200 34.400 0.000
      vertex 35.200 34.400 2.200
      vertex 35.800 34.400 2.200
    endloop
  endfacet
  facet normal 0 1 0
    outer loop
      vertex 35.200 34.400 0.000
      vertex 35.800 34.400 2.200
      vertex 35.800 34.400 0.000
    endloop
  endfacet
  facet normal 0 0 -1
    outer loop
      vertex 35.200 33.200 0.000
      vertex 35.200 34.400 0.000
      vertex 35.800 34.400 0.000
    endloop
  endfacet
  facet normal 0 0 -1
    outer loop
      vertex 35.200 33.200 0.000
      vertex 35.800 34.400 0.000
      vertex 35.800 33.200 0.000
    endloop
  endfacet
  facet normal 0 0 1
    outer loop
      vertex 35.200 33.200 2.200
      vertex 35.800 33.200 2.200
      vertex 35.800 34.400 2.200
    endloop
  endfacet
  facet normal 0 0 1
    outer loop
      vertex 35.200 33.200 2.200
      vertex 35.800 34.400 2.200
      vertex 35.200 34.400 2.200
    endloop
  endfacet
endsolid rack:F2-11:+y
solid rack:F2-12:+y
  facet normal -1 0 0
    outer loop
      vertex 35.800 33.200 0.000
      vertex 35.800 33.200 2.200
      vertex 35.800 34.400 2.200
    endloop
  endfacet
  facet normal -1 0 0
    outer loop
      vertex 35.800 33.200 0.000
      vertex 35.800 34.400 2.200
      vertex 35.800 34.400 0.000
    endloop
  endfacet
  facet normal 1 0 0
    outer loop
      vertex 36.400 33.200 0.000
      vertex 36.400 34.400 0.000
      vertex 36.400 34.400 2.200
    endloop
  endfacet
  facet normal 1 0 0
    outer loop
      vertex 36.400 33.200 0.000
      vertex 36.400 34.400 2.200
      vertex 36.400 33.200 2.200
    endloop
  endfacet
  facet normal 0 -1 0
    outer loop
      vertex 35.800 33.200 0.000
      vertex 36.400 33.200 0.000
      vertex 36.400 33.200 2.200
    endloop
  endfacet
  facet normal 0 -1 0
    outer loop
      vertex 35.800 33.200 0.000
      vertex 36.400 33.200 2.200
      vertex 35.800 33.200 2.200
    endloop
  endfacet
  facet normal 0 1 0
    outer loop
      vertex 35.800 34.400 0.000
      vertex 35.800 34.400 2.200
      vertex 36.400 34.400 2.200
    endloop
  endfacet
  facet normal 0 1 0
    outer loop
      vertex 35.800 34.400 0.000
      vertex 36.400 34.400 2.200
      vertex 36.400 34.400 0.000
    endloop
  endfacet
  facet normal 0 0 -1
    outer loop
      vertex 35.800 33.200 0.000
      vertex 35.800 34.400 0.000
      vertex 36.400 34.400 0.000
    endloop
  endfacet
  facet normal 0 0 -1
    outer loop
      vertex 35.800 33.200 0.000
      vertex 36.400 34.400 0.000
      vertex 36.400 33.200 0.000
    endloop
  endfacet
  facet normal 0 0 1
    outer loop
      vertex 35.800 33.200 2.200
      vertex 36.400 33.200 2.200
      vertex 36.400 34.400 2.200
    endloop
  endfacet
  facet normal 0 0 1
    outer loop
      vertex 35.800 33.200 2.200
      vertex 36.400 34.400 2.200
      vertex 35.800 34.400 2.200
    endloop
  endfacet
endsolid rack:F2-12:+y
solid rack:F2-13:+y
  facet normal -1 0 0
    outer loop
      vertex 36.400 33.200 0.000
      vertex 36.400 33.200 2.200
      vertex 36.400 34.400 2.200
    endloop
  endfacet
  facet normal -1 0 0
    outer loop
      vertex 36.400 33.200 0.000
      vertex 36.400 34.400 2.200
      vertex 36.400 34.400 0.000
    endloop
  endfacet
  facet normal 1 0 0
    outer loop
      vertex 37.000 33.200 0.000
      vertex 37.000 34.400 0.000
      vertex 37.000 34.400 2.200
    endloop
  endfacet
  facet normal 1 0 0
    outer loop
      vertex 37.000 33.200 0.000
      vertex 37.000 34.400 2.200
      vertex 37.000 33.200 2.200
    endloop
  endfacet
  facet normal 0 -1 0
    outer loop
      vertex 36.400 33.200 0.000
      vertex 37.000 33.200 0.000
      vertex 37.000 33.200 2.200
    endloop
  endfacet
  facet normal 0 -1 0
    outer loop
      vertex 36.400 33.200 0.000
      vertex 37.000 33.200 2.200
      vertex 36.400 33.200 2.200
    endloop
  endfacet
  facet normal 0 1 0
    outer loop
      vertex 36.400 34.400 0.000
      vertex 36.400 34.400 2.200
      vertex 37.000 34.400 2.200
    endloop
  endfacet
  facet normal 0 1 0
    outer loop
      vertex 36.400 34.400 0.000
      vertex 37.000 34.400 2.200
      vertex 37.000 34.400 0.000
    endloop
  endfacet
  facet normal 0 0 -1
    outer loop
      vertex 36.400 33.200 0.000
      vertex 36.400 34.400 0.000
      vertex 37.000 34.400 0.000
    endloop
  endfacet
  facet normal 0 0 -1
    outer loop
      vertex 36.400 33.200 0.000
      vertex 37.000 34.400 0.000
      vertex 37.000 33.200 0.000
    endloop
  endfacet
  facet normal 0 0 1
    outer loop
      vertex 36.400 33.200 2.200
      vertex 37.000 33.200 2.200
      vertex 37.000 34.400 2.200
    endloop
  endfacet
  facet normal 0 0 1
    outer loop
      vertex 36.400 33.200 2.200
      vertex 37.000 34.400 2.200
      vertex 36.400 34.400 2.200
    endloop
  endfacet
endsolid rack:F2-13:+y
solid rack:F2-14:+y
  facet normal -1 0 0
    outer loop
      vertex 37.000 33.200 0.000
      vertex 37.000 33.200 2.200
      vertex 37.000 34.400 2.200
    endloop
  endfacet
  facet normal -1 0 0
    outer loop
      vertex 37.000 33.200 0.000
      vertex 37.000 34.400 2.200
      vertex 37.000 34.400 0.000
    endloop
  endfacet
  facet normal 1 0 0
    outer loop
      vertex 37.600 33.200 0.000
      vertex 37.600 34.400 0.000
      vertex 37.600 34.400 2.200
    endloop
  endfacet
  facet normal 1 0 0
    outer loop
      vertex 37.600 33.200 0.000
      vertex 37.600 34.400 2.200
      vertex 37.600 33.200 2.200
    endloop
  endfacet
  facet normal 0 -1 0
    outer loop
      vertex 37.000 33.200 0.000
      vertex 37.600 33.200 0.000
      vertex 37.600 33.200 2.200
    endloop
  endfacet
  facet normal 0 -1 0
    outer loop
      vertex 37.000 33.200 0.000
      vertex 37.600 33.200 2.200
      vertex 37.000 33.200 2.200
    endloop
  endfacet
  facet normal 0 1 0
    outer loop
      vertex 37.000 34.400 0.000
      vertex 37.000 34.400 2.200
      vertex 37.600 34.400 2.200
    endloop
  endfacet
  facet normal 0 1 0
    outer loop
      vertex 37.000 34.400 0.000
      vertex 37.600 34.400 2.200
      vertex 37.600 34.400 0.000
    endloop
  endfacet
  facet normal 0 0 -1
    outer loop
      vertex 37.000 33.200 0.000
      vertex 37.000 34.400 0.000
      vertex 37.600 34.400 0.000
    endloop
  endfacet
  facet normal 0 0 -1
    outer loop
      vertex 37.000 33.200 0.000
      vertex 37.600 34.400 0.000
      vertex 37.600 33.200 0.000
    endloop
  endfacet
  facet normal 0 0 1
    outer loop
      vertex 37.000 33.200 2.200
      vertex 37.600 33.200 2.200
      vertex 37.600 34.400 2.200
    endloop
  endfacet
  facet normal 0 0 1
    outer loop
      vertex 37.000 33.200 2.200
      vertex 37.600 34.400 2.200
      vertex 37.000 34.400 2.200
    endloop
  endfacet
endsolid rack:F2-14:+y
solid rack:F3-01:-y
  facet normal -1 0 0
    outer loop
      vertex 11.400 29.600 0.000
      vertex 11.400 29.600 2.200
      vertex 11.400 30.800 2.200
    endloop
  endfacet
  facet normal -1 0 0
    outer loop
      vertex 11.400 29.600 0.000
      vertex 11.400 30.800 2.200
      vertex 11.400 30.800 0.000
    endloop
  endfacet
  facet normal 1 0 0
    outer loop
      vertex 12.000 29.600 0.000
      vertex 12.000 30.800 0.000
      vertex 12.000 30.800 2.200
    endloop
  endfacet
  facet normal 1 0 0
    outer loop
      vertex 12.000 29.600 0.000
      vertex 12.000 30.800 2.200
      vertex 12.000 29.600 2.200
    endloop
  endfacet
  facet normal 0 -1 0
    outer loop
      vertex 11.400 29.600 0.000
      vertex 12.000 29.600 0.000
      vertex 12.000 29.600 2.200
    endloop
  endfacet
  facet normal 0 -1 0
    outer loop
      vertex 11.400 29.600 0.000
      vertex 12.000 29.600 2.200
      vertex 11.400 29.600 2.200
    endloop
  endfacet
  facet normal 0 1 0
    outer loop
      vertex 11.400 30.800 0.000
      vertex 11.400 30.800 2.200
      vertex 12.000 30.800 2.200
    endloop
  endfacet
  facet normal 0 1 0
    outer loop
      vertex 11.400 30.800 0.000
      vertex 12.000 30.800 2.200
      vertex 12.000 30.800 0.000
    endloop
  endfacet
  facet normal 0 0 -1
    outer loop
      vertex 11.400 29.600 0.000
      vertex 11.400 30.800 0.000
      vertex 12.000 30.800 0.000
    endloop
  endfacet
  facet normal 0 0 -1
    outer loop
      vertex 11.400 29.600 0.000
      vertex 12.000 30.800 0.000
      vertex 12.000 29.600 0.000
    endloop
  endfacet
  facet normal 0 0 1
    outer loop
      vertex 11.400 29.600 2.200
      vertex 12.000 29.600 2.200
      vertex 12.000 30.800 2.200
    endloop
  endfacet
  facet normal 0 0 1
    outer loop
      vertex 11.400 29.600 2.200
      vertex 12.000 30.800 2.200
      vertex 11.400 30.800 2.200
    endloop
  endfacet
endsolid rack:F3-01:-y
solid rack:F3-02:-y
  facet normal -1 0 0
    outer loop
      vertex 12.000 29.600 0.000
      vertex 12.000 29.600 2.200
      vertex 12.000 30.800 2.200
    endloop
  endfacet
  facet normal -1 0 0
    outer loop
      vertex 12.000 29.600 0.000
      vertex 12.000 30.800 2.200
      vertex 12.000 30.800 0.000
    endloop
  endfacet
  facet normal 1 0 0
    outer loop
      vertex 12.600 29.600 0.000
      vertex 12.600 30.800 0.000
      vertex 12.600 30.800 2.200
    endloop
  endfacet
  facet normal 1 0 0
    outer loop
      vertex 12.600 29.600 0.000
      vertex 12.600 30.800 2.200
      vertex 12.600 29.600 2.200
    endloop
  endfacet
  facet normal 0 -1 0
    outer loop
      vertex 12.000 29.600 0.000
      vertex 12.600 29.600 0.000
      vertex 12.600 29.600 2.200
    endloop
  endfacet
  facet normal 0 -1 0
    outer loop
      vertex 12.000 29.600 0.000
      vertex 12.600 29.600 2.200
      vertex 12.000 29.600 2.200
    endloop
  endfacet
  facet normal 0 1 0
    outer loop
      vertex 12.000 30.800 0.000
      vertex 12.000 30.800 2.200
      vertex 12.600 30.800 2.200
    endloop
  endfacet
  facet normal 0 1 0
    outer loop
      vertex 12.000 30.800 0.000
      vertex 12.600 30.800 2.200
      vertex 12.600 30.800 0.000
    endloop
  endfacet
  facet normal 0 0 -1
    outer loop
      vertex 12.000 29.600 0.000
      vertex 12.000 30.800 0.000
      vertex 12.600 30.800 0.000
    endloop
  endfacet
  facet normal 0 0 -1
    outer loop
      vertex 12.000 29.600 0.000
      vertex 12.600 30.800 0.000
      vertex 12.600 29.600 0.000
    endloop
  endfacet
  facet normal 0 0 1
    outer loop
      vertex 12.000 29.600 2.200
      vertex 12.600 29.600 2.200
      vertex 12.600 30.800 2.200
    endloop
  endfacet
  facet normal 0 0 1
    outer loop
      vertex 12.000 29.600 2.200
      vertex 12.600 30.800 2.200
      vertex 12.000 30.800 2.200
    endloop
  endfacet
endsolid rack:F3-02:-y
solid rack:F3-03:-y
  facet normal -1 0 0
    outer loop
      vertex 12.600 29.600 0.000
      vertex 12.600 29.600 2.200
      vertex 12.600 30.800 2.200
    endloop
  endfacet
  facet normal -1 0 0
    outer loop
      vertex 12.600 29.600 0.000
      vertex 12.600 30.800 2.200
      vertex 12.600 30.800 0.000
    endloop
  endfacet
  facet normal 1 0 0
    outer loop
      vertex 13.200 29.600 0.000
      vertex 13.200 30.800 0.000
      vertex 13.200 30.800 2.200
    endloop
  endfacet
  facet normal 1 0 0
    outer loop
      vertex 13.200 29.600 0.000
      vertex 13.200 30.800 2.200
      vertex 13.200 29.600 2.200
    endloop
  endfacet
  facet normal 0 -1 0
    outer loop
      vertex 12.600 29.600 0.000
      vertex 13.200 29.600 0.000
      vertex 13.200 29.600 2.200
    endloop
  endfacet
  facet normal 0 -1 0
    outer loop
      vertex 12.600 29.600 0.000
      vertex 13.200 29.600 2.200
      vertex 12.600 29.600 2.200
    endloop
  endfacet
  facet normal 0 1 0
    outer loop
      vertex 12.600 30.800 0.000
      vertex 12.600 30.800 2.200
      vertex 13.200 30.800 2.200
    endloop
  endfacet
  facet normal 0 1 0
    outer loop
      vertex 12.600 30.800 0.000
      vertex 13.200 30.800 2.200
      vertex 13.200 30.800 0.000
    endloop
  endfacet
  facet normal 0 0 -1
    outer loop
      vertex 12.600 29.600 0.000
      vertex 12.600 30.800 0.000
      vertex 13.200 30.800 0.000
    endloop
  endfacet
  facet normal 0 0 -1
    outer loop
      vertex 12.600 29.600 0.000
      vertex 13.200 30.800 0.000
      vertex 13.200 29.600 0.000
    endloop
  endfacet
  facet normal 0 0 1
    outer loop
      vertex 12.600 29.600 2.200
      vertex 13.200 29.600 2.200
      vertex 13.200 30.800 2.200
    endloop
  endfacet
  facet normal 0 0 1
    outer loop
      vertex 12.600 29.600 2.200
      vertex 13.200 30.800 2.200
      vertex 12.600 30.800 2.200
    endloop
  endfacet
endsolid rack:F3-03:-y
solid rack:F3-04:-y
  facet normal -1 0 0
    outer loop
      vertex 13.200 29.600 0.000
      vertex 13.200 29.600 2.200
      vertex 13.200 30.800 2.200
    endloop
  endfacet
  facet normal -1 0 0
    outer loop
      vertex 13.200 29.600 0.000
      vertex 13.200 30.800 2.200
      vertex 13.200 30.800 0.000
    endloop
  endfacet
  facet normal 1 0 0
    outer loop
      vertex 13.800 29.600 0.000
      vertex 13.800 30.800 0.000
      vertex 13.800 30.800 2.200
    endloop
  endfacet
  facet normal 1 0 0
    outer loop
      vertex 13.800 29.600 0.000
      vertex 13.800 30.800 2.200
      vertex 13.800 29.600 2.200
    endloop
  endfacet
  facet normal 0 -1 0
    outer loop
      vertex 13.200 29.600 0.000
      vertex 13.800 29.600 0.000
      vertex 13.800 29.600 2.200
    endloop
  endfacet
  facet normal 0 -1 0
    outer loop
      vertex 13.200 29.600 0.000
      vertex 13.800 29.600 2.200
      vertex 13.200 29.600 2.200
    endloop
  endfacet
  facet normal 0 1 0
    outer loop
      vertex 13.200 30.800 0.000
      vertex 13.200 30.800 2.200
      vertex 13.800 30.800 2.200
    endloop
  endfacet
  facet normal 0 1 0
    outer loop
      vertex 13.200 30.800 0.000
      vertex 13.800 30.800 2.200
      vertex 13.800 30.800 0.000
    endloop
  endfacet
  facet normal 0 0 -1
    outer loop
      vertex 13.200 29.600 0.000
      vertex 13.200 30.800 0.000
      vertex 13.800 30.800 0.000
    endloop
  endfacet
  facet normal 0 0 -1
    outer loop
      vertex 13.200 29.600 0.000
      vertex 13.800 30.800 0.000
      vertex 13.800 29.600 0.000
    endloop
  endfacet
  facet normal 0 0 1
    outer loop
      vertex 13.200 29.600 2.200
      vertex 13.800 29.600 2.200
      vertex 13.800 30.800 2.200
    endloop
  endfacet
  facet normal 0 0 1
    outer loop
      vertex 13.200 29.600 2.200
      vertex 13.800 30.800 2.200
      vertex 13.200 30.800 2.200
    endloop
  endfacet
endsolid rack:F3-04:-y
solid rack:F3-05:-y
  facet normal -1 0 0
    outer loop
      vertex 14.000 29.600 0.000
      vertex 14.000 29.600 2.200
      vertex 14.000 30.800 2.200
    endloop
  endfacet
  facet normal -1 0 0
    outer loop
      vertex 14.000 29.600 0.000
      vertex 14.000 30.800 2.200
      vertex 14.000 30.800 0.000
    endloop
  endfacet
  facet normal 1 0 0
    outer loop
      vertex 14.600 29.600 0.000
      vertex 14.600 30.800 0.000
      vertex 14.600 30.800 2.200
    endloop
  endfacet
  facet normal 1 0 0
    outer loop
      vertex 14.600 29.600 0.000
      vertex 14.600 30.800 2.200
      vertex 14.600 29.600 2.200
    endloop
  endfacet
  facet normal 0 -1 0
    outer loop
      vertex 14.000 29.600 0.000
      vertex 14.600 29.600 0.000
      vertex 14.600 29.600 2.200
    endloop
  endfacet
  facet normal 0 -1 0
    outer loop
      vertex 14.000 29.600 0.000
      vertex 14.600 29.600 2.200
      vertex 14.000 29.600 2.200
    endloop
  endfacet
  facet normal 0 1 0
    outer loop
      vertex 14.000 30.800 0.000
      vertex 14.000 30.800 2.200
      vertex 14.600 30.800 2.200
    endloop
  endfacet
  facet normal 0 1 0
    outer loop
      vertex 14.000 30.800 0.000
      vertex 14.600 30.800 2.200
      vertex 14.600 30.800 0.000
    endloop
  endfacet
  facet normal 0 0 -1
    outer loop
      vertex 14.000 29.600 0.000
      vertex 14.000 30.800 0.000
      vertex 14.600 30.800 0.000
    endloop
  endfacet
  facet normal 0 0 -1
    outer loop
      vertex 14.000 29.600 0.000
      vertex 14.600 30.800 0.000
      vertex 14.600 29.600 0.000
    endloop
  endfacet
  facet normal 0 0 1
    outer loop
      vertex 14.000 29.600 2.200
      vertex 14.600 29.600 2.200
      vertex 14.600 30.800 2.200
    endloop
  endfacet
  facet normal 0 0 1
    outer loop
      vertex 14.000 29.600 2.200
      vertex 14.600 30.800 2.200
      vertex 14.000 30.800 2.200
    endloop
  endfacet
endsolid rack:F3-05:-y
solid rack:F3-06:-y
  facet normal -1 0 0
    outer loop
      vertex 14.600 29.600 0.000
      vertex 14.600 29.600 2.200
      vertex 14.600 30.800 2.200
    endloop
  endfacet
  facet normal -1 0 0
    outer loop
      vertex 14.600 29.600 0.000
      vertex 14.600 30.800 2.200
      vertex 14.600 30.800 0.000
    endloop
  endfacet
  facet normal 1 0 0
    outer loop
      vertex 15.200 29.600 0.000
      vertex 15.200 30.800 0.000
      vertex 15.200 30.800 2.200
    endloop
  endfacet
  facet normal 1 0 0
    outer loop
      vertex 15.200 29.600 0.000
      vertex 15.200 30.800 2.200
      vertex 15.200 29.600 2.200
    endloop
  endfacet
  facet normal 0 -1 0
    outer loop
      vertex 14.600 29.600 0.000
      vertex 15.200 29.600 0.000
      vertex 15.200 29.600 2.200
    endloop
  endfacet
  facet normal 0 -1 0
    outer loop
      vertex 14.600 29.600 0.000
      vertex 15.200 29.600 2.200
      vertex 14.600 29.600 2.200
    endloop
  endfacet
  facet normal 0 1 0
    outer loop
      vertex 14.600 30.800 0.000
      vertex 14.600 30.800 2.200
      vertex 15.200 30.800 2.200
    endloop
  endfacet
  facet normal 0 1 0
    outer loop
      vertex 14.600 30.800 0.000
      vertex 15.200 30.800 2.200
      vertex 15.200 30.800 0.000
    endloop
  endfacet
  facet normal 0 0 -1
    outer loop
      vertex 14.600 29.600 0.000
      vertex 14.600 30.800 0.000
      vertex 15.200 30.800 0.000
    endloop
  endfacet
  facet normal 0 0 -1
    outer loop
      vertex 14.600 29.600 0.000
      vertex 15.200 30.800 0.000
      vertex 15.200 29.600 0.000
    endloop
  endfacet
  facet normal 0 0 1
    outer loop
      vertex 14.600 29.600 2.200
      vertex 15.200 29.600 2.200
      vertex 15.200 30.800 2.200
    endloop
  endfacet
  facet normal 0 0 1
    outer loop
      vertex 14.600 29.600 2.200
      vertex 15.200 30.800 2.200
      vertex 14.600 30.800 2.200
    endloop
  endfacet
endsolid rack:F3-06:-y
solid rack:F3-07:-y
  facet normal -1 0 0
    outer loop
      vertex 15.200 29.600 0.000
      vertex 15.200 29.600 2.200
      vertex 15.200 30.800 2.200
    endloop
  endfacet
  facet normal -1 0 0
    outer loop
      vertex 15.200 29.600 0.000
      vertex 15.200 30.800 2.200
      vertex 15.200 30.800 0.000
    endloop
  endfacet
  facet normal 1 0 0
    outer loop
      vertex 15.800 29.600 0.000
      vertex 15.800 30.800 0.000
      vertex 15.800 30.800 2.200
    endloop
  endfacet
  facet normal 1 0 0
    outer loop
      vertex 15.800 29.600 0.000
      vertex 15.800 30.800 2.200
      vertex 15.800 29.600 2.200
    endloop
  endfacet
  facet normal 0 -1 0
    outer loop
      vertex 15.200 29.600 0.000
      vertex 15.800 29.600 0.000
      vertex 15.800 29.600 2.200
    endloop
  endfacet
  facet normal 0 -1 0
    outer loop
      vertex 15.200 29.600 0.000
      vertex 15.800 29.600 2.200
      vertex 15.200 29.600 2.200
    endloop
  endfacet
  facet normal 0 1 0
    outer loop
      vertex 15.200 30.800 0.000
      vertex 15.200 30.800 2.200
      vertex 15.800 30.800 2.200
    endloop
  endfacet
  facet normal 0 1 0
    outer loop
      vertex 15.200 30.800 0.000
      vertex 15.800 30.800 2.200
      vertex 15.800 30.800 0.000
    endloop
  endfacet
  facet normal 0 0 -1
    outer loop
      vertex 15.200 29.600 0.000
      vertex 15.200 30.800 0.000
      vertex 15.800 30.800 0.000
    endloop
  endfacet
  facet normal 0 0 -1
    outer loop
      vertex 15.200 29.600 0.000
      vertex 15.800 30.800 0.000
      vertex 15.800 29.600 0.000
    endloop
  endfacet
  facet normal 0 0 1
    outer loop
      vertex 15.200 29.600 2.200
      vertex 15.800 29.600 2.200
      vertex 15.800 30.800 2.200
    endloop
  endfacet
  facet normal 0 0 1
    outer loop
      vertex 15.200 29.600 2.200
      vertex 15.800 30.800 2.200
      vertex 15.200 30.800 2.200
    endloop
  endfacet
endsolid rack:F3-07:-y
solid rack:F3-08:-y
  facet normal -1 0 0
    outer loop
      vertex 15.800 29.600 0.000
      vertex 15.800 29.600 2.200
      vertex 15.800 30.800 2.200
    endloop
  endfacet
  facet normal -1 0 0
    outer loop
      vertex 15.800 29.600 0.000
      vertex 15.800 30.800 2.200
      vertex 15.800 30.800 0.000
    endloop
  endfacet
  facet normal 1 0 0
    outer loop
      vertex 16.400 29.600 0.000
      vertex 16.400 30.800 0.000
      vertex 16.400 30.800 2.200
    endloop
  endfacet
  facet normal 1 0 0
    outer loop
      vertex 16.400 29.600 0.000
      vertex 16.400 30.800 2.200
      vertex 16.400 29.600 2.200
    endloop
  endfacet
  facet normal 0 -1 0
    outer loop
      vertex 15.800 29.600 0.000
      vertex 16.400 29.600 0.000
      vertex 16.400 29.600 2.200
    endloop
  endfacet
  facet normal 0 -1 0
    outer loop
      vertex 15.800 29.600 0.000
      vertex 16.400 29.600 2.200
      vertex 15.800 29.600 2.200
    endloop
  endfacet
  facet normal 0 1 0
    outer loop
      vertex 15.800 30.800 0.000
      vertex 15.800 30.800 2.200
      vertex 16.400 30.800 2.200
    endloop
  endfacet
  facet normal 0 1 0
    outer loop
      vertex 15.800 30.800 0.000
      vertex 16.400 30.800 2.200
      vertex 16.400 30.800 0.000
    endloop
  endfacet
  facet normal 0 0 -1
    outer loop
      vertex 15.800 29.600 0.000
      vertex 15.800 30.800 0.000
      vertex 16.400 30.800 0.000
    endloop
  endfacet
  facet normal 0 0 -1
    outer loop
      vertex 15.800 29.600 0.000
      vertex 16.400 30.800 0.000
      vertex 16.400 29.600 0.000
    endloop
  endfacet
  facet normal 0 0 1
    outer loop
      vertex 15.800 29.600 2.200
      vertex 16.400 29.600 2.200
      vertex 16.400 30.800 2.200
    endloop
  endfacet
  facet normal 0 0 1
    outer loop
      vertex 15.800 29.600 2.200
      vertex 16.400 30.800 2.200
      vertex 15.800 30.800 2.200
    endloop
  endfacet
endsolid rack:F3-08:-y
solid rack:F3-09:-y
  facet normal -1 0 0
    outer loop
      vertex 16.600 29.600 0.000
      vertex 16.600 29.600 2.200
      vertex 16.600 30.800 2.200
    endloop
  endfacet
  facet normal -1 0 0
    outer loop
      vertex 16.600 29.600 0.000
      vertex 16.600 30.800 2.200
      vertex 16.600 30.800 0.000
    endloop
  endfacet
  facet normal 1 0 0
    outer loop
      vertex 17.400 29.600 0.000
      vertex 17.400 30.800 0.000
      vertex 17.400 30.800 2.200
    endloop
  endfacet
  facet normal 1 0 0
    outer loop
      vertex 17.400 29.600 0.000
      vertex 17.400 30.800 2.200
      vertex 17.400 29.600 2.200
    endloop
  endfacet
  facet normal 0 -1 0
    outer loop
      vertex 16.600 29.600 0.000
      vertex 17.400 29.600 0.000
      vertex 17.400 29.600 2.200
    endloop
  endfacet
  facet normal 0 -1 0
    outer loop
      vertex 16.600 29.600 0.000
      vertex 17.400 29.600 2.200
      vertex 16.600 29.600 2.200
    endloop
  endfacet
  facet normal 0 1 0
    outer loop
      vertex 16.600 30.800 0.000
      vertex 16.600 30.800 2.200
      vertex 17.400 30.800 2.200
    endloop
  endfacet
  facet normal 0 1 0
    outer loop
      vertex 16.600 30.800 0.000
      vertex 17.400 30.800 2.200
      vertex 17.400 30.800 0.000
    endloop
  endfacet
  facet normal 0 0 -1
    outer loop
      vertex 16.600 29.600 0.000
      vertex 16.600 30.800 0.000
      vertex 17.400 30.800 0.000
    endloop
  endfacet
  facet normal 0 0 -1
    outer loop
      vertex 16.600 29.600 0.000
      vertex 17.400 30.800 0.000
      vertex 17.400 29.600 0.000
    endloop
  endfacet
  facet normal 0 0 1
    outer loop
      vertex 16.600 29.600 2.200
      vertex 17.400 29.600 2.200
      vertex 17.400 30.800 2.200
    endloop
  endfacet
  facet normal 0 0 1
    outer loop
      vertex 16.600 29.600 2.200
      vertex 17.400 30.800 2.200
      vertex 16.600 30.800 2.200
    endloop
  endfacet
endsolid rack:F3-09:-y
solid rack:F3-10:-y
  facet normal -1 0 0
    outer loop
      vertex 17.400 29.600 0.000
      vertex 17.400 29.600 2.200
      vertex 17.400 30.800 2.200
    endloop
  endfacet
  facet normal -1 0 0
    outer loop
      vertex 17.400 29.600 0.000
      vertex 17.400 30.800 2.200
      vertex 17.400 30.800 0.000
    endloop
  endfacet
  facet normal 1 0 0
    outer loop
      vertex 18.200 29.600 0.000
      vertex 18.200 30.800 0.000
      vertex 18.200 30.800 2.200
    endloop
  endfacet
  facet normal 1 0 0
    outer loop
      vertex 18.200 29.600 0.000
      vertex 18.200 30.800 2.200
      vertex 18.200 29.600 2.200
    endloop
  endfacet
  facet normal 0 -1 0
    outer loop
      vertex 17.400 29.600 0.000
      vertex 18.200 29.600 0.000
      vertex 18.200 29.600 2.200
    endloop
  endfacet
  facet normal 0 -1 0
    outer loop
      vertex 17.400 29.600 0.000
      vertex 18.200 29.600 2.200
      vertex 17.400 29.600 2.200
    endloop
  endfacet
  facet normal 0 1 0
    outer loop
      vertex 17.400 30.800 0.000
      vertex 17.400 30.800 2.200
      vertex 18.200 30.800 2.200
    endloop
  endfacet
  facet normal 0 1 0
    outer loop
      vertex 17.400 30.800 0.000
      vertex 18.200 30.800 2.200
      vertex 18.200 30.800 0.000
    endloop
  endfacet
  facet normal 0 0 -1
    outer loop
      vertex 17.400 29.600 0.000
      vertex 17.400 30.800 0.000
      vertex 18.200 30.800 0.000
    endloop
  endfacet
  facet normal 0 0 -1
    outer loop
      vertex 17.400 29.600 0.000
      vertex 18.200 30.800 0.000
      vertex 18.200 29.600 0.000
    endloop
  endfacet
  facet normal 0 0 1
    outer loop
      vertex 17.400 29.600 2.200
      vertex 18.200 29.600 2.200
      vertex 18.200 30.800 2.200
    endloop
  endfacet
  facet normal 0 0 1
    outer loop
      vertex 17.400 29.600 2.200
      vertex 18.200 30.800 2.200
      vertex 17.400 30.800 2.200
    endloop
  endfacet
endsolid rack:F3-10:-y
solid rack:F3-11:-y
  facet normal -1 0 0
    outer loop
      vertex 18.200 29.600 0.000
      vertex 18.200 29.600 2.200
      vertex 18.200 30.800 2.200
    endloop
  endfacet
  facet normal -1 0 0
    outer loop
      vertex 18.200 29.600 0.000
      vertex 18.200 30.800 2.200
      vertex 18.200 30.800 0.000
    endloop
  endfacet
  facet normal 1 0 0
    outer loop
      vertex 18.800 29.600 0.000
      vertex 18.800 30.800 0.000
      vertex 18.800 30.800 2.200
    endloop
  endfacet
  facet normal 1 0 0
    outer loop
      vertex 18.800 29.600 0.000
      vertex 18.800 30.800 2.200
      vertex 18.800 29.600 2.200
    endloop
  endfacet
  facet normal 0 -1 0
    outer loop
      vertex 18.200 29.600 0.000
      vertex 18.800 29.600 0.000
      vertex 18.800 29.600 2.200
    endloop
  endfacet
  facet normal 0 -1 0
    outer loop
      vertex 18.200 29.600 0.000
      vertex 18.800 29.600 2.200
      vertex 18.200 29.600 2.200
    endloop
  endfacet
  facet normal 0 1 0
    outer loop
      vertex 18.200 30.800 0.000
      vertex 18.200 30.800 2.200
      vertex 18.800 30.800 2.200
    endloop
  endfacet
  facet normal 0 1 0
    outer loop
      vertex 18.200 30.800 0.000
      vertex 18.800 30.800 2.200
      vertex 18.800 30.800 0.000
    endloop
  endfacet
  facet normal 0 0 -1
    outer loop
      vertex 18.200 29.600 0.000
      vertex 18.200 30.800 0.000
      vertex 18.800 30.800 0.000
    endloop
  endfacet
  facet normal 0 0 -1
    outer loop
      vertex 18.200 29.600 0.000
      vertex 18.800 30.800 0.000
      vertex 18.800 29.600 0.000
    endloop
  endfacet
  facet normal 0 0 1
    outer loop
      vertex 18.200 29.600 2.200
      vertex 18.800 29.600 2.200
      vertex 18.800 30.800 2.200
    endloop
  endfacet
  facet normal 0 0 1
    outer loop
      vertex 18.200 29.600 2.200
      vertex 18.800 30.800 2.200
      vertex 18.200 30.800 2.200
    endloop
  endfacet
endsolid rack:F3-11:-y
solid rack:F3-12:-y
  facet normal -1 0 0
    outer loop
      vertex 19.000 29.600 0.000
      vertex 19.000 29.600 2.200
      vertex 19.000 30.800 2.200
    endloop
  endfacet
  facet normal -1 0 0
    outer loop
      vertex 19.000 29.600 0.000
      vertex 19.000 30.800 2.200
      vertex 19.000 30.800 0.000
    endloop
  endfacet
  facet normal 1 0 0
    outer loop
      vertex 19.800 29.600 0.000
      vertex 19.800 30.800 0.000
      vertex 19.800 30.800 2.200
    endloop
  endfacet
  facet normal 1 0 0
    outer loop
      vertex 19.800 29.600 0.000
      vertex 19.800 30.800 2.200
      vertex 19.800 29.600 2.200
    endloop
  endfacet
  facet normal 0 -1 0
    outer loop
      vertex 19.000 29.600 0.000
      vertex 19.800 29.600 0.000
      vertex 19.800 29.600 2.200
    endloop
  endfacet
  facet normal 0 -1 0
    outer loop
      vertex 19.000 29.600 0.000
      vertex 19.800 29.600 2.200
      vertex 19.000 29.600 2.200
    endloop
  endfacet
  facet normal 0 1 0
    outer loop
      vertex 19.000 30.800 0.000
      vertex 19.000 30.800 2.200
      vertex 19.800 30.800 2.200
    endloop
  endfacet
  facet normal 0 1 0
    outer loop
      vertex 19.000 30.800 0.000
      vertex 19.800 30.800 2.200
      vertex 19.800 30.800 0.000
    endloop
  endfacet
  facet normal 0 0 -1
    outer loop
      vertex 19.000 29.600 0.000
      vertex 19.000 30.800 0.000
      vertex 19.800 30.800 0.000
    endloop
  endfacet
  facet normal 0 0 -1
    outer loop
      vertex 19.000 29.600 0.000
      vertex 19.800 30.800 0.000
      vertex 19.800 29.600 0.000
    endloop
  endfacet
  facet normal 0 0 1
    outer loop
      vertex 19.000 29.600 2.200
      vertex 19.800 29.600 2.200
      vertex 19.800 30.800 2.200
    endloop
  endfacet
  facet normal 0 0 1
    outer loop
      vertex 19.000 29.600 2.200
      vertex 19.800 30.800 2.200
      vertex 19.000 30.800 2.200
    endloop
  endfacet
endsolid rack:F3-12:-y
solid rack:F3-13:-y
  facet normal -1 0 0
    outer loop
      vertex 19.800 29.600 0.000
      vertex 19.800 29.600 2.200
      vertex 19.800 30.800 2.200
    endloop
  endfacet
  facet normal -1 0 0
    outer loop
      vertex 19.800 29.600 0.000
      vertex 19.800 30.800 2.200
      vertex 19.800 30.800 0.000
    endloop
  endfacet
  facet normal 1 0 0
    outer loop
      vertex 20.600 29.600 0.000
      vertex 20.600 30.800 0.000
      vertex 20.600 30.800 2.200
    endloop
  endfacet
  facet normal 1 0 0
    outer loop
      vertex 20.600 29.600 0.000
      vertex 20.600 30.800 2.200
      vertex 20.600 29.600 2.200
    endloop
  endfacet
  facet normal 0 -1 0
    outer loop
      vertex 19.800 29.600 0.000
      vertex 20.600 29.600 0.000
      vertex 20.600 29.600 2.200
    endloop
  endfacet
  facet normal 0 -1 0
    outer loop
      vertex 19.800 29.600 0.000
      vertex 20.600 29.600 2.200
      vertex 19.800 29.600 2.200
    endloop
  endfacet
  facet normal 0 1 0
    outer loop
      vertex 19.800 30.800 0.000
      vertex 19.800 30.800 2.200
      vertex 20.600 30.800 2.200
    endloop
  endfacet
  facet normal 0 1 0
    outer loop
      vertex 19.800 30.800 0.000
      vertex 20.600 30.800 2.200
      vertex 20.600 30.800 0.000
    endloop
  endfacet
  facet normal 0 0 -1
    outer loop
      vertex 19.800 29.600 0.000
      vertex 19.800 30.800 0.000
      vertex 20.600 30.800 0.000
    endloop
  endfacet
  facet normal 0 0 -1
    outer loop
      vertex 19.800 29.600 0.000
      vertex 20.600 30.800 0.000
      vertex 20.600 29.600 0.000
    endloop
  endfacet
  facet normal 0 0 1
    outer loop
      vertex 19.800 29.600 2.200
      vertex 20.600 29.600 2.200
      vertex 20.600 30.800 2.200
    endloop
  endfacet
  facet normal 0 0 1
    outer loop
      vertex 19.800 29.600 2.200
      vertex 20.600 30.800 2.200
      vertex 19.800 30.800 2.200
    endloop
  endfacet
endsolid rack:F3-13:-y
solid rack:F4-01:-y
  facet normal -1 0 0
    outer loop
      vertex 25.800 29.600 0.000
      vertex 25.800 29.600 2.200
      vertex 25.800 30.800 2.200
    endloop
  endfacet
  facet normal -1 0 0
    outer loop
      vertex 25.800 29.600 0.000
      vertex 25.800 30.800 2.200
      vertex 25.800 30.800 0.000
    endloop
  endfacet
  facet normal 1 0 0
    outer loop
      vertex 26.600 29.600 0.000
      vertex 26.600 30.800 0.000
      vertex 26.600 30.800 2.200
    endloop
  endfacet
  facet normal 1 0 0
    outer loop
      vertex 26.600 29.600 0.000
      vertex 26.600 30.800 2.200
      vertex 26.600 29.600 2.200
    endloop
  endfacet
  facet normal 0 -1 0
    outer loop
      vertex 25.800 29.600 0.000
      vertex 26.600 29.600 0.000
      vertex 26.600 29.600 2.200
    endloop
  endfacet
  facet normal 0 -1 0
    outer loop
      vertex 25.800 29.600 0.000
      vertex 26.600 29.600 2.200
      vertex 25.800 29.600 2.200
    endloop
  endfacet
  facet normal 0 1 0
    outer loop
      vertex 25.800 30.800 0.000
      vertex 25.800 30.800 2.200
      vertex 26.600 30.800 2.200
    endloop
  endfacet
  facet normal 0 1 0
    outer loop
      vertex 25.800 30.800 0.000
      vertex 26.600 30.800 2.200
      vertex 26.600 30.800 0.000
    endloop
  endfacet
  facet normal 0 0 -1
    outer loop
      vertex 25.800 29.600 0.000
      vertex 25.800 30.800 0.000
      vertex 26.600 30.800 0.000
    endloop
  endfacet
  facet normal 0 0 -1
    outer loop
      vertex 25.800 29.600 0.000
      vertex 26.600 30.800 0.000
      vertex 26.600 29.600 0.000
    endloop
  endfacet
  facet normal 0 0 1
    outer loop
      vertex 25.800 29.600 2.200
      vertex 26.600 29.600 2.200
      vertex 26.600 30.800 2.200
    endloop
  endfacet
  facet normal 0 0 1
    outer loop
      vertex 25.800 29.600 2.200
      vertex 26.600 30.800 2.200
      vertex 25.800 30.800 2.200
    endloop
  endfacet
endsolid rack:F4-01:-y
solid rack:F4-02:-y
  facet normal -1 0 0
    outer loop
      vertex 26.600 29.600 0.000
      vertex 26.600 29.600 2.200
      vertex 26.600 30.800 2.200
    endloop
  endfacet
  facet normal -1 0 0
    outer loop
      vertex 26.600 29.600 0.000
      vertex 26.600 30.800 2.200
      vertex 26.600 30.800 0.000
    endloop
  endfacet
  facet normal 1 0 0
    outer loop
      vertex 27.400 29.600 0.000
      vertex 27.400 30.800 0.000
      vertex 27.400 30.800 2.200
    endloop
  endfacet
  facet normal 1 0 0
    outer loop
      vertex 27.400 29.600 0.000
      vertex 27.400 30.800 2.200
      vertex 27.400 29.600 2.200
    endloop
  endfacet
  facet normal 0 -1 0
    outer loop
      vertex 26.600 29.600 0.000
      vertex 27.400 29.600 0.000
      vertex 27.400 29.600 2.200
    endloop
  endfacet
  facet normal 0 -1 0
    outer loop
      vertex 26.600 29.600 0.000
      vertex 27.400 29.600 2.200
      vertex 26.600 29.600 2.200
    endloop
  endfacet
  facet normal 0 1 0
    outer loop
      vertex 26.600 30.800 0.000
      vertex 26.600 30.800 2.200
      vertex 27.400 30.800 2.200
    endloop
  endfacet
  facet normal 0 1 0
    outer loop
      vertex 26.600 30.800 0.000
      vertex 27.400 30.800 2.200
      vertex 27.400 30.800 0.000
    endloop
  endfacet
  facet normal 0 0 -1
    outer loop
      vertex 26.600 29.600 0.000
      vertex 26.600 30.800 0.000
      vertex 27.400 30.800 0.000
    endloop
  endfacet
  facet normal 0 0 -1
    outer loop
      vertex 26.600 29.600 0.000
      vertex 27.400 30.800 0.000
      vertex 27.400 29.600 0.000
    endloop
  endfacet
  facet normal 0 0 1
    outer loop
      vertex 26.600 29.600 2.200
      vertex 27.400 29.600 2.200
      vertex 27.400 30.800 2.200
    endloop
  endfacet
  facet normal 0 0 1
    outer loop
      vertex 26.600 29.600 2.200
      vertex 27.400 30.800 2.200
      vertex 26.600 30.800 2.200
    endloop
  endfacet
endsolid rack:F4-02:-y
solid rack:F4-03:-y
  facet normal -1 0 0
    outer loop
      vertex 27.600 29.600 0.000
      vertex 27.600 29.600 2.200
      vertex 27.600 30.800 2.200
    endloop
  endfacet
  facet normal -1 0 0
    outer loop
      vertex 27.600 29.600 0.000
      vertex 27.600 30.800 2.200
      vertex 27.600 30.800 0.000
    endloop
  endfacet
  facet normal 1 0 0
    outer loop
      vertex 28.400 29.600 0.000
      vertex 28.400 30.800 0.000
      vertex 28.400 30.800 2.200
    endloop
  endfacet
  facet normal 1 0 0
    outer loop
      vertex 28.400 29.600 0.000
      vertex 28.400 30.800 2.200
      vertex 28.400 29.600 2.200
    endloop
  endfacet
  facet normal 0 -1 0
    outer loop
      vertex 27.600 29.600 0.000
      vertex 28.400 29.600 0.000
      vertex 28.400 29.600 2.200
    endloop
  endfacet
  facet normal 0 -1 0
    outer loop
      vertex 27.600 29.600 0.000
      vertex 28.400 29.600 2.200
      vertex 27.600 29.600 2.200
    endloop
  endfacet
  facet normal 0 1 0
    outer loop
      vertex 27.600 30.800 0.000
      vertex 27.600 30.800 2.200
      vertex 28.400 30.800 2.200
    endloop
  endfacet
  facet normal 0 1 0
    outer loop
      vertex 27.600 30.800 0.000
      vertex 28.400 30.800 2.200
      vertex 28.400 30.800 0.000
    endloop
  endfacet
  facet normal 0 0 -1
    outer loop
      vertex 27.600 29.600 0.000
      vertex 27.600 30.800 0.000
      vertex 28.400 30.800 0.000
    endloop
  endfacet
  facet normal 0 0 -1
    outer loop
      vertex 27.600 29.600 0.000
      vertex 28.400 30.800 0.000
      vertex 28.400 29.600 0.000
    endloop
  endfacet
  facet normal 0 0 1
    outer loop
      vertex 27.600 29.600 2.200
      vertex 28.400 29.600 2.200
      vertex 28.400 30.800 2.200
    endloop
  endfacet
  facet normal 0 0 1
    outer loop
      vertex 27.600 29.600 2.200
      vertex 28.400 30.800 2.200
      vertex 27.600 30.800 2.200
    endloop
  endfacet
endsolid rack:F4-03:-y
solid rack:F4-04:-y
  facet normal -1 0 0
    outer loop
      vertex 28.400 29.600 0.000
      vertex 28.400 29.600 2.200
      vertex 28.400 30.800 2.200
    endloop
  endfacet
  facet normal -1 0 0
    outer loop
      vertex 28.400 29.600 0.000
      vertex 28.400 30.800 2.200
      vertex 28.400 30.800 0.000
    endloop
  endfacet
  facet normal 1 0 0
    outer loop
      vertex 29.200 29.600 0.000
      vertex 29.200 30.800 0.000
      vertex 29.200 30.800 2.200
    endloop
  endfacet
  facet normal 1 0 0
    outer loop
      vertex 29.200 29.600 0.000
      vertex 29.200 30.800 2.200
      vertex 29.200 29.600 2.200
    endloop
  endfacet
  facet normal 0 -1 0
    outer loop
      vertex 28.400 29.600 0.000
      vertex 29.200 29.600 0.000
      vertex 29.200 29.600 2.200
    endloop
  endfacet
  facet normal 0 -1 0
    outer loop
      vertex 28.400 29.600 0.000
      vertex 29.200 29.600 2.200
      vertex 28.400 29.600 2.200
    endloop
  endfacet
  facet normal 0 1 0
    outer loop
      vertex 28.400 30.800 0.000
      vertex 28.400 30.800 2.200
      vertex 29.200 30.800 2.200
    endloop
  endfacet
  facet normal 0 1 0
    outer loop
      vertex 28.400 30.800 0.000
      vertex 29.200 30.800 2.200
      vertex 29.200 30.800 0.000
    endloop
  endfacet
  facet normal 0 0 -1
    outer loop
      vertex 28.400 29.600 0.000
      vertex 28.400 30.800 0.000
      vertex 29.200 30.800 0.000
    endloop
  endfacet
  facet normal 0 0 -1
    outer loop
      vertex 28.400 29.600 0.000
      vertex 29.200 30.800 0.000
      vertex 29.200 29.600 0.000
    endloop
  endfacet
  facet normal 0 0 1
    outer loop
      vertex 28.400 29.600 2.200
      vertex 29.200 29.600 2.200
      vertex 29.200 30.800 2.200
    endloop
  endfacet
  facet normal 0 0 1
    outer loop
      vertex 28.400 29.600 2.200
      vertex 29.200 30.800 2.200
      vertex 28.400 30.800 2.200
    endloop
  endfacet
endsolid rack:F4-04:-y
solid rack:F4-05:-y
  facet normal -1 0 0
    outer loop
      vertex 29.200 29.600 0.000
      vertex 29.200 29.600 2.200
      vertex 29.200 30.800 2.200
    endloop
  endfacet
  facet normal -1 0 0
    outer loop
      vertex 29.200 29.600 0.000
      vertex 29.200 30.800 2.200
      vertex 29.200 30.800 0.000
    endloop
  endfacet
  facet normal 1 0 0
    outer loop
      vertex 30.000 29.600 0.000
      vertex 30.000 30.800 0.000
      vertex 30.000 30.800 2.200
    endloop
  endfacet
  facet normal 1 0 0
    outer loop
      vertex 30.000 29.600 0.000
      vertex 30.000 30.800 2.200
      vertex 30.000 29.600 2.200
    endloop
  endfacet
  facet normal 0 -1 0
    outer loop
      vertex 29.200 29.600 0.000
      vertex 30.000 29.600 0.000
      vertex 30.000 29.600 2.200
    endloop
  endfacet
  facet normal 0 -1 0
    outer loop
      vertex 29.200 29.600 0.000
      vertex 30.000 29.600 2.200
      vertex 29.200 29.600 2.200
    endloop
  endfacet
  facet normal 0 1 0
    outer loop
      vertex 29.200 30.800 0.000
      vertex 29.200 30.800 2.200
      vertex 30.000 30.800 2.200
    endloop
  endfacet
  facet normal 0 1 0
    outer loop
      vertex 29.200 30.800 0.000
      vertex 30.000 30.800 2.200
      vertex 30.000 30.800 0.000
    endloop
  endfacet
  facet normal 0 0 -1
    outer loop
      vertex 29.200 29.600 0.000
      vertex 29.200 30.800 0.000
      vertex 30.000 30.800 0.000
    endloop
  endfacet
  facet normal 0 0 -1
    outer loop
      vertex 29.200 29.600 0.000
      vertex 30.000 30.800 0.000
      vertex 30.000 29.600 0.000
    endloop
  endfacet
  facet normal 0 0 1
    outer loop
      vertex 29.200 29.600 2.200
      vertex 30.000 29.600 2.200
      vertex 30.000 30.800 2.200
    endloop
  endfacet
  facet normal 0 0 1
    outer loop
      vertex 29.200 29.600 2.200
      vertex 30.000 30.800 2.200
      vertex 29.200 30.800 2.200
    endloop
  endfacet
endsolid rack:F4-05:-y
solid rack:F4-06:-y
  facet normal -1 0 0
    outer loop
      vertex 30.800 29.600 0.000
      vertex 30.800 29.600 2.200
      vertex 30.800 30.800 2.200
    endloop
  endfacet
  facet normal -1 0 0
    outer loop
      vertex 30.800 29.600 0.000
      vertex 30.800 30.800 2.200
      vertex 30.800 30.800 0.000
    endloop
  endfacet
  facet normal 1 0 0
    outer loop
      vertex 31.600 29.600 0.000
      vertex 31.600 30.800 0.000
      vertex 31.600 30.800 2.200
    endloop
  endfacet
  facet normal 1 0 0
    outer loop
      vertex 31.600 29.600 0.000
      vertex 31.600 30.800 2.200
      vertex 31.600 29.600 2.200
    endloop
  endfacet
  facet normal 0 -1 0
    outer loop
      vertex 30.800 29.600 0.000
      vertex 31.600 29.600 0.000
      vertex 31.600 29.600 2.200
    endloop
  endfacet
  facet normal 0 -1 0
    outer loop
      vertex 30.800 29.600 0.000
      vertex 31.600 29.600 2.200
      vertex 30.800 29.600 2.200
    endloop
  endfacet
  facet normal 0 1 0
    outer loop
      vertex 30.800 30.800 0.000
      vertex 30.800 30.800 2.200
      vertex 31.600 30.800 2.200
    endloop
  endfacet
  facet normal 0 1 0
    outer loop
      vertex 30.800 30.800 0.000
      vertex 31.600 30.800 2.200
      vertex 31.600 30.800 0.000
    endloop
  endfacet
  facet normal 0 0 -1
    outer loop
      vertex 30.800 29.600 0.000
      vertex 30.800 30.800 0.000
      vertex 31.600 30.800 0.000
    endloop
  endfacet
  facet normal 0 0 -1
    outer loop
      vertex 30.800 29.600 0.000
      vertex 31.600 30.800 0.000
      vertex 31.600 29.600 0.000
    endloop
  endfacet
  facet normal 0 0 1
    outer loop
      vertex 30.800 29.600 2.200
      vertex 31.600 29.600 2.200
      vertex 31.600 30.800 2.200
    endloop
  endfacet
  facet normal 0 0 1
    outer loop
      vertex 30.800 29.600 2.200
      vertex 31.600 30.800 2.200
      vertex 30.800 30.800 2.200
    endloop
  endfacet
endsolid rack:F4-06:-y
solid rack:F4-07:-y
  facet normal -1 0 0
    outer loop
      vertex 31.600 29.600 0.000
      vertex 31.600 29.600 2.200
      vertex 31.600 30.800 2.200
    endloop
  endfacet
  facet normal -1 0 0
    outer loop
      vertex 31.600 29.600 0.000
      vertex 31.600 30.800 2.200
      vertex 31.600 30.800 0.000
    endloop
  endfacet
  facet normal 1 0 0
    outer loop
      vertex 32.400 29.600 0.000
      vertex 32.400 30.800 0.000
      vertex 32.400 30.800 2.200
    endloop
  endfacet
  facet normal 1 0 0
    outer loop
      vertex 32.400 29.600 0.000
      vertex 32.400 30.800 2.200
      vertex 32.400 29.600 2.200
    endloop
  endfacet
  facet normal 0 -1 0
    outer loop
      vertex 31.600 29.600 0.000
      vertex 32.400 29.600 0.000
      vertex 32.400 29.600 2.200
    endloop
  endfacet
  facet normal 0 -1 0
    outer loop
      vertex 31.600 29.600 0.000
      vertex 32.400 29.600 2.200
      vertex 31.600 29.600 2.200
    endloop
  endfacet
  facet normal 0 1 0
    outer loop
      vertex 31.600 30.800 0.000
      vertex 31.600 30.800 2.200
      vertex 32.400 30.800 2.200
    endloop
  endfacet
  facet normal 0 1 0
    outer loop
      vertex 31.600 30.800 0.000
      vertex 32.400 30.800 2.200
      vertex 32.400 30.800 0.000
    endloop
  endfacet
  facet normal 0 0 -1
    outer loop
      vertex 31.600 29.600 0.000
      vertex 31.600 30.800 0.000
      vertex 32.400 30.800 0.000
    endloop
  endfacet
  facet normal 0 0 -1
    outer loop
      vertex 31.600 29.600 0.000
      vertex 32.400 30.800 0.000
      vertex 32.400 29.600 0.000
    endloop
  endfacet
  facet normal 0 0 1
    outer loop
      vertex 31.600 29.600 2.200
      vertex 32.400 29.600 2.200
      vertex 32.400 30.800 2.200
    endloop
  endfacet
  facet normal 0 0 1
    outer loop
      vertex 31.600 29.600 2.200
      vertex 32.400 30.800 2.200
      vertex 31.600 30.800 2.200
    endloop
  endfacet
endsolid rack:F4-07:-y
solid rack:F4-08:-y
  facet normal -1 0 0
    outer loop
      vertex 32.600 29.600 0.000
      vertex 32.600 29.600 2.200
      vertex 32.600 30.800 2.200
    endloop
  endfacet
  facet normal -1 0 0
    outer loop
      vertex 32.600 29.600 0.000
      vertex 32.600 30.800 2.200
      vertex 32.600 30.800 0.000
    endloop
  endfacet
  facet normal 1 0 0
    outer loop
      vertex 33.200 29.600 0.000
      vertex 33.200 30.800 0.000
      vertex 33.200 30.800 2.200
    endloop
  endfacet
  facet normal 1 0 0
    outer loop
      vertex 33.200 29.600 0.000
      vertex 33.200 30.800 2.200
      vertex 33.200 29.600 2.200
    endloop
  endfacet
  facet normal 0 -1 0
    outer loop
      vertex 32.600 29.600 0.000
      vertex 33.200 29.600 0.000
      vertex 33.200 29.600 2.200
    endloop
  endfacet
  facet normal 0 -1 0
    outer loop
      vertex 32.600 29.600 0.000
      vertex 33.200 29.600 2.200
      vertex 32.600 29.600 2.200
    endloop
  endfacet
  facet normal 0 1 0
    outer loop
      vertex 32.600 30.800 0.000
      vertex 32.600 30.800 2.200
      vertex 33.200 30.800 2.200
    endloop
  endfacet
  facet normal 0 1 0
    outer loop
      vertex 32.600 30.800 0.000
      vertex 33.200 30.800 2.200
      vertex 33.200 30.800 0.000
    endloop
  endfacet
  facet normal 0 0 -1
    outer loop
      vertex 32.600 29.600 0.000
      vertex 32.600 30.800 0.000
      vertex 33.200 30.800 0.000
    endloop
  endfacet
  facet normal 0 0 -1
    outer loop
      vertex 32.600 29.600 0.000
      vertex 33.200 30.800 0.000
      vertex 33.200 29.600 0.000
    endloop
  endfacet
  facet normal 0 0 1
    outer loop
      vertex 32.600 29.600 2.200
      vertex 33.200 29.600 2.200
      vertex 33.200 30.800 2.200
    endloop
  endfacet
  facet normal 0 0 1
    outer loop
      vertex 32.600 29.600 2.200
      vertex 33.200 30.800 2.200
      vertex 32.600 30.800 2.200
    endloop
  endfacet
endsolid rack:F4-08:-y
solid rack:F4-09:-y
  facet normal -1 0 0
    outer loop
      vertex 33.200 29.600 0.000
      vertex 33.200 29.600 2.200
      vertex 33.200 30.800 2.200
    endloop
  endfacet
  facet normal -1 0 0
    outer loop
      vertex 33.200 29.600 0.000
      vertex 33.200 30.800 2.200
      vertex 33.200 30.800 0.000
    endloop
  endfacet
  facet normal 1 0 0
    outer loop
      vertex 33.800 29.600 0.000
      vertex 33.800 30.800 0.000
      vertex 33.800 30.800 2.200
    endloop
  endfacet
  facet normal 1 0 0
    outer loop
      vertex 33.800 29.600 0.000
      vertex 33.800 30.800 2.200
      vertex 33.800 29.600 2.200
    endloop
  endfacet
  facet normal 0 -1 0
    outer loop
      vertex 33.200 29.600 0.000
      vertex 33.800 29.600 0.000
      vertex 33.800 29.600 2.200
    endloop
  endfacet
  facet normal 0 -1 0
    outer loop
      vertex 33.200 29.600 0.000
      vertex 33.800 29.600 2.200
      vertex 33.200 29.600 2.200
    endloop
  endfacet
  facet normal 0 1 0
    outer loop
      vertex 33.200 30.800 0.000
      vertex 33.200 30.800 2.200
      vertex 33.800 30.800 2.200
    endloop
  endfacet
  facet normal 0 1 0
    outer loop
      vertex 33.200 30.800 0.000
      vertex 33.800 30.800 2.200
      vertex 33.800 30.800 0.000
    endloop
  endfacet
  facet normal 0 0 -1
    outer loop
      vertex 33.200 29.600 0.000
      vertex 33.200 30.800 0.000
      vertex 33.800 30.800 0.000
    endloop
  endfacet
  facet normal 0 0 -1
    outer loop
      vertex 33.200 29.600 0.000
      vertex 33.800 30.800 0.000
      vertex 33.800 29.600 0.000
    endloop
  endfacet
  facet normal 0 0 1
    outer loop
      vertex 33.200 29.600 2.200
      vertex 33.800 29.600 2.200
      vertex 33.800 30.800 2.200
    endloop
  endfacet
  facet normal 0 0 1
    outer loop
      vertex 33.200 29.600 2.200
      vertex 33.800 30.800 2.200
      vertex 33.200 30.800 2.200
    endloop
  endfacet
endsolid rack:F4-09:-y
solid rack:F4-10:-y
  facet normal -1 0 0
    outer loop
      vertex 33.800 29.600 0.000
      vertex 33.800 29.600 2.200
      vertex 33.800 30.800 2.200
    endloop
  endfacet
  facet normal -1 0 0
    outer loop
      vertex 33.800 29.600 0.000
      vertex 33.800 30.800 2.200
      vertex 33.800 30.800 0.000
    endloop
  endfacet
  facet normal 1 0 0
    outer loop
      vertex 34.400 29.600 0.000
      vertex 34.400 30.800 0.000
      vertex 34.400 30.800 2.200
    endloop
  endfacet
  facet normal 1 0 0
    outer loop
      vertex 34.400 29.600 0.000
      vertex 34.400 30.800 2.200
      vertex 34.400 29.600 2.200
    endloop
  endfacet
  facet normal 0 -1 0
    outer loop
      vertex 33.800 29.600 0.000
      vertex 34.400 29.600 0.000
      vertex 34.400 29.600 2.200
    endloop
  endfacet
  facet normal 0 -1 0
    outer loop
      vertex 33.800 29.600 0.000
      vertex 34.400 29.600 2.200
      vertex 33.800 29.600 2.200
    endloop
  endfacet
  facet normal 0 1 0
    outer loop
      vertex 33.800 30.800 0.000
      vertex 33.800 30.800 2.200
      vertex 34.400 30.800 2.200
    endloop
  endfacet
  facet normal 0 1 0
    outer loop
      vertex 33.800 30.800 0.000
      vertex 34.400 30.800 2.200
      vertex 34.400 30.800 0.000
    endloop
  endfacet
  facet normal 0 0 -1
    outer loop
      vertex 33.800 29.600 0.000
      vertex 33.800 30.800 0.000
      vertex 34.400 30.800 0.000
    endloop
  endfacet
  facet normal 0 0 -1
    outer loop
      vertex 33.800 29.600 0.000
      vertex 34.400 30.800 0.000
      vertex 34.400 29.600 0.000
    endloop
  endfacet
  facet normal 0 0 1
    outer loop
      vertex 33.800 29.600 2.200
      vertex 34.400 29.600 2.200
      vertex 34.400 30.800 2.200
    endloop
  endfacet
  facet normal 0 0 1
    outer loop
      vertex 33.800 29.600 2.200
      vertex 34.400 30.800 2.200
      vertex 33.800 30.800 2.200
    endloop
  endfacet
endsolid rack:F4-10:-y
solid rack:F4-11:-y
  facet normal -1 0 0
    outer loop
      vertex 34.400 29.600 0.000
      vertex 34.400 29.600 2.200
      vertex 34.400 30.800 2.200
    endloop
  endfacet
  facet normal -1 0 0
    outer loop
      vertex 34.400 29.600 0.000
      vertex 34.400 30.800 2.200
      vertex 34.400 30.800 0.000
    endloop
  endfacet
  facet normal 1 0 0
    outer loop
      vertex 35.000 29.600 0.000
      vertex 35.000 30.800 0.000
      vertex 35.000 30.800 2.200
    endloop
  endfacet
  facet normal 1 0 0
    outer loop
      vertex 35.000 29.600 0.000
      vertex 35.000 30.800 2.200
      vertex 35.000 29.600 2.200
    endloop
  endfacet
  facet normal 0 -1 0
    outer loop
      vertex 34.400 29.600 0.000
      vertex 35.000 29.600 0.000
      vertex 35.000 29.600 2.200
    endloop
  endfacet
  facet normal 0 -1 0
    outer loop
      vertex 34.400 29.600 0.000
      vertex 35.000 29.600 2.200
      vertex 34.400 29.600 2.200
    endloop
  endfacet
  facet normal 0 1 0
    outer loop
      vertex 34.400 30.800 0.000
      vertex 34.400 30.800 2.200
      vertex 35.000 30.800 2.200
    endloop
  endfacet
  facet normal 0 1 0
    outer loop
      vertex 34.400 30.800 0.000
      vertex 35.000 30.800 2.200
      vertex 35.000 30.800 0.000
    endloop
  endfacet
  facet normal 0 0 -1
    outer loop
      vertex 34.400 29.600 0.000
      vertex 34.400 30.800 0.000
      vertex 35.000 30.800 0.000
    endloop
  endfacet
  facet normal 0 0 -1
    outer loop
      vertex 34.400 29.600 0.000
      vertex 35.000 30.800 0.000
      vertex 35.000 29.600 0.000
    endloop
  endfacet
  facet normal 0 0 1
    outer loop
      vertex 34.400 29.600 2.200
      vertex 35.000 29.600 2.200
      vertex 35.000 30.800 2.200
    endloop
  endfacet
  facet normal 0 0 1
    outer loop
      vertex 34.400 29.600 2.200
      vertex 35.000 30.800 2.200
      vertex 34.400 30.800 2.200
    endloop
  endfacet
endsolid rack:F4-11:-y
solid rack:F4-12:-y
  facet normal -1 0 0
    outer loop
      vertex 35.200 29.600 0.000
      vertex 35.200 29.600 2.200
      vertex 35.200 30.800 2.200
    endloop
  endfacet
  facet normal -1 0 0
    outer loop
      vertex 35.200 29.600 0.000
      vertex 35.200 30.800 2.200
      vertex 35.200 30.800 0.000
    endloop
  endfacet
  facet normal 1 0 0
    outer loop
      vertex 35.800 29.600 0.000
      vertex 35.800 30.800 0.000
      vertex 35.800 30.800 2.200
    endloop
  endfacet
  facet normal 1 0 0
    outer loop
      vertex 35.800 29.600 0.000
      vertex 35.800 30.800 2.200
      vertex 35.800 29.600 2.200
    endloop
  endfacet
  facet normal 0 -1 0
    outer loop
      vertex 35.200 29.600 0.000
      vertex 35.800 29.600 0.000
      vertex 35.800 29.600 2.200
    endloop
  endfacet
  facet normal 0 -1 0
    outer loop
      vertex 35.200 29.600 0.000
      vertex 35.800 29.600 2.200
      vertex 35.200 29.600 2.200
    endloop
  endfacet
  facet normal 0 1 0
    outer loop
      vertex 35.200 30.800 0.000
      vertex 35.200 30.800 2.200
      vertex 35.800 30.800 2.200
    endloop
  endfacet
  facet normal 0 1 0
    outer loop
      vertex 35.200 30.800 0.000
      vertex 35.800 30.800 2.200
      vertex 35.800 30.800 0.000
    endloop
  endfacet
  facet normal 0 0 -1
    outer loop
      vertex 35.200 29.600 0.000
      vertex 35.200 30.800 0.000
      vertex 35.800 30.800 0.000
    endloop
  endfacet
  facet normal 0 0 -1
    outer loop
      vertex 35.200 29.600 0.000
      vertex 35.800 30.800 0.000
      vertex 35.800 29.600 0.000
    endloop
  endfacet
  facet normal 0 0 1
    outer loop
      vertex 35.200 29.600 2.200
      vertex 35.800 29.600 2.200
      vertex 35.800 30.800 2.200
    endloop
  endfacet
  facet normal 0 0 1
    outer loop
      vertex 35.200 29.600 2.200
      vertex 35.800 30.800 2.200
      vertex 35.200 30.800 2.200
    endloop
  endfacet
endsolid rack:F4-12:-y
solid rack:F4-13:-y
  facet normal -1 0 0
    outer loop
      vertex 35.800 29.600 0.000
      vertex 35.800 29.600 2.200
      vertex 35.800 30.800 2.200
    endloop
  endfacet
  facet normal -1 0 0
    outer loop
      vertex 35.800 29.600 0.000
      vertex 35.800 30.800 2.200
      vertex 35.800 30.800 0.000
    endloop
  endfacet
  facet normal 1 0 0
    outer loop
      vertex 36.400 29.600 0.000
      vertex 36.400 30.800 0.000
      vertex 36.400 30.800 2.200
    endloop
  endfacet
  facet normal 1 0 0
    outer loop
      vertex 36.400 29.600 0.000
      vertex 36.400 30.800 2.200
      vertex 36.400 29.600 2.200
    endloop
  endfacet
  facet normal 0 -1 0
    outer loop
      vertex 35.800 29.600 0.000
      vertex 36.400 29.600 0.000
      vertex 36.400 29.600 2.200
    endloop
  endfacet
  facet normal 0 -1 0
    outer loop
      vertex 35.800 29.600 0.000
      vertex 36.400 29.600 2.200
      vertex 35.800 29.600 2.200
    endloop
  endfacet
  facet normal 0 1 0
    outer loop
      vertex 35.800 30.800 0.000
      vertex 35.800 30.800 2.200
      vertex 36.400 30.800 2.200
    endloop
  endfacet
  facet normal 0 1 0
    outer loop
      vertex 35.800 30.800 0.000
      vertex 36.400 30.800 2.200
      vertex 36.400 30.800 0.000
    endloop
  endfacet
  facet normal 0 0 -1
    outer loop
      vertex 35.800 29.600 0.000
      vertex 35.800 30.800 0.000
      vertex 36.400 30.800 0.000
    endloop
  endfacet
  facet normal 0 0 -1
    outer loop
      vertex 35.800 29.600 0.000
      vertex 36.400 30.800 0.000
      vertex 36.400 29.600 0.000
    endloop
  endfacet
  facet normal 0 0 1
    outer loop
      vertex 35.800 29.600 2.200
      vertex 36.400 29.600 2.200
      vertex 36.400 30.800 2.200
    endloop
  endfacet
  facet normal 0 0 1
    outer loop
      vertex 35.800 29.600 2.200
      vertex 36.400 30.800 2.200
      vertex 35.800 30.800 2.200
    endloop
  endfacet
endsolid rack:F4-13:-y
solid rack:F4-14:-y
  facet normal -1 0 0
    outer loop
      vertex 36.400 29.600 0.000
      vertex 36.400 29.600 2.200
      vertex 36.400 30.800 2.200
    endloop
  endfacet
  facet normal -1 0 0
    outer loop
      vertex 36.400 29.600 0.000
      vertex 36.400 30.800 2.200
      vertex 36.400 30.800 0.000
    endloop
  endfacet
  facet normal 1 0 0
    outer loop
      vertex 37.000 29.600 0.000
      vertex 37.000 30.800 0.000
      vertex 37.000 30.800 2.200
    endloop
  endfacet
  facet normal 1 0 0
    outer loop
      vertex 37.000 29.600 0.000
      vertex 37.000 30.800 2.200
      vertex 37.000 29.600 2.200
    endloop
  endfacet
  facet normal 0 -1 0
    outer loop
      vertex 36.400 29.600 0.000
      vertex 37.000 29.600 0.000
      vertex 37.000 29.600 2.200
    endloop
  endfacet
  facet normal 0 -1 0
    outer loop
      vertex 36.400 29.600 0.000
      vertex 37.000 29.600 2.200
      vertex 36.400 29.600 2.200
    endloop
  endfacet
  facet normal 0 1 0
    outer loop
      vertex 36.400 30.800 0.000
      vertex 36.400 30.800 2.200
      vertex 37.000 30.800 2.200
    endloop
  endfacet
  facet normal 0 1 0
    outer loop
      vertex 36.400 30.800 0.000
      vertex 37.000 30.800 2.200
      vertex 37.000 30.800 0.000
    endloop
  endfacet
  facet normal 0 0 -1
    outer loop
      vertex 36.400 29.600 0.000
      vertex 36.400 30.800 0.000
      vertex 37.000 30.800 0.000
    endloop
  endfacet
  facet normal 0 0 -1
    outer loop
      vertex 36.400 29.600 0.000
      vertex 37.000 30.800 0.000
      vertex 37.000 29.600 0.000
    endloop
  endfacet
  facet normal 0 0 1
    outer loop
      vertex 36.400 29.600 2.200
      vertex 37.000 29.600 2.200
      vertex 37.000 30.800 2.200
    endloop
  endfacet
  facet normal 0 0 1
    outer loop
      vertex 36.400 29.600 2.200
      vertex 37.000 30.800 2.200
      vertex 36.400 30.800 2.200
    endloop
  endfacet
endsolid rack:F4-14:-y
solid rack:F4-15:-y
  facet normal -1 0 0
    outer loop
      vertex 37.000 29.600 0.000
      vertex 37.000 29.600 2.200
      vertex 37.000 30.800 2.200
    endloop
  endfacet
  facet normal -1 0 0
    outer loop
      vertex 37.000 29.600 0.000
      vertex 37.000 30.800 2.200
      vertex 37.000 30.800 0.000
    endloop
  endfacet
  facet normal 1 0 0
    outer loop
      vertex 37.600 29.600 0.000
      vertex 37.600 30.800 0.000
      vertex 37.600 30.800 2.200
    endloop
  endfacet
  facet normal 1 0 0
    outer loop
      vertex 37.600 29.600 0.000
      vertex 37.600 30.800 2.200
      vertex 37.600 29.600 2.200
    endloop
  endfacet
  facet normal 0 -1 0
    outer loop
      vertex 37.000 29.600 0.000
      vertex 37.600 29.600 0.000
      vertex 37.600 29.600 2.200
    endloop
  endfacet
  facet normal 0 -1 0
    outer loop
      vertex 37.000 29.600 0.000
      vertex 37.600 29.600 2.200
      vertex 37.000 29.600 2.200
    endloop
  endfacet
  facet normal 0 1 0
    outer loop
      vertex 37.000 30.800 0.000
      vertex 37.000 30.800 2.200
      vertex 37.600 30.800 2.200
    endloop
  endfacet
  facet normal 0 1 0
    outer loop
      vertex 37.000 30.800 0.000
      vertex 37.600 30.800 2.200
      vertex 37.600 30.800 0.000
    endloop
  endfacet
  facet normal 0 0 -1
    outer loop
      vertex 37.000 29.600 0.000
      vertex 37.000 30.800 0.000
      vertex 37.600 30.800 0.000
    endloop
  endfacet
  facet normal 0 0 -1
    outer loop
      vertex 37.000 29.600 0.000
      vertex 37.600 30.800 0.000
      vertex 37.600 29.600 0.000
    endloop
  endfacet
  facet normal 0 0 1
    outer loop
      vertex 37.000 29.600 2.200
      vertex 37.600 29.600 2.200
      vertex 37.600 30.800 2.200
    endloop
  endfacet
  facet normal 0 0 1
    outer loop
      vertex 37.000 29.600 2.200
      vertex 37.600 30.800 2.200
      vertex 37.000 30.800 2.200
    endloop
  endfacet
endsolid rack:F4-15:-y
solid rack:F5-01:+y
  facet normal -1 0 0
    outer loop
      vertex 11.400 25.400 0.000
      vertex 11.400 25.400 2.200
      vertex 11.400 26.600 2.200
    endloop
  endfacet
  facet normal -1 0 0
    outer loop
      vertex 11.400 25.400 0.000
      vertex 11.400 26.600 2.200
      vertex 11.400 26.600 0.000
    endloop
  endfacet
  facet normal 1 0 0
    outer loop
      vertex 12.000 25.400 0.000
      vertex 12.000 26.600 0.000
      vertex 12.000 26.600 2.200
    endloop
  endfacet
  facet normal 1 0 0
    outer loop
      vertex 12.000 25.400 0.000
      vertex 12.000 26.600 2.200
      vertex 12.000 25.400 2.200
    endloop
  endfacet
  facet normal 0 -1 0
    outer loop
      vertex 11.400 25.400 0.000
      vertex 12.000 25.400 0.000
      vertex 12.000 25.400 2.200
    endloop
  endfacet
  facet normal 0 -1 0
    outer loop
      vertex 11.400 25.400 0.000
      vertex 12.000 25.400 2.200
      vertex 11.400 25.400 2.200
    endloop
  endfacet
  facet normal 0 1 0
    outer loop
      vertex 11.400 26.600 0.000
      vertex 11.400 26.600 2.200
      vertex 12.000 26.600 2.200
    endloop
  endfacet
  facet normal 0 1 0
    outer loop
      vertex 11.400 26.600 0.000
      vertex 12.000 26.600 2.200
      vertex 12.000 26.600 0.000
    endloop
  endfacet
  facet normal 0 0 -1
    outer loop
      vertex 11.400 25.400 0.000
      vertex 11.400 26.600 0.000
      vertex 12.000 26.600 0.000
    endloop
  endfacet
  facet normal 0 0 -1
    outer loop
      vertex 11.400 25.400 0.000
      vertex 12.000 26.600 0.000
      vertex 12.000 25.400 0.000
    endloop
  endfacet
  facet normal 0 0 1
    outer loop
      vertex 11.400 25.400 2.200
      vertex 12.000 25.400 2.200
      vertex 12.000 26.600 2.200
    endloop
  endfacet
  facet normal 0 0 1
    outer loop
      vertex 11.400 25.400 2.200
      vertex 12.000 26.600 2.200
      vertex 11.400 26.600 2.200
    endloop
  endfacet
endsolid rack:F5-01:+y
solid rack:F5-02:+y
  facet normal -1 0 0
    outer loop
      vertex 12.000 25.400 0.000
      vertex 12.000 25.400 2.200
      vertex 12.000 26.600 2.200
    endloop
  endfacet
  facet normal -1 0 0
    outer loop
      vertex 12.000 25.400 0.000
      vertex 12.000 26.600 2.200
      vertex 12.000 26.600 0.000
    endloop
  endfacet
  facet normal 1 0 0
    outer loop
      vertex 12.600 25.400 0.000
      vertex 12.600 26.600 0.000
      vertex 12.600 26.600 2.200
    endloop
  endfacet
  facet normal 1 0 0
    outer loop
      vertex 12.600 25.400 0.000
      vertex 12.600 26.600 2.200
      vertex 12.600 25.400 2.200
    endloop
  endfacet
  facet normal 0 -1 0
    outer loop
      vertex 12.000 25.400 0.000
      vertex 12.600 25.400 0.000
      vertex 12.600 25.400 2.200
    endloop
  endfacet
  facet normal 0 -1 0
    outer loop
      vertex 12.000 25.400 0.000
      vertex 12.600 25.400 2.200
      vertex 12.000 25.400 2.200
    endloop
  endfacet
  facet normal 0 1 0
    outer loop
      vertex 12.000 26.600 0.000
      vertex 12.000 26.600 2.200
      vertex 12.600 26.600 2.200
    endloop
  endfacet
  facet normal 0 1 0
    outer loop
      vertex 12.000 26.600 0.000
      vertex 12.600 26.600 2.200
      vertex 12.600 26.600 0.000
    endloop
  endfacet
  facet normal 0 0 -1
    outer loop
      vertex 12.000 25.400 0.000
      vertex 12.000 26.600 0.000
      vertex 12.600 26.600 0.000
    endloop
  endfacet
  facet normal 0 0 -1
    outer loop
      vertex 12.000 25.400 0.000
      vertex 12.600 26.600 0.000
      vertex 12.600 25.400 0.000
    endloop
  endfacet
  facet normal 0 0 1
    outer loop
      vertex 12.000 25.400 2.200
      vertex 12.600 25.400 2.200
      vertex 12.600 26.600 2.200
    endloop
  endfacet
  facet normal 0 0 1
    outer loop
      vertex 12.000 25.400 2.200
      vertex 12.600 26.600 2.200
      vertex 12.000 26.600 2.200
    endloop
  endfacet
endsolid rack:F5-02:+y
solid rack:F5-03:+y
  facet normal -1 0 0
    outer loop
      vertex 12.600 25.400 0.000
      vertex 12.600 25.400 2.200
      vertex 12.600 26.600 2.200
    endloop
  endfacet
  facet normal -1 0 0
    outer loop
      vertex 12.600 25.400 0.000
      vertex 12.600 26.600 2.200
      vertex 12.600 26.600 0.000
    endloop
  endfacet
  facet normal 1 0 0
    outer loop
      vertex 13.200 25.400 0.000
      vertex 13.200 26.600 0.000
      vertex 13.200 26.600 2.200
    endloop
  endfacet
  facet normal 1 0 0
    outer loop
      vertex 13.200 25.400 0.000
      vertex 13.200 26.600 2.200
      vertex 13.200 25.400 2.200
    endloop
  endfacet
  facet normal 0 -1 0
    outer loop
      vertex 12.600 25.400 0.000
      vertex 13.200 25.400 0.000
      vertex 13.200 25.400 2.200
    endloop
  endfacet
  facet normal 0 -1 0
    outer loop
      vertex 12.600 25.400 0.000
      vertex 13.200 25.400 2.200
      vertex 12.600 25.400 2.200
    endloop
  endfacet
  facet normal 0 1 0
    outer loop
      vertex 12.600 26.600 0.000
      vertex 12.600 26.600 2.200
      vertex 13.200 26.600 2.200
    endloop
  endfacet
  facet normal 0 1 0
    outer loop
      vertex 12.600 26.600 0.000
      vertex 13.200 26.600 2.200
      vertex 13.200 26.600 0.000
    endloop
  endfacet
  facet normal 0 0 -1
    outer loop
      vertex 12.600 25.400 0.000
      vertex 12.600 26.600 0.000
      vertex 13.200 26.600 0.000
    endloop
  endfacet
  facet normal 0 0 -1
    outer loop
      vertex 12.600 25.400 0.000
      vertex 13.200 26.600 0.000
      vertex 13.200 25.400 0.000
    endloop
  endfacet
  facet normal 0 0 1
    outer loop
      vertex 12.600 25.400 2.200
      vertex 13.200 25.400 2.200
      vertex 13.200 26.600 2.200
    endloop
  endfacet
  facet normal 0 0 1
    outer loop
      vertex 12.600 25.400 2.200
      vertex 13.200 26.600 2.200
      vertex 12.600 26.600 2.200
    endloop
  endfacet
endsolid rack:F5-03:+y
solid rack:F5-04:+y
  facet normal -1 0 0
    outer loop
      vertex 13.200 25.400 0.000
      vertex 13.200 25.400 2.200
      vertex 13.200 26.600 2.200
    endloop
  endfacet
  facet normal -1 0 0
    outer loop
      vertex 13.200 25.400 0.000
      vertex 13.200 26.600 2.200
      vertex 13.200 26.600 0.000
    endloop
  endfacet
  facet normal 1 0 0
    outer loop
      vertex 13.800 25.400 0.000
      vertex 13.800 26.600 0.000
      vertex 13.800 26.600 2.200
    endloop
  endfacet
  facet normal 1 0 0
    outer loop
      vertex 13.800 25.400 0.000
      vertex 13.800 26.600 2.200
      vertex 13.800 25.400 2.200
    endloop
  endfacet
  facet normal 0 -1 0
    outer loop
      vertex 13.200 25.400 0.000
      vertex 13.800 25.400 0.000
      vertex 13.800 25.400 2.200
    endloop
  endfacet
  facet normal 0 -1 0
    outer loop
      vertex 13.200 25.400 0.000
      vertex 13.800 25.400 2.200
      vertex 13.200 25.400 2.200
    endloop
  endfacet
  facet normal 0 1 0
    outer loop
      vertex 13.200 26.600 0.000
      vertex 13.200 26.600 2.200
      vertex 13.800 26.600 2.200
    endloop
  endfacet
  facet normal 0 1 0
    outer loop
      vertex 13.200 26.600 0.000
      vertex 13.800 26.600 2.200
      vertex 13.800 26.600 0.000
    endloop
  endfacet
  facet normal 0 0 -1
    outer loop
      vertex 13.200 25.400 0.000
      vertex 13.200 26.600 0.000
      vertex 13.800 26.600 0.000
    endloop
  endfacet
  facet normal 0 0 -1
    outer loop
      vertex 13.200 25.400 0.000
      vertex 13.800 26.600 0.000
      vertex 13.800 25.400 0.000
    endloop
  endfacet
  facet normal 0 0 1
    outer loop
      vertex 13.200 25.400 2.200
      vertex 13.800 25.400 2.200
      vertex 13.800 26.600 2.200
    endloop
  endfacet
  facet normal 0 0 1
    outer loop
      vertex 13.200 25.400 2.200
      vertex 13.800 26.600 2.200
      vertex 13.200 26.600 2.200
    endloop
  endfacet
endsolid rack:F5-04:+y
solid rack:F5-05:+y
  facet normal -1 0 0
    outer loop
      vertex 14.400 25.400 0.000
      vertex 14.400 25.400 2.200
      vertex 14.400 26.600 2.200
    endloop
  endfacet
  facet normal -1 0 0
    outer loop
      vertex 14.400 25.400 0.000
      vertex 14.400 26.600 2.200
      vertex 14.400 26.600 0.000
    endloop
  endfacet
  facet normal 1 0 0
    outer loop
      vertex 15.000 25.400 0.000
      vertex 15.000 26.600 0.000
      vertex 15.000 26.600 2.200
    endloop
  endfacet
  facet normal 1 0 0
    outer loop
      vertex 15.000 25.400 0.000
      vertex 15.000 26.600 2.200
      vertex 15.000 25.400 2.200
    endloop
  endfacet
  facet normal 0 -1 0
    outer loop
      vertex 14.400 25.400 0.000
      vertex 15.000 25.400 0.000
      vertex 15.000 25.400 2.200
    endloop
  endfacet
  facet normal 0 -1 0
    outer loop
      vertex 14.400 25.400 0.000
      vertex 15.000 25.400 2.200
      vertex 14.400 25.400 2.200
    endloop
  endfacet
  facet normal 0 1 0
    outer loop
      vertex 14.400 26.600 0.000
      vertex 14.400 26.600 2.200
      vertex 15.000 26.600 2.200
    endloop
  endfacet
  facet normal 0 1 0
    outer loop
      vertex 14.400 26.600 0.000
      vertex 15.000 26.600 2.200
      vertex 15.000 26.600 0.000
    endloop
  endfacet
  facet normal 0 0 -1
    outer loop
      vertex 14.400 25.400 0.000
      vertex 14.400 26.600 0.000
      vertex 15.000 26.600 0.000
    endloop
  endfacet
  facet normal 0 0 -1
    outer loop
      vertex 14.400 25.400 0.000
      vertex 15.000 26.600 0.000
      vertex 15.000 25.400 0.000
    endloop
  endfacet
  facet normal 0 0 1
    outer loop
      vertex 14.400 25.400 2.200
      vertex 15.000 25.400 2.200
      vertex 15.000 26.600 2.200
    endloop
  endfacet
  facet normal 0 0 1
    outer loop
      vertex 14.400 25.400 2.200
      vertex 15.000 26.600 2.200
      vertex 14.400 26.600 2.200
    endloop
  endfacet
endsolid rack:F5-05:+y
solid rack:F5-06:+y
  facet normal -1 0 0
    outer loop
      vertex 15.000 25.400 0.000
      vertex 15.000 25.400 2.200
      vertex 15.000 26.600 2.200
    endloop
  endfacet
  facet normal -1 0 0
    outer loop
      vertex 15.000 25.400 0.000
      vertex 15.000 26.600 2.200
      vertex 15.000 26.600 0.000
    endloop
  endfacet
  facet normal 1 0 0
    outer loop
      vertex 15.600 25.400 0.000
      vertex 15.600 26.600 0.000
      vertex 15.600 26.600 2.200
    endloop
  endfacet
  facet normal 1 0 0
    outer loop
      vertex 15.600 25.400 0.000
      vertex 15.600 26.600 2.200
      vertex 15.600 25.400 2.200
    endloop
  endfacet
  facet normal 0 -1 0
    outer loop
      vertex 15.000 25.400 0.000
      vertex 15.600 25.400 0.000
      vertex 15.600 25.400 2.200
    endloop
  endfacet
  facet normal 0 -1 0
    outer loop
      vertex 15.000 25.400 0.000
      vertex 15.600 25.400 2.200
      vertex 15.000 25.400 2.200
    endloop
  endfacet
  facet normal 0 1 0
    outer loop
      vertex 15.000 26.600 0.000
      vertex 15.000 26.600 2.200
      vertex 15.600 26.600 2.200
    endloop
  endfacet
  facet normal 0 1 0
    outer loop
      vertex 15.000 26.600 0.000
      vertex 15.600 26.600 2.200
      vertex 15.600 26.600 0.000
    endloop
  endfacet
  facet normal 0 0 -1
    outer loop
      vertex 15.000 25.400 0.000
      vertex 15.000 26.600 0.000
      vertex 15.600 26.600 0.000
    endloop
  endfacet
  facet normal 0 0 -1
    outer loop
      vertex 15.000 25.400 0.000
      vertex 15.600 26.600 0.000
      vertex 15.600 25.400 0.000
    endloop
  endfacet
  facet normal 0 0 1
    outer loop
      vertex 15.000 25.400 2.200
      vertex 15.600 25.400 2.200
      vertex 15.600 26.600 2.200
    endloop
  endfacet
  facet normal 0 0 1
    outer loop
      vertex 15.000 25.400 2.200
      vertex 15.600 26.600 2.200
      vertex 15.000 26.600 2.200
    endloop
  endfacet
endsolid rack:F5-06:+y
solid rack:F5-07:+y
  facet normal -1 0 0
    outer loop
      vertex 16.400 25.400 0.000
      vertex 16.400 25.400 2.200
      vertex 16.400 26.600 2.200
    endloop
  endfacet
  facet normal -1 0 0
    outer loop
      vertex 16.400 25.400 0.000
      vertex 16.400 26.600 2.200
      vertex 16.400 26.600 0.000
    endloop
  endfacet
  facet normal 1 0 0
    outer loop
      vertex 17.200 25.400 0.000
      vertex 17.200 26.600 0.000
      vertex 17.200 26.600 2.200
    endloop
  endfacet
  facet normal 1 0 0
    outer loop
      vertex 17.200 25.400 0.000
      vertex 17.200 26.600 2.200
      vertex 17.200 25.400 2.200
    endloop
  endfacet
  facet normal 0 -1 0
    outer loop
      vertex 16.400 25.400 0.000
      vertex 17.200 25.400 0.000
      vertex 17.200 25.400 2.200
    endloop
  endfacet
  facet normal 0 -1 0
    outer loop
      vertex 16.400 25.400 0.000
      vertex 17.200 25.400 2.200
      vertex 16.400 25.400 2.200
    endloop
  endfacet
  facet normal 0 1 0
    outer loop
      vertex 16.400 26.600 0.000
      vertex 16.400 26.600 2.200
      vertex 17.200 26.600 2.200
    endloop
  endfacet
  facet normal 0 1 0
    outer loop
      vertex 16.400 26.600 0.000
      vertex 17.200 26.600 2.200
      vertex 17.200 26.600 0.000
    endloop
  endfacet
  facet normal 0 0 -1
    outer loop
      vertex 16.400 25.400 0.000
      vertex 16.400 26.600 0.000
      vertex 17.200 26.600 0.000
    endloop
  endfacet
  facet normal 0 0 -1
    outer loop
      vertex 16.400 25.400 0.000
      vertex 17.200 26.600 0.000
      vertex 17.200 25.400 0.000
    endloop
  endfacet
  facet normal 0 0 1
    outer loop
      vertex 16.400 25.400 2.200
      vertex 17.200 25.400 2.200
      vertex 17.200 26.600 2.200
    endloop
  endfacet
  facet normal 0 0 1
    outer loop
      vertex 16.400 25.400 2.200
      vertex 17.200 26.600 2.200
      vertex 16.400 26.600 2.200
    endloop
  endfacet
endsolid rack:F5-07:+y
solid rack:F5-08:+y
  facet normal -1 0 0
    outer loop
      vertex 17.200 25.400 0.000
      vertex 17.200 25.400 2.200
      vertex 17.200 26.600 2.200
    endloop
  endfacet
  facet normal -1 0 0
    outer loop
      vertex 17.200 25.400 0.000
      vertex 17.200 26.600 2.200
      vertex 17.200 26.600 0.000
    endloop
  endfacet
  facet normal 1 0 0
    outer loop
      vertex 18.000 25.400 0.000
      vertex 18.000 26.600 0.000
      vertex 18.000 26.600 2.200
    endloop
  endfacet
  facet normal 1 0 0
    outer loop
      vertex 18.000 25.400 0.000
      vertex 18.000 26.600 2.200
      vertex 18.000 25.400 2.200
    endloop
  endfacet
  facet normal 0 -1 0
    outer loop
      vertex 17.200 25.400 0.000
      vertex 18.000 25.400 0.000
      vertex 18.000 25.400 2.200
    endloop
  endfacet
  facet normal 0 -1 0
    outer loop
      vertex 17.200 25.400 0.000
      vertex 18.000 25.400 2.200
      vertex 17.200 25.400 2.200
    endloop
  endfacet
  facet normal 0 1 0
    outer loop
      vertex 17.200 26.600 0.000
      vertex 17.200 26.600 2.200
      vertex 18.000 26.600 2.200
    endloop
  endfacet
  facet normal 0 1 0
    outer loop
      vertex 17.200 26.600 0.000
      vertex 18.000 26.600 2.200
      vertex 18.000 26.600 0.000
    endloop
  endfacet
  facet normal 0 0 -1
    outer loop
      vertex 17.200 25.400 0.000
      vertex 17.200 26.600 0.000
      vertex 18.000 26.600 0.000
    endloop
  endfacet
  facet normal 0 0 -1
    outer loop
      vertex 17.200 25.400 0.000
      vertex 18.000 26.600 0.000
      vertex 18.000 25.400 0.000
    endloop
  endfacet
  facet normal 0 0 1
    outer loop
      vertex 17.200 25.400 2.200
      vertex 18.000 25.400 2.200
      vertex 18.000 26.600 2.200
    endloop
  endfacet
  facet normal 0 0 1
    outer loop
      vertex 17.200 25.400 2.200
      vertex 18.000 26.600 2.200
      vertex 17.200 26.600 2.200
    endloop
  endfacet
endsolid rack:F5-08:+y
solid rack:F5-09:+y
  facet normal -1 0 0
    outer loop
      vertex 18.000 25.400 0.000
      vertex 18.000 25.400 2.200
      vertex 18.000 26.600 2.200
    endloop
  endfacet
  facet normal -1 0 0
    outer loop
      vertex 18.000 25.400 0.000
      vertex 18.000 26.600 2.200
      vertex 18.000 26.600 0.000
    endloop
  endfacet
  facet normal 1 0 0
    outer loop
      vertex 18.600 25.400 0.000
      vertex 18.600 26.600 0.000
      vertex 18.600 26.600 2.200
    endloop
  endfacet
  facet normal 1 0 0
    outer loop
      vertex 18.600 25.400 0.000
      vertex 18.600 26.600 2.200
      vertex 18.600 25.400 2.200
    endloop
  endfacet
  facet normal 0 -1 0
    outer loop
      vertex 18.000 25.400 0.000
      vertex 18.600 25.400 0.000
      vertex 18.600 25.400 2.200
    endloop
  endfacet
  facet normal 0 -1 0
    outer loop
      vertex 18.000 25.400 0.000
      vertex 18.600 25.400 2.200
      vertex 18.000 25.400 2.200
    endloop
  endfacet
  facet normal 0 1 0
    outer loop
      vertex 18.000 26.600 0.000
      vertex 18.000 26.600 2.200
      vertex 18.600 26.600 2.200
    endloop
  endfacet
  facet normal 0 1 0
    outer loop
      vertex 18.000 26.600 0.000
      vertex 18.600 26.600 2.200
      vertex 18.600 26.600 0.000
    endloop
  endfacet
  facet normal 0 0 -1
    outer loop
      vertex 18.000 25.400 0.000
      vertex 18.000 26.600 0.000
      vertex 18.600 26.600 0.000
    endloop
  endfacet
  facet normal 0 0 -1
    outer loop
      vertex 18.000 25.400 0.000
      vertex 18.600 26.600 0.000
      vertex 18.600 25.400 0.000
    endloop
  endfacet
  facet normal 0 0 1
    outer loop
      vertex 18.000 25.400 2.200
      vertex 18.600 25.400 2.200
      vertex 18.600 26.600 2.200
    endloop
  endfacet
  facet normal 0 0 1
    outer loop
      vertex 18.000 25.400 2.200
      vertex 18.600 26.600 2.200
      vertex 18.000 26.600 2.200
    endloop
  endfacet
endsolid rack:F5-09:+y
solid rack:F5-10:+y
  facet normal -1 0 0
    outer loop
      vertex 18.800 25.400 0.000
      vertex 18.800 25.400 2.200
      vertex 18.800 26.600 2.200
    endloop
  endfacet
  facet normal -1 0 0
    outer loop
      vertex 18.800 25.400 0.000
      vertex 18.800 26.600 2.200
      vertex 18.800 26.600 0.000
    endloop
  endfacet
  facet normal 1 0 0
    outer loop
      vertex 19.600 25.400 0.000
      vertex 19.600 26.600 0.000
      vertex 19.600 26.600 2.200
    endloop
  endfacet
  facet normal 1 0 0
    outer loop
      vertex 19.600 25.400 0.000
      vertex 19.600 26.600 2.200
      vertex 19.600 25.400 2.200
    endloop
  endfacet
  facet normal 0 -1 0
    outer loop
      vertex 18.800 25.400 0.000
      vertex 19.600 25.400 0.000
      vertex 19.600 25.400 2.200
    endloop
  endfacet
  facet normal 0 -1 0
    outer loop
      vertex 18.800 25.400 0.000
      vertex 19.600 25.400 2.200
      vertex 18.800 25.400 2.200
    endloop
  endfacet
  facet normal 0 1 0
    outer loop
      vertex 18.800 26.600 0.000
      vertex 18.800 26.600 2.200
      vertex 19.600 26.600 2.200
    endloop
  endfacet
  facet normal 0 1 0
    outer loop
      vertex 18.800 26.600 0.000
      vertex 19.600 26.600 2.200
      vertex 19.600 26.600 0.000
    endloop
  endfacet
  facet normal 0 0 -1
    outer loop
      vertex 18.800 25.400 0.000
      vertex 18.800 26.600 0.000
      vertex 19.600 26.600 0.000
    endloop
  endfacet
  facet normal 0 0 -1
    outer loop
      vertex 18.800 25.400 0.000
      vertex 19.600 26.600 0.000
      vertex 19.600 25.400 0.000
    endloop
  endfacet
  facet normal 0 0 1
    outer loop
      vertex 18.800 25.400 2.200
      vertex 19.600 25.400 2.200
      vertex 19.600 26.600 2.200
    endloop
  endfacet
  facet normal 0 0 1
    outer loop
      vertex 18.800 25.400 2.200
      vertex 19.600 26.600 2.200
      vertex 18.800 26.600 2.200
    endloop
  endfacet
endsolid rack:F5-10:+y
solid rack:F5-11:+y
  facet normal -1 0 0
    outer loop
      vertex 19.600 25.400 0.000
      vertex 19.600 25.400 2.200
      vertex 19.600 26.600 2.200
    endloop
  endfacet
  facet normal -1 0 0
    outer loop
      vertex 19.600 25.400 0.000
      vertex 19.600 26.600 2.200
      vertex 19.600 26.600 0.000
    endloop
  endfacet
  facet normal 1 0 0
    outer loop
      vertex 20.400 25.400 0.000
      vertex 20.400 26.600 0.000
      vertex 20.400 26.600 2.200
    endloop
  endfacet
  facet normal 1 0 0
    outer loop
      vertex 20.400 25.400 0.000
      vertex 20.400 26.600 2.200
      vertex 20.400 25.400 2.200
    endloop
  endfacet
  facet normal 0 -1 0
    outer loop
      vertex 19.600 25.400 0.000
      vertex 20.400 25.400 0.000
      vertex 20.400 25.400 2.200
    endloop
  endfacet
  facet normal 0 -1 0
    outer loop
      vertex 19.600 25.400 0.000
      vertex 20.400 25.400 2.200
      vertex 19.600 25.400 2.200
    endloop
  endfacet
  facet normal 0 1 0
    outer loop
      vertex 19.600 26.600 0.000
      vertex 19.600 26.600 2.200
      vertex 20.400 26.600 2.200
    endloop
  endfacet
  facet normal 0 1 0
    outer loop
      vertex 19.600 26.600 0.000
      vertex 20.400 26.600 2.200
      vertex 20.400 26.600 0.000
    endloop
  endfacet
  facet normal 0 0 -1
    outer loop
      vertex 19.600 25.400 0.000
      vertex 19.600 26.600 0.000
      vertex 20.400 26.600 0.000
    endloop
  endfacet
  facet normal 0 0 -1
    outer loop
      vertex 19.600 25.400 0.000
      vertex 20.400 26.600 0.000
      vertex 20.400 25.400 0.000
    endloop
  endfacet
  facet normal 0 0 1
    outer loop
      vertex 19.600 25.400 2.200
      vertex 20.400 25.400 2.200
      vertex 20.400 26.600 2.200
    endloop
  endfacet
  facet normal 0 0 1
    outer loop
      vertex 19.600 25.400 2.200
      vertex 20.400 26.600 2.200
      vertex 19.600 26.600 2.200
    endloop
  endfacet
endsolid rack:F5-11:+y
solid rack:F5-12:+y
  facet normal -1 0 0
    outer loop
      vertex 21.400 25.400 0.000
      vertex 21.400 25.400 2.200
      vertex 21.400 26.600 2.200
    endloop
  endfacet
  facet normal -1 0 0
    outer loop
      vertex 21.400 25.400 0.000
      vertex 21.400 26.600 2.200
      vertex 21.400 26.600 0.000
    endloop
  endfacet
  facet normal 1 0 0
    outer loop
      vertex 22.200 25.400 0.000
      vertex 22.200 26.600 0.000
      vertex 22.200 26.600 2.200
    endloop
  endfacet
  facet normal 1 0 0
    outer loop
      vertex 22.200 25.400 0.000
      vertex 22.200 26.600 2.200
      vertex 22.200 25.400 2.200
    endloop
  endfacet
  facet normal 0 -1 0
    outer loop
      vertex 21.400 25.400 0.000
      vertex 22.200 25.400 0.000
      vertex 22.200 25.400 2.200
    endloop
  endfacet
  facet normal 0 -1 0
    outer loop
      vertex 21.400 25.400 0.000
      vertex 22.200 25.400 2.200
      vertex 21.400 25.400 2.200
    endloop
  endfacet
  facet normal 0 1 0
    outer loop
      vertex 21.400 26.600 0.000
      vertex 21.400 26.600 2.200
      vertex 22.200 26.600 2.200
    endloop
  endfacet
  facet normal 0 1 0
    outer loop
      vertex 21.400 26.600 0.000
      vertex 22.200 26.600 2.200
      vertex 22.200 26.600 0.000
    endloop
  endfacet
  facet normal 0 0 -1
    outer loop
      vertex 21.400 25.400 0.000
      vertex 21.400 26.600 0.000
      vertex 22.200 26.600 0.000
    endloop
  endfacet
  facet normal 0 0 -1
    outer loop
      vertex 21.400 25.400 0.000
      vertex 22.200 26.600 0.000
      vertex 22.200 25.400 0.000
    endloop
  endfacet
  facet normal 0 0 1
    outer loop
      vertex 21.400 25.400 2.200
      vertex 22.200 25.400 2.200
      vertex 22.200 26.600 2.200
    endloop
  endfacet
  facet normal 0 0 1
    outer loop
      vertex 21.400 25.400 2.200
      vertex 22.200 26.600 2.200
      vertex 21.400 26.600 2.200
    endloop
  endfacet
endsolid rack:F5-12:+y
solid rack:F6-01:+y
  facet normal -1 0 0
    outer loop
      vertex 26.600 25.400 0.000
      vertex 26.600 25.400 2.200
      vertex 26.600 26.600 2.200
    endloop
  endfacet
  facet normal -1 0 0
    outer loop
      vertex 26.600 25.400 0.000
      vertex 26.600 26.600 2.200
      vertex 26.600 26.600 0.000
    endloop
  endfacet
  facet normal 1 0 0
    outer loop
      vertex 27.400 25.400 0.000
      vertex 27.400 26.600 0.000
      vertex 27.400 26.600 2.200
    endloop
  endfacet
  facet normal 1 0 0
    outer loop
      vertex 27.400 25.400 0.000
      vertex 27.400 26.600 2.200
      vertex 27.400 25.400 2.200
    endloop
  endfacet
  facet normal 0 -1 0
    outer loop
      vertex 26.600 25.400 0.000
      vertex 27.400 25.400 0.000
      vertex 27.400 25.400 2.200
    endloop
  endfacet
  facet normal 0 -1 0
    outer loop
      vertex 26.600 25.400 0.000
      vertex 27.400 25.400 2.200
      vertex 26.600 25.400 2.200
    endloop
  endfacet
  facet normal 0 1 0
    outer loop
      vertex 26.600 26.600 0.000
      vertex 26.600 26.600 2.200
      vertex 27.400 26.600 2.200
    endloop
  endfacet
  facet normal 0 1 0
    outer loop
      vertex 26.600 26.600 0.000
      vertex 27.400 26.600 2.200
      vertex 27.400 26.600 0.000
    endloop
  endfacet
  facet normal 0 0 -1
    outer loop
      vertex 26.600 25.400 0.000
      vertex 26.600 26.600 0.000
      vertex 27.400 26.600 0.000
    endloop
  endfacet
  facet normal 0 0 -1
    outer loop
      vertex 26.600 25.400 0.000
      vertex 27.400 26.600 0.000
      vertex 27.400 25.400 0.000
    endloop
  endfacet
  facet normal 0 0 1
    outer loop
      vertex 26.600 25.400 2.200
      vertex 27.400 25.400 2.200
      vertex 27.400 26.600 2.200
    endloop
  endfacet
  facet normal 0 0 1
    outer loop
      vertex 26.600 25.400 2.200
      vertex 27.400 26.600 2.200
      vertex 26.600 26.600 2.200
    endloop
  endfacet
endsolid rack:F6-01:+y
solid rack:F6-02:+y
  facet normal -1 0 0
    outer loop
      vertex 27.600 25.400 0.000
      vertex 27.600 25.400 2.200
      vertex 27.600 26.600 2.200
    endloop
  endfacet
  facet normal -1 0 0
    outer loop
      vertex 27.600 25.400 0.000
      vertex 27.600 26.600 2.200
      vertex 27.600 26.600 0.000
    endloop
  endfacet
  facet normal 1 0 0
    outer loop
      vertex 28.400 25.400 0.000
      vertex 28.400 26.600 0.000
      vertex 28.400 26.600 2.200
    endloop
  endfacet
  facet normal 1 0 0
    outer loop
      vertex 28.400 25.400 0.000
      vertex 28.400 26.600 2.200
      vertex 28.400 25.400 2.200
    endloop
  endfacet
  facet normal 0 -1 0
    outer loop
      vertex 27.600 25.400 0.000
      vertex 28.400 25.400 0.000
      vertex 28.400 25.400 2.200
    endloop
  endfacet
  facet normal 0 -1 0
    outer loop
      vertex 27.600 25.400 0.000
      vertex 28.400 25.400 2.200
      vertex 27.600 25.400 2.200
    endloop
  endfacet
  facet normal 0 1 0
    outer loop
      vertex 27.600 26.600 0.000
      vertex 27.600 26.600 2.200
      vertex 28.400 26.600 2.200
    endloop
  endfacet
  facet normal 0 1 0
    outer loop
      vertex 27.600 26.600 0.000
      vertex 28.400 26.600 2.200
      vertex 28.400 26.600 0.000
    endloop
  endfacet
  facet normal 0 0 -1
    outer loop
      vertex 27.600 25.400 0.000
      vertex 27.600 26.600 0.000
      vertex 28.400 26.600 0.000
    endloop
  endfacet
  facet normal 0 0 -1
    outer loop
      vertex 27.600 25.400 0.000
      vertex 28.400 26.600 0.000
      vertex 28.400 25.400 0.000
    endloop
  endfacet
  facet normal 0 0 1
    outer loop
      vertex 27.600 25.400 2.200
      vertex 28.400 25.400 2.200
      vertex 28.400 26.600 2.200
    endloop
  endfacet
  facet normal 0 0 1
    outer loop
      vertex 27.600 25.400 2.200
      vertex 28.400 26.600 2.200
      vertex 27.600 26.600 2.200
    endloop
  endfacet
endsolid rack:F6-02:+y
solid rack:F6-03:+y
  facet normal -1 0 0
    outer loop
      vertex 28.400 25.400 0.000
      vertex 28.400 25.400 2.200
      vertex 28.400 26.600 2.200
    endloop
  endfacet
  facet normal -1 0 0
    outer loop
      vertex 28.400 25.400 0.000
      vertex 28.400 26.600 2.200
      vertex 28.400 26.600 0.000
    endloop
  endfacet
  facet normal 1 0 0
    outer loop
      vertex 29.200 25.400 0.000
      vertex 29.200 26.600 0.000
      vertex 29.200 26.600 2.200
    endloop
  endfacet
  facet normal 1 0 0
    outer loop
      vertex 29.200 25.400 0.000
      vertex 29.200 26.600 2.200
      vertex 29.200 25.400 2.200
    endloop
  endfacet
  facet normal 0 -1 0
    outer loop
      vertex 28.400 25.400 0.000
      vertex 29.200 25.400 0.000
      vertex 29.200 25.400 2.200
    endloop
  endfacet
  facet normal 0 -1 0
    outer loop
      vertex 28.400 25.400 0.000
      vertex 29.200 25.400 2.200
      vertex 28.400 25.400 2.200
    endloop
  endfacet
  facet normal 0 1 0
    outer loop
      vertex 28.400 26.600 0.000
      vertex 28.400 26.600 2.200
      vertex 29.200 26.600 2.200
    endloop
  endfacet
  facet normal 0 1 0
    outer loop
      vertex 28.400 26.600 0.000
      vertex 29.200 26.600 2.200
      vertex 29.200 26.600 0.000
    endloop
  endfacet
  facet normal 0 0 -1
    outer loop
      vertex 28.400 25.400 0.000
      vertex 28.400 26.600 0.000
      vertex 29.200 26.600 0.000
    endloop
  endfacet
  facet normal 0 0 -1
    outer loop
      vertex 28.400 25.400 0.000
      vertex 29.200 26.600 0.000
      vertex 29.200 25.400 0.000
    endloop
  endfacet
  facet normal 0 0 1
    outer loop
      vertex 28.400 25.400 2.200
      vertex 29.200 25.400 2.200
      vertex 29.200 26.600 2.200
    endloop
  endfacet
  facet normal 0 0 1
    outer loop
      vertex 28.400 25.400 2.200
      vertex 29.200 26.600 2.200
      vertex 28.400 26.600 2.200
    endloop
  endfacet
endsolid rack:F6-03:+y
solid rack:F6-04:+y
  facet normal -1 0 0
    outer loop
      vertex 29.200 25.400 0.000
      vertex 29.200 25.400 2.200
      vertex 29.200 26.600 2.200
    endloop
  endfacet
  facet normal -1 0 0
    outer loop
      vertex 29.200 25.400 0.000
      vertex 29.200 26.600 2.200
      vertex 29.200 26.600 0.000
    endloop
  endfacet
  facet normal 1 0 0
    outer loop
      vertex 30.000 25.400 0.000
      vertex 30.000 26.600 0.000
      vertex 30.000 26.600 2.200
    endloop
  endfacet
  facet normal 1 0 0
    outer loop
      vertex 30.000 25.400 0.000
      vertex 30.000 26.600 2.200
      vertex 30.000 25.400 2.200
    endloop
  endfacet
  facet normal 0 -1 0
    outer loop
      vertex 29.200 25.400 0.000
      vertex 30.000 25.400 0.000
      vertex 30.000 25.400 2.200
    endloop
  endfacet
  facet normal 0 -1 0
    outer loop
      vertex 29.200 25.400 0.000
      vertex 30.000 25.400 2.200
      vertex 29.200 25.400 2.200
    endloop
  endfacet
  facet normal 0 1 0
    outer loop
      vertex 29.200 26.600 0.000
      vertex 29.200 26.600 2.200
      vertex 30.000 26.600 2.200
    endloop
  endfacet
  facet normal 0 1 0
    outer loop
      vertex 29.200 26.600 0.000
      vertex 30.000 26.600 2.200
      vertex 30.000 26.600 0.000
    endloop
  endfacet
  facet normal 0 0 -1
    outer loop
      vertex 29.200 25.400 0.000
      vertex 29.200 26.600 0.000
      vertex 30.000 26.600 0.000
    endloop
  endfacet
  facet normal 0 0 -1
    outer loop
      vertex 29.200 25.400 0.000
      vertex 30.000 26.600 0.000
      vertex 30.000 25.400 0.000
    endloop
  endfacet
  facet normal 0 0 1
    outer loop
      vertex 29.200 25.400 2.200
      vertex 30.000 25.400 2.200
      vertex 30.000 26.600 2.200
    endloop
  endfacet
  facet normal 0 0 1
    outer loop
      vertex 29.200 25.400 2.200
      vertex 30.000 26.600 2.200
      vertex 29.200 26.600 2.200
    endloop
  endfacet
endsolid rack:F6-04:+y
solid rack:F6-05:+y
  facet normal -1 0 0
    outer loop
      vertex 30.200 25.400 0.000
      vertex 30.200 25.400 2.200
      vertex 30.200 26.600 2.200
    endloop
  endfacet
  facet normal -1 0 0
    outer loop
      vertex 30.200 25.400 0.000
      vertex 30.200 26.600 2.200
      vertex 30.200 26.600 0.000
    endloop
  endfacet
  facet normal 1 0 0
    outer loop
      vertex 30.800 25.400 0.000
      vertex 30.800 26.600 0.000
      vertex 30.800 26.600 2.200
    endloop
  endfacet
  facet normal 1 0 0
    outer loop
      vertex 30.800 25.400 0.000
      vertex 30.800 26.600 2.200
      vertex 30.800 25.400 2.200
    endloop
  endfacet
  facet normal 0 -1 0
    outer loop
      vertex 30.200 25.400 0.000
      vertex 30.800 25.400 0.000
      vertex 30.800 25.400 2.200
    endloop
  endfacet
  facet normal 0 -1 0
    outer loop
      vertex 30.200 25.400 0.000
      vertex 30.800 25.400 2.200
      vertex 30.200 25.400 2.200
    endloop
  endfacet
  facet normal 0 1 0
    outer loop
      vertex 30.200 26.600 0.000
      vertex 30.200 26.600 2.200
      vertex 30.800 26.600 2.200
    endloop
  endfacet
  facet normal 0 1 0
    outer loop
      vertex 30.200 26.600 0.000
      vertex 30.800 26.600 2.200
      vertex 30.800 26.600 0.000
    endloop
  endfacet
  facet normal 0 0 -1
    outer loop
      vertex 30.200 25.400 0.000
      vertex 30.200 26.600 0.000
      vertex 30.800 26.600 0.000
    endloop
  endfacet
  facet normal 0 0 -1
    outer loop
      vertex 30.200 25.400 0.000
      vertex 30.800 26.600 0.000
      vertex 30.800 25.400 0.000
    endloop
  endfacet
  facet normal 0 0 1
    outer loop
      vertex 30.200 25.400 2.200
      vertex 30.800 25.400 2.200
      vertex 30.800 26.600 2.200
    endloop
  endfacet
  facet normal 0 0 1
    outer loop
      vertex 30.200 25.400 2.200
      vertex 30.800 26.600 2.200
      vertex 30.200 26.600 2.200
    endloop
  endfacet
endsolid rack:F6-05:+y
solid rack:F6-06:+y
  facet normal -1 0 0
    outer loop
      vertex 30.800 25.400 0.000
      vertex 30.800 25.400 2.200
      vertex 30.800 26.600 2.200
    endloop
  endfacet
  facet normal -1 0 0
    outer loop
      vertex 30.800 25.400 0.000
      vertex 30.800 26.600 2.200
      vertex 30.800 26.600 0.000
    endloop
  endfacet
  facet normal 1 0 0
    outer loop
      vertex 31.600 25.400 0.000
      vertex 31.600 26.600 0.000
      vertex 31.600 26.600 2.200
    endloop
  endfacet
  facet normal 1 0 0
    outer loop
      vertex 31.600 25.400 0.000
      vertex 31.600 26.600 2.200
      vertex 31.600 25.400 2.200
    endloop
  endfacet
  facet normal 0 -1 0
    outer loop
      vertex 30.800 25.400 0.000
      vertex 31.600 25.400 0.000
      vertex 31.600 25.400 2.200
    endloop
  endfacet
  facet normal 0 -1 0
    outer loop
      vertex 30.800 25.400 0.000
      vertex 31.600 25.400 2.200
      vertex 30.800 25.400 2.200
    endloop
  endfacet
  facet normal 0 1 0
    outer loop
      vertex 30.800 26.600 0.000
      vertex 30.800 26.600 2.200
      vertex 31.600 26.600 2.200
    endloop
  endfacet
  facet normal 0 1 0
    outer loop
      vertex 30.800 26.600 0.000
      vertex 31.600 26.600 2.200
      vertex 31.600 26.600 0.000
    endloop
  endfacet
  facet normal 0 0 -1
    outer loop
      vertex 30.800 25.400 0.000
      vertex 30.800 26.600 0.000
      vertex 31.600 26.600 0.000
    endloop
  endfacet
  facet normal 0 0 -1
    outer loop
      vertex 30.800 25.400 0.000
      vertex 31.600 26.600 0.000
      vertex 31.600 25.400 0.000
    endloop
  endfacet
  facet normal 0 0 1
    outer loop
      vertex 30.800 25.400 2.200
      vertex 31.600 25.400 2.200
      vertex 31.600 26.600 2.200
    endloop
  endfacet
  facet normal 0 0 1
    outer loop
      vertex 30.800 25.400 2.200
      vertex 31.600 26.600 2.200
      vertex 30.800 26.600 2.200
    endloop
  endfacet
endsolid rack:F6-06:+y
solid rack:F6-07:+y
  facet normal -1 0 0
    outer loop
      vertex 31.600 25.400 0.000
      vertex 31.600 25.400 2.200
      vertex 31.600 26.600 2.200
    endloop
  endfacet
  facet normal -1 0 0
    outer loop
      vertex 31.600 25.400 0.000
      vertex 31.600 26.600 2.200
      vertex 31.600 26.600 0.000
    endloop
  endfacet
  facet normal 1 0 0
    outer loop
      vertex 32.400 25.400 0.000
      vertex 32.400 26.600 0.000
      vertex 32.400 26.600 2.200
    endloop
  endfacet
  facet normal 1 0 0
    outer loop
      vertex 32.400 25.400 0.000
      vertex 32.400 26.600 2.200
      vertex 32.400 25.400 2.200
    endloop
  endfacet
  facet normal 0 -1 0
    outer loop
      vertex 31.600 25.400 0.000
      vertex 32.400 25.400 0.000
      vertex 32.400 25.400 2.200
    endloop
  endfacet
  facet normal 0 -1 0
    outer loop
      vertex 31.600 25.400 0.000
      vertex 32.400 25.400 2.200
      vertex 31.600 25.400 2.200
    endloop
  endfacet
  facet normal 0 1 0
    outer loop
      vertex 31.600 26.600 0.000
      vertex 31.600 26.600 2.200
      vertex 32.400 26.600 2.200
    endloop
  endfacet
  facet normal 0 1 0
    outer loop
      vertex 31.600 26.600 0.000
      vertex 32.400 26.600 2.200
      vertex 32.400 26.600 0.000
    endloop
  endfacet
  facet normal 0 0 -1
    outer loop
      vertex 31.600 25.400 0.000
      vertex 31.600 26.600 0.000
      vertex 32.400 26.600 0.000
    endloop
  endfacet
  facet normal 0 0 -1
    outer loop
      vertex 31.600 25.400 0.000
      vertex 32.400 26.600 0.000
      vertex 32.400 25.400 0.000
    endloop
  endfacet
  facet normal 0 0 1
    outer loop
      vertex 31.600 25.400 2.200
      vertex 32.400 25.400 2.200
      vertex 32.400 26.600 2.200
    endloop
  endfacet
  facet normal 0 0 1
    outer loop
      vertex 31.600 25.400 2.200
      vertex 32.400 26.600 2.200
      vertex 31.600 26.600 2.200
    endloop
  endfacet
endsolid rack:F6-07:+y
solid rack:F6-08:+y
  facet normal -1 0 0
    outer loop
      vertex 33.800 25.400 0.000
      vertex 33.800 25.400 2.200
      vertex 33.800 26.600 2.200
    endloop
  endfacet
  facet normal -1 0 0
    outer loop
      vertex 33.800 25.400 0.000
      vertex 33.800 26.600 2.200
      vertex 33.800 26.600 0.000
    endloop
  endfacet
  facet normal 1 0 0
    outer loop
      vertex 34.400 25.400 0.000
      vertex 34.400 26.600 0.000
      vertex 34.400 26.600 2.200
    endloop
  endfacet
  facet normal 1 0 0
    outer loop
      vertex 34.400 25.400 0.000
      vertex 34.400 26.600 2.200
      vertex 34.400 25.400 2.200
    endloop
  endfacet
  facet normal 0 -1 0
    outer loop
      vertex 33.800 25.400 0.000
      vertex 34.400 25.400 0.000
      vertex 34.400 25.400 2.200
    endloop
  endfacet
  facet normal 0 -1 0
    outer loop
      vertex 33.800 25.400 0.000
      vertex 34.400 25.400 2.200
      vertex 33.800 25.400 2.200
    endloop
  endfacet
  facet normal 0 1 0
    outer loop
      vertex 33.800 26.600 0.000
      vertex 33.800 26.600 2.200
      vertex 34.400 26.600 2.200
    endloop
  endfacet
  facet normal 0 1 0
    outer loop
      vertex 33.800 26.600 0.000
      vertex 34.400 26.600 2.200
      vertex 34.400 26.600 0.000
    endloop
  endfacet
  facet normal 0 0 -1
    outer loop
      vertex 33.800 25.400 0.000
      vertex 33.800 26.600 0.000
      vertex 34.400 26.600 0.000
    endloop
  endfacet
  facet normal 0 0 -1
    outer loop
      vertex 33.800 25.400 0.000
      vertex 34.400 26.600 0.000
      vertex 34.400 25.400 0.000
    endloop
  endfacet
  facet normal 0 0 1
    outer loop
      vertex 33.800 25.400 2.200
      vertex 34.400 25.400 2.200
      vertex 34.400 26.600 2.200
    endloop
  endfacet
  facet normal 0 0 1
    outer loop
      vertex 33.800 25.400 2.200
      vertex 34.400 26.600 2.200
      vertex 33.800 26.600 2.200
    endloop
  endfacet
endsolid rack:F6-08:+y
solid rack:F6-09:+y
  facet normal -1 0 0
    outer loop
      vertex 34.400 25.400 0.000
      vertex 34.400 25.400 2.200
      vertex 34.400 26.600 2.200
    endloop
  endfacet
  facet normal -1 0 0
    outer loop
      vertex 34.400 25.400 0.000
      vertex 34.400 26.600 2.200
      vertex 34.400 26.600 0.000
    endloop
  endfacet
  facet normal 1 0 0
    outer loop
      vertex 35.000 25.400 0.000
      vertex 35.000 26.600 0.000
      vertex 35.000 26.600 2.200
    endloop
  endfacet
  facet normal 1 0 0
    outer loop
      vertex 35.000 25.400 0.000
      vertex 35.000 26.600 2.200
      vertex 35.000 25.400 2.200
    endloop
  endfacet
  facet normal 0 -1 0
    outer loop
      vertex 34.400 25.400 0.000
      vertex 35.000 25.400 0.000
      vertex 35.000 25.400 2.200
    endloop
  endfacet
  facet normal 0 -1 0
    outer loop
      vertex 34.400 25.400 0.000
      vertex 35.000 25.400 2.200
      vertex 34.400 25.400 2.200
    endloop
  endfacet
  facet normal 0 1 0
    outer loop
      vertex 34.400 26.600 0.000
      vertex 34.400 26.600 2.200
      vertex 35.000 26.600 2.200
    endloop
  endfacet
  facet normal 0 1 0
    outer loop
      vertex 34.400 26.600 0.000
      vertex 35.000 26.600 2.200
      vertex 35.000 26.600 0.000
    endloop
  endfacet
  facet normal 0 0 -1
    outer loop
      vertex 34.400 25.400 0.000
      vertex 34.400 26.600 0.000
      vertex 35.000 26.600 0.000
    endloop
  endfacet
  facet normal 0 0 -1
    outer loop
      vertex 34.400 25.400 0.000
      vertex 35.000 26.600 0.000
      vertex 35.000 25.400 0.000
    endloop
  endfacet
  facet normal 0 0 1
    outer loop
      vertex 34.400 25.400 2.200
      vertex 35.000 25.400 2.200
      vertex 35.000 26.600 2.200
    endloop
  endfacet
  facet normal 0 0 1
    outer loop
      vertex 34.400 25.400 2.200
      vertex 35.000 26.600 2.200
      vertex 34.400 26.600 2.200
    endloop
  endfacet
endsolid rack:F6-09:+y
solid rack:F6-10:+y
  facet normal -1 0 0
    outer loop
      vertex 35.200 25.400 0.000
      vertex 35.200 25.400 2.200
      vertex 35.200 26.600 2.200
    endloop
  endfacet
  facet normal -1 0 0
    outer loop
      vertex 35.200 25.400 0.000
      vertex 35.200 26.600 2.200
      vertex 35.200 26.600 0.000
    endloop
  endfacet
  facet normal 1 0 0
    outer loop
      vertex 35.800 25.400 0.000
      vertex 35.800 26.600 0.000
      vertex 35.800 26.600 2.200
    endloop
  endfacet
  facet normal 1 0 0
    outer loop
      vertex 35.800 25.400 0.000
      vertex 35.800 26.600 2.200
      vertex 35.800 25.400 2.200
    endloop
  endfacet
  facet normal 0 -1 0
    outer loop
      vertex 35.200 25.400 0.000
      vertex 35.800 25.400 0.000
      vertex 35.800 25.400 2.200
    endloop
  endfacet
  facet normal 0 -1 0
    outer loop
      vertex 35.200 25.400 0.000
      vertex 35.800 25.400 2.200
      vertex 35.200 25.400 2.200
    endloop
  endfacet
  facet normal 0 1 0
    outer loop
      vertex 35.200 26.600 0.000
      vertex 35.200 26.600 2.200
      vertex 35.800 26.600 2.200
    endloop
  endfacet
  facet normal 0 1 0
    outer loop
      vertex 35.200 26.600 0.000
      vertex 35.800 26.600 2.200
      vertex 35.800 26.600 0.000
    endloop
  endfacet
  facet normal 0 0 -1
    outer loop
      vertex 35.200 25.400 0.000
      vertex 35.200 26.600 0.000
      vertex 35.800 26.600 0.000
    endloop
  endfacet
  facet normal 0 0 -1
    outer loop
      vertex 35.200 25.400 0.000
      vertex 35.800 26.600 0.000
      vertex 35.800 25.400 0.000
    endloop
  endfacet
  facet normal 0 0 1
    outer loop
      vertex 35.200 25.400 2.200
      vertex 35.800 25.400 2.200
      vertex 35.800 26.600 2.200
    endloop
  endfacet
  facet normal 0 0 1
    outer loop
      vertex 35.200 25.400 2.200
      vertex 35.800 26.600 2.200
      vertex 35.200 26.600 2.200
    endloop
  endfacet
endsolid rack:F6-10:+y
solid rack:F6-11:+y
  facet normal -1 0 0
    outer loop
      vertex 35.800 25.400 0.000
      vertex 35.800 25.400 2.200
      vertex 35.800 26.600 2.200
    endloop
  endfacet
  facet normal -1 0 0
    outer loop
      vertex 35.800 25.400 0.000
      vertex 35.800 26.600 2.200
      vertex 35.800 26.600 0.000
    endloop
  endfacet
  facet normal 1 0 0
    outer loop
      vertex 36.400 25.400 0.000
      vertex 36.400 26.600 0.000
      vertex 36.400 26.600 2.200
    endloop
  endfacet
  facet normal 1 0 0
    outer loop
      vertex 36.400 25.400 0.000
      vertex 36.400 26.600 2.200
      vertex 36.400 25.400 2.200
    endloop
  endfacet
  facet normal 0 -1 0
    outer loop
      vertex 35.800 25.400 0.000
      vertex 36.400 25.400 0.000
      vertex 36.400 25.400 2.200
    endloop
  endfacet
  facet normal 0 -1 0
    outer loop
      vertex 35.800 25.400 0.000
      vertex 36.400 25.400 2.200
      vertex 35.800 25.400 2.200
    endloop
  endfacet
  facet normal 0 1 0
    outer loop
      vertex 35.800 26.600 0.000
      vertex 35.800 26.600 2.200
      vertex 36.400 26.600 2.200
    endloop
  endfacet
  facet normal 0 1 0
    outer loop
      vertex 35.800 26.600 0.000
      vertex 36.400 26.600 2.200
      vertex 36.400 26.600 0.000
    endloop
  endfacet
  facet normal 0 0 -1
    outer loop
      vertex 35.800 25.400 0.000
      vertex 35.800 26.600 0.000
      vertex 36.400 26.600 0.000
    endloop
  endfacet
  facet normal 0 0 -1
    outer loop
      vertex 35.800 25.400 0.000
      vertex 36.400 26.600 0.000
      vertex 36.400 25.400 0.000
    endloop
  endfacet
  facet normal 0 0 1
    outer loop
      vertex 35.800 25.400 2.200
      vertex 36.400 25.400 2.200
      vertex 36.400 26.600 2.200
    endloop
  endfacet
  facet normal 0 0 1
    outer loop
      vertex 35.800 25.400 2.200
      vertex 36.400 26.600 2.200
      vertex 35.800 26.600 2.200
    endloop
  endfacet
endsolid rack:F6-11:+y
solid rack:F6-12:+y
  facet normal -1 0 0
    outer loop
      vertex 36.400 25.400 0.000
      vertex 36.400 25.400 2.200
      vertex 36.400 26.600 2.200
    endloop
  endfacet
  facet normal -1 0 0
    outer loop
      vertex 36.400 25.400 0.000
      vertex 36.400 26.600 2.200
      vertex 36.400 26.600 0.000
    endloop
  endfacet
  facet normal 1 0 0
    outer loop
      vertex 37.000 25.400 0.000
      vertex 37.000 26.600 0.000
      vertex 37.000 26.600 2.200
    endloop
  endfacet
  facet normal 1 0 0
    outer loop
      vertex 37.000 25.400 0.000
      vertex 37.000 26.600 2.200
      vertex 37.000 25.400 2.200
    endloop
  endfacet
  facet normal 0 -1 0
    outer loop
      vertex 36.400 25.400 0.000
      vertex 37.000 25.400 0.000
      vertex 37.000 25.400 2.200
    endloop
  endfacet
  facet normal 0 -1 0
    outer loop
      vertex 36.400 25.400 0.000
      vertex 37.000 25.400 2.200
      vertex 36.400 25.400 2.200
    endloop
  endfacet
  facet normal 0 1 0
    outer loop
      vertex 36.400 26.600 0.000
      vertex 36.400 26.600 2.200
      vertex 37.000 26.600 2.200
    endloop
  endfacet
  facet normal 0 1 0
    outer loop
      vertex 36.400 26.600 0.000
      vertex 37.000 26.600 2.200
      vertex 37.000 26.600 0.000
    endloop
  endfacet
  facet normal 0 0 -1
    outer loop
      vertex 36.400 25.400 0.000
      vertex 36.400 26.600 0.000
      vertex 37.000 26.600 0.000
    endloop
  endfacet
  facet normal 0 0 -1
    outer loop
      vertex 36.400 25.400 0.000
      vertex 37.000 26.600 0.000
      vertex 37.000 25.400 0.000
    endloop
  endfacet
  facet normal 0 0 1
    outer loop
      vertex 36.400 25.400 2.200
      vertex 37.000 25.400 2.200
      vertex 37.000 26.600 2.200
    endloop
  endfacet
  facet normal 0 0 1
    outer loop
      vertex 36.400 25.400 2.200
      vertex 37.000 26.600 2.200
      vertex 36.400 26.600 2.200
    endloop
  endfacet
endsolid rack:F6-12:+y
solid rack:F6-13:+y
  facet normal -1 0 0
    outer loop
      vertex 37.000 25.400 0.000
      vertex 37.000 25.400 2.200
      vertex 37.000 26.600 2.200
    endloop
  endfacet
  facet normal -1 0 0
    outer loop
      vertex 37.000 25.400 0.000
      vertex 37.000 26.600 2.200
      vertex 37.000 26.600 0.000
    endloop
  endfacet
  facet normal 1 0 0
    outer loop
      vertex 37.600 25.400 0.000
      vertex 37.600 26.600 0.000
      vertex 37.600 26.600 2.200
    endloop
  endfacet
  facet normal 1 0 0
    outer loop
      vertex 37.600 25.400 0.000
      vertex 37.600 26.600 2.200
      vertex 37.600 25.400 2.200
    endloop
  endfacet
  facet normal 0 -1 0
    outer loop
      vertex 37.000 25.400 0.000
      vertex 37.600 25.400 0.000
      vertex 37.600 25.400 2.200
    endloop
  endfacet
  facet normal 0 -1 0
    outer loop
      vertex 37.000 25.400 0.000
      vertex 37.600 25.400 2.200
      vertex 37.000 25.400 2.200
    endloop
  endfacet
  facet normal 0 1 0
    outer loop
      vertex 37.000 26.600 0.000
      vertex 37.000 26.600 2.200
      vertex 37.600 26.600 2.200
    endloop
  endfacet
  facet normal 0 1 0
    outer loop
      vertex 37.000 26.600 0.000
      vertex 37.600 26.600 2.200
      vertex 37.600 26.600 0.000
    endloop
  endfacet
  facet normal 0 0 -1
    outer loop
      vertex 37.000 25.400 0.000
      vertex 37.000 26.600 0.000
      vertex 37.600 26.600 0.000
    endloop
  endfacet
  facet normal 0 0 -1
    outer loop
      vertex 37.000 25.400 0.000
      vertex 37.600 26.600 0.000
      vertex 37.600 25.400 0.000
    endloop
  endfacet
  facet normal 0 0 1
    outer loop
      vertex 37.000 25.400 2.200
      vertex 37.600 25.400 2.200
      vertex 37.600 26.600 2.200
    endloop
  endfacet
  facet normal 0 0 1
    outer loop
      vertex 37.000 25.400 2.200
      vertex 37.600 26.600 2.200
      vertex 37.000 26.600 2.200
    endloop
  endfacet
endsolid rack:F6-13:+y
solid rack:F7-01:-y
  facet normal -1 0 0
    outer loop
      vertex 11.400 21.800 0.000
      vertex 11.400 21.800 2.200
      vertex 11.400 23.000 2.200
    endloop
  endfacet
  facet normal -1 0 0
    outer loop
      vertex 11.400 21.800 0.000
      vertex 11.400 23.000 2.200
      vertex 11.400 23.000 0.000
    endloop
  endfacet
  facet normal 1 0 0
    outer loop
      vertex 12.000 21.800 0.000
      vertex 12.000 23.000 0.000
      vertex 12.000 23.000 2.200
    endloop
  endfacet
  facet normal 1 0 0
    outer loop
      vertex 12.000 21.800 0.000
      vertex 12.000 23.000 2.200
      vertex 12.000 21.800 2.200
    endloop
  endfacet
  facet normal 0 -1 0
    outer loop
      vertex 11.400 21.800 0.000
      vertex 12.000 21.800 0.000
      vertex 12.000 21.800 2.200
    endloop
  endfacet
  facet normal 0 -1 0
    outer loop
      vertex 11.400 21.800 0.000
      vertex 12.000 21.800 2.200
      vertex 11.400 21.800 2.200
    endloop
  endfacet
  facet normal 0 1 0
    outer loop
      vertex 11.400 23.000 0.000
      vertex 11.400 23.000 2.200
      vertex 12.000 23.000 2.200
    endloop
  endfacet
  facet normal 0 1 0
    outer loop
      vertex 11.400 23.000 0.000
      vertex 12.000 23.000 2.200
      vertex 12.000 23.000 0.000
    endloop
  endfacet
  facet normal 0 0 -1
    outer loop
      vertex 11.400 21.800 0.000
      vertex 11.400 23.000 0.000
      vertex 12.000 23.000 0.000
    endloop
  endfacet
  facet normal 0 0 -1
    outer loop
      vertex 11.400 21.800 0.000
      vertex 12.000 23.000 0.000
      vertex 12.000 21.800 0.000
    endloop
  endfacet
  facet normal 0 0 1
    outer loop
      vertex 11.400 21.800 2.200
      vertex 12.000 21.800 2.200
      vertex 12.000 23.000 2.200
    endloop
  endfacet
  facet normal 0 0 1
    outer loop
      vertex 11.400 21.800 2.200
      vertex 12.000 23.000 2.200
      vertex 11.400 23.000 2.200
    endloop
  endfacet
endsolid rack:F7-01:-y
solid rack:F7-02:-y
  facet normal -1 0 0
    outer loop
      vertex 12.000 21.800 0.000
      vertex 12.000 21.800 2.200
      vertex 12.000 23.000 2.200
    endloop
  endfacet
  facet normal -1 0 0
    outer loop
      vertex 12.000 21.800 0.000
      vertex 12.000 23.000 2.200
      vertex 12.000 23.000 0.000
    endloop
  endfacet
  facet normal 1 0 0
    outer loop
      vertex 12.600 21.800 0.000
      vertex 12.600 23.000 0.000
      vertex 12.600 23.000 2.200
    endloop
  endfacet
  facet normal 1 0 0
    outer loop
      vertex 12.600 21.800 0.000
      vertex 12.600 23.000 2.200
      vertex 12.600 21.800 2.200
    endloop
  endfacet
  facet normal 0 -1 0
    outer loop
      vertex 12.000 21.800 0.000
      vertex 12.600 21.800 0.000
      vertex 12.600 21.800 2.200
    endloop
  endfacet
  facet normal 0 -1 0
    outer loop
      vertex 12.000 21.800 0.000
      vertex 12.600 21.800 2.200
      vertex 12.000 21.800 2.200
    endloop
  endfacet
  facet normal 0 1 0
    outer loop
      vertex 12.000 23.000 0.000
      vertex 12.000 23.000 2.200
      vertex 12.600 23.000 2.200
    endloop
  endfacet
  facet normal 0 1 0
    outer loop
      vertex 12.000 23.000 0.000
      vertex 12.600 23.000 2.200
      vertex 12.600 23.000 0.000
    endloop
  endfacet
  facet normal 0 0 -1
    outer loop
      vertex 12.000 21.800 0.000
      vertex 12.000 23.000 0.000
      vertex 12.600 23.000 0.000
    endloop
  endfacet
  facet normal 0 0 -1
    outer loop
      vertex 12.000 21.800 0.000
      vertex 12.600 23.000 0.000
      vertex 12.600 21.800 0.000
    endloop
  endfacet
  facet normal 0 0 1
    outer loop
      vertex 12.000 21.800 2.200
      vertex 12.600 21.800 2.200
      vertex 12.600 23.000 2.200
    endloop
  endfacet
  facet normal 0 0 1
    outer loop
      vertex 12.000 21.800 2.200
      vertex 12.600 23.000 2.200
      vertex 12.000 23.000 2.200
    endloop
  endfacet
endsolid rack:F7-02:-y
solid rack:F7-03:-y
  facet normal -1 0 0
    outer loop
      vertex 12.600 21.800 0.000
      vertex 12.600 21.800 2.200
      vertex 12.600 23.000 2.200
    endloop
  endfacet
  facet normal -1 0 0
    outer loop
      vertex 12.600 21.800 0.000
      vertex 12.600 23.000 2.200
      vertex 12.600 23.000 0.000
    endloop
  endfacet
  facet normal 1 0 0
    outer loop
      vertex 13.200 21.800 0.000
      vertex 13.200 23.000 0.000
      vertex 13.200 23.000 2.200
    endloop
  endfacet
  facet normal 1 0 0
    outer loop
      vertex 13.200 21.800 0.000
      vertex 13.200 23.000 2.200
      vertex 13.200 21.800 2.200
    endloop
  endfacet
  facet normal 0 -1 0
    outer loop
      vertex 12.600 21.800 0.000
      vertex 13.200 21.800 0.000
      vertex 13.200 21.800 2.200
    endloop
  endfacet
  facet normal 0 -1 0
    outer loop
      vertex 12.600 21.800 0.000
      vertex 13.200 21.800 2.200
      vertex 12.600 21.800 2.200
    endloop
  endfacet
  facet normal 0 1 0
    outer loop
      vertex 12.600 23.000 0.000
      vertex 12.600 23.000 2.200
      vertex 13.200 23.000 2.200
    endloop
  endfacet
  facet normal 0 1 0
    outer loop
      vertex 12.600 23.000 0.000
      vertex 13.200 23.000 2.200
      vertex 13.200 23.000 0.000
    endloop
  endfacet
  facet normal 0 0 -1
    outer loop
      vertex 12.600 21.800 0.000
      vertex 12.600 23.000 0.000
      vertex 13.200 23.000 0.000
    endloop
  endfacet
  facet normal 0 0 -1
    outer loop
      vertex 12.600 21.800 0.000
      vertex 13.200 23.000 0.000
      vertex 13.200 21.800 0.000
    endloop
  endfacet
  facet normal 0 0 1
    outer loop
      vertex 12.600 21.800 2.200
      vertex 13.200 21.800 2.200
      vertex 13.200 23.000 2.200
    endloop
  endfacet
  facet normal 0 0 1
    outer loop
      vertex 12.600 21.800 2.200
      vertex 13.200 23.000 2.200
      vertex 12.600 23.000 2.200
    endloop
  endfacet
endsolid rack:F7-03:-y
solid rack:F7-04:-y
  facet normal -1 0 0
    outer loop
      vertex 14.000 21.800 0.000
      vertex 14.000 21.800 2.200
      vertex 14.000 23.000 2.200
    endloop
  endfacet
  facet normal -1 0 0
    outer loop
      vertex 14.000 21.800 0.000
      vertex 14.000 23.000 2.200
      vertex 14.000 23.000 0.000
    endloop
  endfacet
  facet normal 1 0 0
    outer loop
      vertex 14.600 21.800 0.000
      vertex 14.600 23.000 0.000
      vertex 14.600 23.000 2.200
    endloop
  endfacet
  facet normal 1 0 0
    outer loop
      vertex 14.600 21.800 0.000
      vertex 14.600 23.000 2.200
      vertex 14.600 21.800 2.200
    endloop
  endfacet
  facet normal 0 -1 0
    outer loop
      vertex 14.000 21.800 0.000
      vertex 14.600 21.800 0.000
      vertex 14.600 21.800 2.200
    endloop
  endfacet
  facet normal 0 -1 0
    outer loop
      vertex 14.000 21.800 0.000
      vertex 14.600 21.800 2.200
      vertex 14.000 21.800 2.200
    endloop
  endfacet
  facet normal 0 1 0
    outer loop
      vertex 14.000 23.000 0.000
      vertex 14.000 23.000 2.200
      vertex 14.600 23.000 2.200
    endloop
  endfacet
  facet normal 0 1 0
    outer loop
      vertex 14.000 23.000 0.000
      vertex 14.600 23.000 2.200
      vertex 14.600 23.000 0.000
    endloop
  endfacet
  facet normal 0 0 -1
    outer loop
      vertex 14.000 21.800 0.000
      vertex 14.000 23.000 0.000
      vertex 14.600 23.000 0.000
    endloop
  endfacet
  facet normal 0 0 -1
    outer loop
      vertex 14.000 21.800 0.000
      vertex 14.600 23.000 0.000
      vertex 14.600 21.800 0.000
    endloop
  endfacet
  facet normal 0 0 1
    outer loop
      vertex 14.000 21.800 2.200
      vertex 14.600 21.800 2.200
      vertex 14.600 23.000 2.200
    endloop
  endfacet
  facet normal 0 0 1
    outer loop
      vertex 14.000 21.800 2.200
      vertex 14.600 23.000 2.200
      vertex 14.000 23.000 2.200
    endloop
  endfacet
endsolid rack:F7-04:-y
solid rack:F7-05:-y
  facet normal -1 0 0
    outer loop
      vertex 14.600 21.800 0.000
      vertex 14.600 21.800 2.200
      vertex 14.600 23.000 2.200
    endloop
  endfacet
  facet normal -1 0 0
    outer loop
      vertex 14.600 21.800 0.000
      vertex 14.600 23.000 2.200
      vertex 14.600 23.000 0.000
    endloop
  endfacet
  facet normal 1 0 0
    outer loop
      vertex 15.200 21.800 0.000
      vertex 15.200 23.000 0.000
      vertex 15.200 23.000 2.200
    endloop
  endfacet
  facet normal 1 0 0
    outer loop
      vertex 15.200 21.800 0.000
      vertex 15.200 23.000 2.200
      vertex 15.200 21.800 2.200
    endloop
  endfacet
  facet normal 0 -1 0
    outer loop
      vertex 14.600 21.800 0.000
      vertex 15.200 21.800 0.000
      vertex 15.200 21.800 2.200
    endloop
  endfacet
  facet normal 0 -1 0
    outer loop
      vertex 14.600 21.800 0.000
      vertex 15.200 21.800 2.200
      vertex 14.600 21.800 2.200
    endloop
  endfacet
  facet normal 0 1 0
    outer loop
      vertex 14.600 23.000 0.000
      vertex 14.600 23.000 2.200
      vertex 15.200 23.000 2.200
    endloop
  endfacet
  facet normal 0 1 0
    outer loop
      vertex 14.600 23.000 0.000
      vertex 15.200 23.000 2.200
      vertex 15.200 23.000 0.000
    endloop
  endfacet
  facet normal 0 0 -1
    outer loop
      vertex 14.600 21.800 0.000
      vertex 14.600 23.000 0.000
      vertex 15.200 23.000 0.000
    endloop
  endfacet
  facet normal 0 0 -1
    outer loop
      vertex 14.600 21.800 0.000
      vertex 15.200 23.000 0.000
      vertex 15.200 21.800 0.000
    endloop
  endfacet
  facet normal 0 0 1
    outer loop
      vertex 14.600 21.800 2.200
      vertex 15.200 21.800 2.200
      vertex 15.200 23.000 2.200
    endloop
  endfacet
  facet normal 0 0 1
    outer loop
      vertex 14.600 21.800 2.200
      vertex 15.200 23.000 2.200
      vertex 14.600 23.000 2.200
    endloop
  endfacet
endsolid rack:F7-05:-y
solid rack:F7-06:-y
  facet normal -1 0 0
    outer loop
      vertex 15.200 21.800 0.000
      vertex 15.200 21.800 2.200
      vertex 15.200 23.000 2.200
    endloop
  endfacet
  facet normal -1 0 0
    outer loop
      vertex 15.200 21.800 0.000
      vertex 15.200 23.000 2.200
      vertex 15.200 23.000 0.000
    endloop
  endfacet
  facet normal 1 0 0
    outer loop
      vertex 15.800 21.800 0.000
      vertex 15.800 23.000 0.000
      vertex 15.800 23.000 2.200
    endloop
  endfacet
  facet normal 1 0 0
    outer loop
      vertex 15.800 21.800 0.000
      vertex 15.800 23.000 2.200
      vertex 15.800 21.800 2.200
    endloop
  endfacet
  facet normal 0 -1 0
    outer loop
      vertex 15.200 21.800 0.000
      vertex 15.800 21.800 0.000
      vertex 15.800 21.800 2.200
    endloop
  endfacet
  facet normal 0 -1 0
    outer loop
      vertex 15.200 21.800 0.000
      vertex 15.800 21.800 2.200
      vertex 15.200 21.800 2.200
    endloop
  endfacet
  facet normal 0 1 0
    outer loop
      vertex 15.200 23.000 0.000
      vertex 15.200 23.000 2.200
      vertex 15.800 23.000 2.200
    endloop
  endfacet
  facet normal 0 1 0
    outer loop
      vertex 15.200 23.000 0.000
      vertex 15.800 23.000 2.200
      vertex 15.800 23.000 0.000
    endloop
  endfacet
  facet normal 0 0 -1
    outer loop
      vertex 15.200 21.800 0.000
      vertex 15.200 23.000 0.000
      vertex 15.800 23.000 0.000
    endloop
  endfacet
  facet normal 0 0 -1
    outer loop
      vertex 15.200 21.800 0.000
      vertex 15.800 23.000 0.000
      vertex 15.800 21.800 0.000
    endloop
  endfacet
  facet normal 0 0 1
    outer loop
      vertex 15.200 21.800 2.200
      vertex 15.800 21.800 2.200
      vertex 15.800 23.000 2.200
    endloop
  endfacet
  facet normal 0 0 1
    outer loop
      vertex 15.200 21.800 2.200
      vertex 15.800 23.000 2.200
      vertex 15.200 23.000 2.200
    endloop
  endfacet
endsolid rack:F7-06:-y
solid rack:F7-07:-y
  facet normal -1 0 0
    outer loop
      vertex 15.800 21.800 0.000
      vertex 15.800 21.800 2.200
      vertex 15.800 23.000 2.200
    endloop
  endfacet
  facet normal -1 0 0
    outer loop
      vertex 15.800 21.800 0.000
      vertex 15.800 23.000 2.200
      vertex 15.800 23.000 0.000
    endloop
  endfacet
  facet normal 1 0 0
    outer loop
      vertex 16.400 21.800 0.000
      vertex 16.400 23.000 0.000
      vertex 16.400 23.000 2.200
    endloop
  endfacet
  facet normal 1 0 0
    outer loop
      vertex 16.400 21.800 0.000
      vertex 16.400 23.000 2.200
      vertex 16.400 21.800 2.200
    endloop
  endfacet
  facet normal 0 -1 0
    outer loop
      vertex 15.800 21.800 0.000
      vertex 16.400 21.800 0.000
      vertex 16.400 21.800 2.200
    endloop
  endfacet
  facet normal 0 -1 0
    outer loop
      vertex 15.800 21.800 0.000
      vertex 16.400 21.800 2.200
      vertex 15.800 21.800 2.200
    endloop
  endfacet
  facet normal 0 1 0
    outer loop
      vertex 15.800 23.000 0.000
      vertex 15.800 23.000 2.200
      vertex 16.400 23.000 2.200
    endloop
  endfacet
  facet normal 0 1 0
    outer loop
      vertex 15.800 23.000 0.000
      vertex 16.400 23.000 2.200
      vertex 16.400 23.000 0.000
    endloop
  endfacet
  facet normal 0 0 -1
    outer loop
      vertex 15.800 21.800 0.000
      vertex 15.800 23.000 0.000
      vertex 16.400 23.000 0.000
    endloop
  endfacet
  facet normal 0 0 -1
    outer loop
      vertex 15.800 21.800 0.000
      vertex 16.400 23.000 0.000
      vertex 16.400 21.800 0.000
    endloop
  endfacet
  facet normal 0 0 1
    outer loop
      vertex 15.800 21.800 2.200
      vertex 16.400 21.800 2.200
      vertex 16.400 23.000 2.200
    endloop
  endfacet
  facet normal 0 0 1
    outer loop
      vertex 15.800 21.800 2.200
      vertex 16.400 23.000 2.200
      vertex 15.800 23.000 2.200
    endloop
  endfacet
endsolid rack:F7-07:-y
solid rack:F7-08:-y
  facet normal -1 0 0
    outer loop
      vertex 17.200 21.800 0.000
      vertex 17.200 21.800 2.200
      vertex 17.200 23.000 2.200
    endloop
  endfacet
  facet normal -1 0 0
    outer loop
      vertex 17.200 21.800 0.000
      vertex 17.200 23.000 2.200
      vertex 17.200 23.000 0.000
    endloop
  endfacet
  facet normal 1 0 0
    outer loop
      vertex 18.000 21.800 0.000
      vertex 18.000 23.000 0.000
      vertex 18.000 23.000 2.200
    endloop
  endfacet
  facet normal 1 0 0
    outer loop
      vertex 18.000 21.800 0.000
      vertex 18.000 23.000 2.200
      vertex 18.000 21.800 2.200
    endloop
  endfacet
  facet normal 0 -1 0
    outer loop
      vertex 17.200 21.800 0.000
      vertex 18.000 21.800 0.000
      vertex 18.000 21.800 2.200
    endloop
  endfacet
  facet normal 0 -1 0
    outer loop
      vertex 17.200 21.800 0.000
      vertex 18.000 21.800 2.200
      vertex 17.200 21.800 2.200
    endloop
  endfacet
  facet normal 0 1 0
    outer loop
      vertex 17.200 23.000 0.000
      vertex 17.200 23.000 2.200
      vertex 18.000 23.000 2.200
    endloop
  endfacet
  facet normal 0 1 0
    outer loop
      vertex 17.200 23.000 0.000
      vertex 18.000 23.000 2.200
      vertex 18.000 23.000 0.000
    endloop
  endfacet
  facet normal 0 0 -1
    outer loop
      vertex 17.200 21.800 0.000
      vertex 17.200 23.000 0.000
      vertex 18.000 23.000 0.000
    endloop
  endfacet
  facet normal 0 0 -1
    outer loop
      vertex 17.200 21.800 0.000
      vertex 18.000 23.000 0.000
      vertex 18.000 21.800 0.000
    endloop
  endfacet
  facet normal 0 0 1
    outer loop
      vertex 17.200 21.800 2.200
      vertex 18.000 21.800 2.200
      vertex 18.000 23.000 2.200
    endloop
  endfacet
  facet normal 0 0 1
    outer loop
      vertex 17.200 21.800 2.200
      vertex 18.000 23.000 2.200
      vertex 17.200 23.000 2.200
    endloop
  endfacet
endsolid rack:F7-08:-y
solid rack:F7-09:-y
  facet normal -1 0 0
    outer loop
      vertex 18.000 21.800 0.000
      vertex 18.000 21.800 2.200
      vertex 18.000 23.000 2.200
    endloop
  endfacet
  facet normal -1 0 0
    outer loop
      vertex 18.000 21.800 0.000
      vertex 18.000 23.000 2.200
      vertex 18.000 23.000 0.000
    endloop
  endfacet
  facet normal 1 0 0
    outer loop
      vertex 18.800 21.800 0.000
      vertex 18.800 23.000 0.000
      vertex 18.800 23.000 2.200
    endloop
  endfacet
  facet normal 1 0 0
    outer loop
      vertex 18.800 21.800 0.000
      vertex 18.800 23.000 2.200
      vertex 18.800 21.800 2.200
    endloop
  endfacet
  facet normal 0 -1 0
    outer loop
      vertex 18.000 21.800 0.000
      vertex 18.800 21.800 0.000
      vertex 18.800 21.800 2.200
    endloop
  endfacet
  facet normal 0 -1 0
    outer loop
      vertex 18.000 21.800 0.000
      vertex 18.800 21.800 2.200
      vertex 18.000 21.800 2.200
    endloop
  endfacet
  facet normal 0 1 0
    outer loop
      vertex 18.000 23.000 0.000
      vertex 18.000 23.000 2.200
      vertex 18.800 23.000 2.200
    endloop
  endfacet
  facet normal 0 1 0
    outer loop
      vertex 18.000 23.000 0.000
      vertex 18.800 23.000 2.200
      vertex 18.800 23.000 0.000
    endloop
  endfacet
  facet normal 0 0 -1
    outer loop
      vertex 18.000 21.800 0.000
      vertex 18.000 23.000 0.000
      vertex 18.800 23.000 0.000
    endloop
  endfacet
  facet normal 0 0 -1
    outer loop
      vertex 18.000 21.800 0.000
      vertex 18.800 23.000 0.000
      vertex 18.800 21.800 0.000
    endloop
  endfacet
  facet normal 0 0 1
    outer loop
      vertex 18.000 21.800 2.200
      vertex 18.800 21.800 2.200
      vertex 18.800 23.000 2.200
    endloop
  endfacet
  facet normal 0 0 1
    outer loop
      vertex 18.000 21.800 2.200
      vertex 18.800 23.000 2.200
      vertex 18.000 23.000 2.200
    endloop
  endfacet
endsolid rack:F7-09:-y
solid rack:F7-10:-y
  facet normal -1 0 0
    outer loop
      vertex 19.000 21.800 0.000
      vertex 19.000 21.800 2.200
      vertex 19.000 23.000 2.200
    endloop
  endfacet
  facet normal -1 0 0
    outer loop
      vertex 19.000 21.800 0.000
      vertex 19.000 23.000 2.200
      vertex 19.000 23.000 0.000
    endloop
  endfacet
  facet normal 1 0 0
    outer loop
      vertex 19.800 21.800 0.000
      vertex 19.800 23.000 0.000
      vertex 19.800 23.000 2.200
    endloop
  endfacet
  facet normal 1 0 0
    outer loop
      vertex 19.800 21.800 0.000
      vertex 19.800 23.000 2.200
      vertex 19.800 21.800 2.200
    endloop
  endfacet
  facet normal 0 -1 0
    outer loop
      vertex 19.000 21.800 0.000
      vertex 19.800 21.800 0.000
      vertex 19.800 21.800 2.200
    endloop
  endfacet
  facet normal 0 -1 0
    outer loop
      vertex 19.000 21.800 0.000
      vertex 19.800 21.800 2.200
      vertex 19.000 21.800 2.200
    endloop
  endfacet
  facet normal 0 1 0
    outer loop
      vertex 19.000 23.000 0.000
      vertex 19.000 23.000 2.200
      vertex 19.800 23.000 2.200
    endloop
  endfacet
  facet normal 0 1 0
    outer loop
      vertex 19.000 23.000 0.000
      vertex 19.800 23.000 2.200
      vertex 19.800 23.000 0.000
    endloop
  endfacet
  facet normal 0 0 -1
    outer loop
      vertex 19.000 21.800 0.000
      vertex 19.000 23.000 0.000
      vertex 19.800 23.000 0.000
    endloop
  endfacet
  facet normal 0 0 -1
    outer loop
      vertex 19.000 21.800 0.000
      vertex 19.800 23.000 0.000
      vertex 19.800 21.800 0.000
    endloop
  endfacet
  facet normal 0 0 1
    outer loop
      vertex 19.000 21.800 2.200
      vertex 19.800 21.800 2.200
      vertex 19.800 23.000 2.200
    endloop
  endfacet
  facet normal 0 0 1
    outer loop
      vertex 19.000 21.800 2.200
      vertex 19.800 23.000 2.200
      vertex 19.000 23.000 2.200
    endloop
  endfacet
endsolid rack:F7-10:-y
solid rack:F7-11:-y
  facet normal -1 0 0
    outer loop
      vertex 19.800 21.800 0.000
      vertex 19.800 21.800 2.200
      vertex 19.800 23.000 2.200
    endloop
  endfacet
  facet normal -1 0 0
    outer loop
      vertex 19.800 21.800 0.000
      vertex 19.800 23.000 2.200
      vertex 19.800 23.000 0.000
    endloop
  endfacet
  facet normal 1 0 0
    outer loop
      vertex 20.600 21.800 0.000
      vertex 20.600 23.000 0.000
      vertex 20.600 23.000 2.200
    endloop
  endfacet
  facet normal 1 0 0
    outer loop
      vertex 20.600 21.800 0.000
      vertex 20.600 23.000 2.200
      vertex 20.600 21.800 2.200
    endloop
  endfacet
  facet normal 0 -1 0
    outer loop
      vertex 19.800 21.800 0.000
      vertex 20.600 21.800 0.000
      vertex 20.600 21.800 2.200
    endloop
  endfacet
  facet normal 0 -1 0
    outer loop
      vertex 19.800 21.800 0.000
      vertex 20.600 21.800 2.200
      vertex 19.800 21.800 2.200
    endloop
  endfacet
  facet normal 0 1 0
    outer loop
      vertex 19.800 23.000 0.000
      vertex 19.800 23.000 2.200
      vertex 20.600 23.000 2.200
    endloop
  endfacet
  facet normal 0 1 0
    outer loop
      vertex 19.800 23.000 0.000
      vertex 20.600 23.000 2.200
      vertex 20.600 23.000 0.000
    endloop
  endfacet
  facet normal 0 0 -1
    outer loop
      vertex 19.800 21.800 0.000
      vertex 19.800 23.000 0.000
      vertex 20.600 23.000 0.000
    endloop
  endfacet
  facet normal 0 0 -1
    outer loop
      vertex 19.800 21.800 0.000
      vertex 20.600 23.000 0.000
      vertex 20.600 21.800 0.000
    endloop
  endfacet
  facet normal 0 0 1
    outer loop
      vertex 19.800 21.800 2.200
      vertex 20.600 21.800 2.200
      vertex 20.600 23.000 2.200
    endloop
  endfacet
  facet normal 0 0 1
    outer loop
      vertex 19.800 21.800 2.200
      vertex 20.600 23.000 2.200
      vertex 19.800 23.000 2.200
    endloop
  endfacet
endsolid rack:F7-11:-y
solid rack:F7-12:-y
  facet normal -1 0 0
    outer loop
      vertex 20.600 21.800 0.000
      vertex 20.600 21.800 2.200
      vertex 20.600 23.000 2.200
    endloop
  endfacet
  facet normal -1 0 0
    outer loop
      vertex 20.600 21.800 0.000
      vertex 20.600 23.000 2.200
      vertex 20.600 23.000 0.000
    endloop
  endfacet
  facet normal 1 0 0
    outer loop
      vertex 21.400 21.800 0.000
      vertex 21.400 23.000 0.000
      vertex 21.400 23.000 2.200
    endloop
  endfacet
  facet normal 1 0 0
    outer loop
      vertex 21.400 21.800 0.000
      vertex 21.400 23.000 2.200
      vertex 21.400 21.800 2.200
    endloop
  endfacet
  facet normal 0 -1 0
    outer loop
      vertex 20.600 21.800 0.000
      vertex 21.400 21.800 0.000
      vertex 21.400 21.800 2.200
    endloop
  endfacet
  facet normal 0 -1 0
    outer loop
      vertex 20.600 21.800 0.000
      vertex 21.400 21.800 2.200
      vertex 20.600 21.800 2.200
    endloop
  endfacet
  facet normal 0 1 0
    outer loop
      vertex 20.600 23.000 0.000
      vertex 20.600 23.000 2.200
      vertex 21.400 23.000 2.200
    endloop
  endfacet
  facet normal 0 1 0
    outer loop
      vertex 20.600 23.000 0.000
      vertex 21.400 23.000 2.200
      vertex 21.400 23.000 0.000
    endloop
  endfacet
  facet normal 0 0 -1
    outer loop
      vertex 20.600 21.800 0.000
      vertex 20.600 23.000 0.000
      vertex 21.400 23.000 0.000
    endloop
  endfacet
  facet normal 0 0 -1
    outer loop
      vertex 20.600 21.800 0.000
      vertex 21.400 23.000 0.000
      vertex 21.400 21.800 0.000
    endloop
  endfacet
  facet normal 0 0 1
    outer loop
      vertex 20.600 21.800 2.200
      vertex 21.400 21.800 2.200
      vertex 21.400 23.000 2.200
    endloop
  endfacet
  facet normal 0 0 1
    outer loop
      vertex 20.600 21.800 2.200
      vertex 21.400 23.000 2.200
      vertex 20.600 23.000 2.200
    endloop
  endfacet
endsolid rack:F7-12:-y
solid rack:F7-13:-y
  facet normal -1 0 0
    outer loop
      vertex 21.600 21.800 0.000
      vertex 21.600 21.800 2.200
      vertex 21.600 23.000 2.200
    endloop
  endfacet
  facet normal -1 0 0
    outer loop
      vertex 21.600 21.800 0.000
      vertex 21.600 23.000 2.200
      vertex 21.600 23.000 0.000
    endloop
  endfacet
  facet normal 1 0 0
    outer loop
      vertex 22.400 21.800 0.000
      vertex 22.400 23.000 0.000
      vertex 22.400 23.000 2.200
    endloop
  endfacet
  facet normal 1 0 0
    outer loop
      vertex 22.400 21.800 0.000
      vertex 22.400 23.000 2.200
      vertex 22.400 21.800 2.200
    endloop
  endfacet
  facet normal 0 -1 0
    outer loop
      vertex 21.600 21.800 0.000
      vertex 22.400 21.800 0.000
      vertex 22.400 21.800 2.200
    endloop
  endfacet
  facet normal 0 -1 0
    outer loop
      vertex 21.600 21.800 0.000
      vertex 22.400 21.800 2.200
      vertex 21.600 21.800 2.200
    endloop
  endfacet
  facet normal 0 1 0
    outer loop
      vertex 21.600 23.000 0.000
      vertex 21.600 23.000 2.200
      vertex 22.400 23.000 2.200
    endloop
  endfacet
  facet normal 0 1 0
    outer loop
      vertex 21.600 23.000 0.000
      vertex 22.400 23.000 2.200
      vertex 22.400 23.000 0.000
    endloop
  endfacet
  facet normal 0 0 -1
    outer loop
      vertex 21.600 21.800 0.000
      vertex 21.600 23.000 0.000
      vertex 22.400 23.000 0.000
    endloop
  endfacet
  facet normal 0 0 -1
    outer loop
      vertex 21.600 21.800 0.000
      vertex 22.400 23.000 0.000
      vertex 22.400 21.800 0.000
    endloop
  endfacet
  facet normal 0 0 1
    outer loop
      vertex 21.600 21.800 2.200
      vertex 22.400 21.800 2.200
      vertex 22.400 23.000 2.200
    endloop
  endfacet
  facet normal 0 0 1
    outer loop
      vertex 21.600 21.800 2.200
      vertex 22.400 23.000 2.200
      vertex 21.600 23.000 2.200
    endloop
  endfacet
endsolid rack:F7-13:-y
solid rack:F7-14:-y
  facet normal -1 0 0
    outer loop
      vertex 22.400 21.800 0.000
      vertex 22.400 21.800 2.200
      vertex 22.400 23.000 2.200
    endloop
  endfacet
  facet normal -1 0 0
    outer loop
      vertex 22.400 21.800 0.000
      vertex 22.400 23.000 2.200
      vertex 22.400 23.000 0.000
    endloop
  endfacet
  facet normal 1 0 0
    outer loop
      vertex 23.200 21.800 0.000
      vertex 23.200 23.000 0.000
      vertex 23.200 23.000 2.200
    endloop
  endfacet
  facet normal 1 0 0
    outer loop
      vertex 23.200 21.800 0.000
      vertex 23.200 23.000 2.200
      vertex 23.200 21.800 2.200
    endloop
  endfacet
  facet normal 0 -1 0
    outer loop
      vertex 22.400 21.800 0.000
      vertex 23.200 21.800 0.000
      vertex 23.200 21.800 2.200
    endloop
  endfacet
  facet normal 0 -1 0
    outer loop
      vertex 22.400 21.800 0.000
      vertex 23.200 21.800 2.200
      vertex 22.400 21.800 2.200
    endloop
  endfacet
  facet normal 0 1 0
    outer loop
      vertex 22.400 23.000 0.000
      vertex 22.400 23.000 2.200
      vertex 23.200 23.000 2.200
    endloop
  endfacet
  facet normal 0 1 0
    outer loop
      vertex 22.400 23.000 0.000
      vertex 23.200 23.000 2.200
      vertex 23.200 23.000 0.000
    endloop
  endfacet
  facet normal 0 0 -1
    outer loop
      vertex 22.400 21.800 0.000
      vertex 22.400 23.000 0.000
      vertex 23.200 23.000 0.000
    endloop
  endfacet
  facet normal 0 0 -1
    outer loop
      vertex 22.400 21.800 0.000
      vertex 23.200 23.000 0.000
      vertex 23.200 21.800 0.000
    endloop
  endfacet
  facet normal 0 0 1
    outer loop
      vertex 22.400 21.800 2.200
      vertex 23.200 21.800 2.200
      vertex 23.200 23.000 2.200
    endloop
  endfacet
  facet normal 0 0 1
    outer loop
      vertex 22.400 21.800 2.200
      vertex 23.200 23.000 2.200
      vertex 22.400 23.000 2.200
    endloop
  endfacet
endsolid rack:F7-14:-y
solid rack:F8-01:-y
  facet normal -1 0 0
    outer loop
      vertex 25.800 21.800 0.000
      vertex 25.800 21.800 2.200
      vertex 25.800 23.000 2.200
    endloop
  endfacet
  facet normal -1 0 0
    outer loop
      vertex 25.800 21.800 0.000
      vertex 25.800 23.000 2.200
      vertex 25.800 23.000 0.000
    endloop
  endfacet
  facet normal 1 0 0
    outer loop
      vertex 26.600 21.800 0.000
      vertex 26.600 23.000 0.000
      vertex 26.600 23.000 2.200
    endloop
  endfacet
  facet normal 1 0 0
    outer loop
      vertex 26.600 21.800 0.000
      vertex 26.600 23.000 2.200
      vertex 26.600 21.800 2.200
    endloop
  endfacet
  facet normal 0 -1 0
    outer loop
      vertex 25.800 21.800 0.000
      vertex 26.600 21.800 0.000
      vertex 26.600 21.800 2.200
    endloop
  endfacet
  facet normal 0 -1 0
    outer loop
      vertex 25.800 21.800 0.000
      vertex 26.600 21.800 2.200
      vertex 25.800 21.800 2.200
    endloop
  endfacet
  facet normal 0 1 0
    outer loop
      vertex 25.800 23.000 0.000
      vertex 25.800 23.000 2.200
      vertex 26.600 23.000 2.200
    endloop
  endfacet
  facet normal 0 1 0
    outer loop
      vertex 25.800 23.000 0.000
      vertex 26.600 23.000 2.200
      vertex 26.600 23.000 0.000
    endloop
  endfacet
  facet normal 0 0 -1
    outer loop
      vertex 25.800 21.800 0.000
      vertex 25.800 23.000 0.000
      vertex 26.600 23.000 0.000
    endloop
  endfacet
  facet normal 0 0 -1
    outer loop
      vertex 25.800 21.800 0.000
      vertex 26.600 23.000 0.000
      vertex 26.600 21.800 0.000
    endloop
  endfacet
  facet normal 0 0 1
    outer loop
      vertex 25.800 21.800 2.200
      vertex 26.600 21.800 2.200
      vertex 26.600 23.000 2.200
    endloop
  endfacet
  facet normal 0 0 1
    outer loop
      vertex 25.800 21.800 2.200
      vertex 26.600 23.000 2.200
      vertex 25.800 23.000 2.200
    endloop
  endfacet
endsolid rack:F8-01:-y
solid rack:F8-02:-y
  facet normal -1 0 0
    outer loop
      vertex 26.600 21.800 0.000
      vertex 26.600 21.800 2.200
      vertex 26.600 23.000 2.200
    endloop
  endfacet
  facet normal -1 0 0
    outer loop
      vertex 26.600 21.800 0.000
      vertex 26.600 23.000 2.200
      vertex 26.600 23.000 0.000
    endloop
  endfacet
  facet normal 1 0 0
    outer loop
      vertex 27.400 21.800 0.000
      vertex 27.400 23.000 0.000
      vertex 27.400 23.000 2.200
    endloop
  endfacet
  facet normal 1 0 0
    outer loop
      vertex 27.400 21.800 0.000
      vertex 27.400 23.000 2.200
      vertex 27.400 21.800 2.200
    endloop
  endfacet
  facet normal 0 -1 0
    outer loop
      vertex 26.600 21.800 0.000
      vertex 27.400 21.800 0.000
      vertex 27.400 21.800 2.200
    endloop
  endfacet
  facet normal 0 -1 0
    outer loop
      vertex 26.600 21.800 0.000
      vertex 27.400 21.800 2.200
      vertex 26.600 21.800 2.200
    endloop
  endfacet
  facet normal 0 1 0
    outer loop
      vertex 26.600 23.000 0.000
      vertex 26.600 23.000 2.200
      vertex 27.400 23.000 2.200
    endloop
  endfacet
  facet normal 0 1 0
    outer loop
      vertex 26.600 23.000 0.000
      vertex 27.400 23.000 2.200
      vertex 27.400 23.000 0.000
    endloop
  endfacet
  facet normal 0 0 -1
    outer loop
      vertex 26.600 21.800 0.000
      vertex 26.600 23.000 0.000
      vertex 27.400 23.000 0.000
    endloop
  endfacet
  facet normal 0 0 -1
    outer loop
      vertex 26.600 21.800 0.000
      vertex 27.400 23.000 0.000
      vertex 27.400 21.800 0.000
    endloop
  endfacet
  facet normal 0 0 1
    outer loop
      vertex 26.600 21.800 2.200
      vertex 27.400 21.800 2.200
      vertex 27.400 23.000 2.200
    endloop
  endfacet
  facet normal 0 0 1
    outer loop
      vertex 26.600 21.800 2.200
      vertex 27.400 23.000 2.200
      vertex 26.600 23.000 2.200
    endloop
  endfacet
endsolid rack:F8-02:-y
solid rack:F8-03:-y
  facet normal -1 0 0
    outer loop
      vertex 27.600 21.800 0.000
      vertex 27.600 21.800 2.200
      vertex 27.600 23.000 2.200
    endloop
  endfacet
  facet normal -1 0 0
    outer loop
      vertex 27.600 21.800 0.000
      vertex 27.600 23.000 2.200
      vertex 27.600 23.000 0.000
    endloop
  endfacet
  facet normal 1 0 0
    outer loop
      vertex 28.400 21.800 0.000
      vertex 28.400 23.000 0.000
      vertex 28.400 23.000 2.200
    endloop
  endfacet
  facet normal 1 0 0
    outer loop
      vertex 28.400 21.800 0.000
      vertex 28.400 23.000 2.200
      vertex 28.400 21.800 2.200
    endloop
  endfacet
  facet normal 0 -1 0
    outer loop
      vertex 27.600 21.800 0.000
      vertex 28.400 21.800 0.000
      vertex 28.400 21.800 2.200
    endloop
  endfacet
  facet normal 0 -1 0
    outer loop
      vertex 27.600 21.800 0.000
      vertex 28.400 21.800 2.200
      vertex 27.600 21.800 2.200
    endloop
  endfacet
  facet normal 0 1 0
    outer loop
      vertex 27.600 23.000 0.000
      vertex 27.600 23.000 2.200
      vertex 28.400 23.000 2.200
    endloop
  endfacet
  facet normal 0 1 0
    outer loop
      vertex 27.600 23.000 0.000
      vertex 28.400 23.000 2.200
      vertex 28.400 23.000 0.000
    endloop
  endfacet
  facet normal 0 0 -1
    outer loop
      vertex 27.600 21.800 0.000
      vertex 27.600 23.000 0.000
      vertex 28.400 23.000 0.000
    endloop
  endfacet
  facet normal 0 0 -1
    outer loop
      vertex 27.600 21.800 0.000
      vertex 28.400 23.000 0.000
      vertex 28.400 21.800 0.000
    endloop
  endfacet
  facet normal 0 0 1
    outer loop
      vertex 27.600 21.800 2.200
      vertex 28.400 21.800 2.200
      vertex 28.400 23.000 2.200
    endloop
  endfacet
  facet normal 0 0 1
    outer loop
      vertex 27.600 21.800 2.200
      vertex 28.400 23.000 2.200
      vertex 27.600 23.000 2.200
    endloop
  endfacet
endsolid rack:F8-03:-y
solid rack:F8-04:-y
  facet normal -1 0 0
    outer loop
      vertex 28.400 21.800 0.000
      vertex 28.400 21.800 2.200
      vertex 28.400 23.000 2.200
    endloop
  endfacet
  facet normal -1 0 0
    outer loop
      vertex 28.400 21.800 0.000
      vertex 28.400 23.000 2.200
      vertex 28.400 23.000 0.000
    endloop
  endfacet
  facet normal 1 0 0
    outer loop
      vertex 29.200 21.800 0.000
      vertex 29.200 23.000 0.000
      vertex 29.200 23.000 2.200
    endloop
  endfacet
  facet normal 1 0 0
    outer loop
      vertex 29.200 21.800 0.000
      vertex 29.200 23.000 2.200
      vertex 29.200 21.800 2.200
    endloop
  endfacet
  facet normal 0 -1 0
    outer loop
      vertex 28.400 21.800 0.000
      vertex 29.200 21.800 0.000
      vertex 29.200 21.800 2.200
    endloop
  endfacet
  facet normal 0 -1 0
    outer loop
      vertex 28.400 21.800 0.000
      vertex 29.200 21.800 2.200
      vertex 28.400 21.800 2.200
    endloop
  endfacet
  facet normal 0 1 0
    outer loop
      vertex 28.400 23.000 0.000
      vertex 28.400 23.000 2.200
      vertex 29.200 23.000 2.200
    endloop
  endfacet
  facet normal 0 1 0
    outer loop
      vertex 28.400 23.000 0.000
      vertex 29.200 23.000 2.200
      vertex 29.200 23.000 0.000
    endloop
  endfacet
  facet normal 0 0 -1
    outer loop
      vertex 28.400 21.800 0.000
      vertex 28.400 23.000 0.000
      vertex 29.200 23.000 0.000
    endloop
  endfacet
  facet normal 0 0 -1
    outer loop
      vertex 28.400 21.800 0.000
      vertex 29.200 23.000 0.000
      vertex 29.200 21.800 0.000
    endloop
  endfacet
  facet normal 0 0 1
    outer loop
      vertex 28.400 21.800 2.200
      vertex 29.200 21.800 2.200
      vertex 29.200 23.000 2.200
    endloop
  endfacet
  facet normal 0 0 1
    outer loop
      vertex 28.400 21.800 2.200
      vertex 29.200 23.000 2.200
      vertex 28.400 23.000 2.200
    endloop
  endfacet
endsolid rack:F8-04:-y
solid rack:F8-05:-y
  facet normal -1 0 0
    outer loop
      vertex 29.200 21.800 0.000
      vertex 29.200 21.800 2.200
      vertex 29.200 23.000 2.200
    endloop
  endfacet
  facet normal -1 0 0
    outer loop
      vertex 29.200 21.800 0.000
      vertex 29.200 23.000 2.200
      vertex 29.200 23.000 0.000
    endloop
  endfacet
  facet normal 1 0 0
    outer loop
      vertex 30.000 21.800 0.000
      vertex 30.000 23.000 0.000
      vertex 30.000 23.000 2.200
    endloop
  endfacet
  facet normal 1 0 0
    outer loop
      vertex 30.000 21.800 0.000
      vertex 30.000 23.000 2.200
      vertex 30.000 21.800 2.200
    endloop
  endfacet
  facet normal 0 -1 0
    outer loop
      vertex 29.200 21.800 0.000
      vertex 30.000 21.800 0.000
      vertex 30.000 21.800 2.200
    endloop
  endfacet
  facet normal 0 -1 0
    outer loop
      vertex 29.200 21.800 0.000
      vertex 30.000 21.800 2.200
      vertex 29.200 21.800 2.200
    endloop
  endfacet
  facet normal 0 1 0
    outer loop
      vertex 29.200 23.000 0.000
      vertex 29.200 23.000 2.200
      vertex 30.000 23.000 2.200
    endloop
  endfacet
  facet normal 0 1 0
    outer loop
      vertex 29.200 23.000 0.000
      vertex 30.000 23.000 2.200
      vertex 30.000 23.000 0.000
    endloop
  endfacet
  facet normal 0 0 -1
    outer loop
      vertex 29.200 21.800 0.000
      vertex 29.200 23.000 0.000
      vertex 30.000 23.000 0.000
    endloop
  endfacet
  facet normal 0 0 -1
    outer loop
      vertex 29.200 21.800 0.000
      vertex 30.000 23.000 0.000
      vertex 30.000 21.800 0.000
    endloop
  endfacet
  facet normal 0 0 1
    outer loop
      vertex 29.200 21.800 2.200
      vertex 30.000 21.800 2.200
      vertex 30.000 23.000 2.200
    endloop
  endfacet
  facet normal 0 0 1
    outer loop
      vertex 29.200 21.800 2.200
      vertex 30.000 23.000 2.200
      vertex 29.200 23.000 2.200
    endloop
  endfacet
endsolid rack:F8-05:-y
solid rack:F8-06:-y
  facet normal -1 0 0
    outer loop
      vertex 30.800 21.800 0.000
      vertex 30.800 21.800 2.200
      vertex 30.800 23.000 2.200
    endloop
  endfacet
  facet normal -1 0 0
    outer loop
      vertex 30.800 21.800 0.000
      vertex 30.800 23.000 2.200
      vertex 30.800 23.000 0.000
    endloop
  endfacet
  facet normal 1 0 0
    outer loop
      vertex 31.600 21.800 0.000
      vertex 31.600 23.000 0.000
      vertex 31.600 23.000 2.200
    endloop
  endfacet
  facet normal 1 0 0
    outer loop
      vertex 31.600 21.800 0.000
      vertex 31.600 23.000 2.200
      vertex 31.600 21.800 2.200
    endloop
  endfacet
  facet normal 0 -1 0
    outer loop
      vertex 30.800 21.800 0.000
      vertex 31.600 21.800 0.000
      vertex 31.600 21.800 2.200
    endloop
  endfacet
  facet normal 0 -1 0
    outer loop
      vertex 30.800 21.800 0.000
      vertex 31.600 21.800 2.200
      vertex 30.800 21.800 2.200
    endloop
  endfacet
  facet normal 0 1 0
    outer loop
      vertex 30.800 23.000 0.000
      vertex 30.800 23.000 2.200
      vertex 31.600 23.000 2.200
    endloop
  endfacet
  facet normal 0 1 0
    outer loop
      vertex 30.800 23.000 0.000
      vertex 31.600 23.000 2.200
      vertex 31.600 23.000 0.000
    endloop
  endfacet
  facet normal 0 0 -1
    outer loop
      vertex 30.800 21.800 0.000
      vertex 30.800 23.000 0.000
      vertex 31.600 23.000 0.000
    endloop
  endfacet
  facet normal 0 0 -1
    outer loop
      vertex 30.800 21.800 0.000
      vertex 31.600 23.000 0.000
      vertex 31.600 21.800 0.000
    endloop
  endfacet
  facet normal 0 0 1
    outer loop
      vertex 30.800 21.800 2.200
      vertex 31.600 21.800 2.200
      vertex 31.600 23.000 2.200
    endloop
  endfacet
  facet normal 0 0 1
    outer loop
      vertex 30.800 21.800 2.200
      vertex 31.600 23.000 2.200
      vertex 30.800 23.000 2.200
    endloop
  endfacet
endsolid rack:F8-06:-y
solid rack:F8-07:-y
  facet normal -1 0 0
    outer loop
      vertex 31.600 21.800 0.000
      vertex 31.600 21.800 2.200
      vertex 31.600 23.000 2.200
    endloop
  endfacet
  facet normal -1 0 0
    outer loop
      vertex 31.600 21.800 0.000
      vertex 31.600 23.000 2.200
      vertex 31.600 23.000 0.000
    endloop
  endfacet
  facet normal 1 0 0
    outer loop
      vertex 32.400 21.800 0.000
      vertex 32.400 23.000 0.000
      vertex 32.400 23.000 2.200
    endloop
  endfacet
  facet normal 1 0 0
    outer loop
      vertex 32.400 21.800 0.000
      vertex 32.400 23.000 2.200
      vertex 32.400 21.800 2.200
    endloop
  endfacet
  facet normal 0 -1 0
    outer loop
      vertex 31.600 21.800 0.000
      vertex 32.400 21.800 0.000
      vertex 32.400 21.800 2.200
    endloop
  endfacet
  facet normal 0 -1 0
    outer loop
      vertex 31.600 21.800 0.000
      vertex 32.400 21.800 2.200
      vertex 31.600 21.800 2.200
    endloop
  endfacet
  facet normal 0 1 0
    outer loop
      vertex 31.600 23.000 0.000
      vertex 31.600 23.000 2.200
      vertex 32.400 23.000 2.200
    endloop
  endfacet
  facet normal 0 1 0
    outer loop
      vertex 31.600 23.000 0.000
      vertex 32.400 23.000 2.200
      vertex 32.400 23.000 0.000
    endloop
  endfacet
  facet normal 0 0 -1
    outer loop
      vertex 31.600 21.800 0.000
      vertex 31.600 23.000 0.000
      vertex 32.400 23.000 0.000
    endloop
  endfacet
  facet normal 0 0 -1
    outer loop
      vertex 31.600 21.800 0.000
      vertex 32.400 23.000 0.000
      vertex 32.400 21.800 0.000
    endloop
  endfacet
  facet normal 0 0 1
    outer loop
      vertex 31.600 21.800 2.200
      vertex 32.400 21.800 2.200
      vertex 32.400 23.000 2.200
    endloop
  endfacet
  facet normal 0 0 1
    outer loop
      vertex 31.600 21.800 2.200
      vertex 32.400 23.000 2.200
      vertex 31.600 23.000 2.200
    endloop
  endfacet
endsolid rack:F8-07:-y
solid rack:F8-08:-y
  facet normal -1 0 0
    outer loop
      vertex 33.200 21.800 0.000
      vertex 33.200 21.800 2.200
      vertex 33.200 23.000 2.200
    endloop
  endfacet
  facet normal -1 0 0
    outer loop
      vertex 33.200 21.800 0.000
      vertex 33.200 23.000 2.200
      vertex 33.200 23.000 0.000
    endloop
  endfacet
  facet normal 1 0 0
    outer loop
      vertex 33.800 21.800 0.000
      vertex 33.800 23.000 0.000
      vertex 33.800 23.000 2.200
    endloop
  endfacet
  facet normal 1 0 0
    outer loop
      vertex 33.800 21.800 0.000
      vertex 33.800 23.000 2.200
      vertex 33.800 21.800 2.200
    endloop
  endfacet
  facet normal 0 -1 0
    outer loop
      vertex 33.200 21.800 0.000
      vertex 33.800 21.800 0.000
      vertex 33.800 21.800 2.200
    endloop
  endfacet
  facet normal 0 -1 0
    outer loop
      vertex 33.200 21.800 0.000
      vertex 33.800 21.800 2.200
      vertex 33.200 21.800 2.200
    endloop
  endfacet
  facet normal 0 1 0
    outer loop
      vertex 33.200 23.000 0.000
      vertex 33.200 23.000 2.200
      vertex 33.800 23.000 2.200
    endloop
  endfacet
  facet normal 0 1 0
    outer loop
      vertex 33.200 23.000 0.000
      vertex 33.800 23.000 2.200
      vertex 33.800 23.000 0.000
    endloop
  endfacet
  facet normal 0 0 -1
    outer loop
      vertex 33.200 21.800 0.000
      vertex 33.200 23.000 0.000
      vertex 33.800 23.000 0.000
    endloop
  endfacet
  facet normal 0 0 -1
    outer loop
      vertex 33.200 21.800 0.000
      vertex 33.800 23.000 0.000
      vertex 33.800 21.800 0.000
    endloop
  endfacet
  facet normal 0 0 1
    outer loop
      vertex 33.200 21.800 2.200
      vertex 33.800 21.800 2.200
      vertex 33.800 23.000 2.200
    endloop
  endfacet
  facet normal 0 0 1
    outer loop
      vertex 33.200 21.800 2.200
      vertex 33.800 23.000 2.200
      vertex 33.200 23.000 2.200
    endloop
  endfacet
endsolid rack:F8-08:-y
solid rack:F8-09:-y
  facet normal -1 0 0
    outer loop
      vertex 33.800 21.800 0.000
      vertex 33.800 21.800 2.200
      vertex 33.800 23.000 2.200
    endloop
  endfacet
  facet normal -1 0 0
    outer loop
      vertex 33.800 21.800 0.000
      vertex 33.800 23.000 2.200
      vertex 33.800 23.000 0.000
    endloop
  endfacet
  facet normal 1 0 0
    outer loop
      vertex 34.400 21.800 0.000
      vertex 34.400 23.000 0.000
      vertex 34.400 23.000 2.200
    endloop
  endfacet
  facet normal 1 0 0
    outer loop
      vertex 34.400 21.800 0.000
      vertex 34.400 23.000 2.200
      vertex 34.400 21.800 2.200
    endloop
  endfacet
  facet normal 0 -1 0
    outer loop
      vertex 33.800 21.800 0.000
      vertex 34.400 21.800 0.000
      vertex 34.400 21.800 2.200
    endloop
  endfacet
  facet normal 0 -1 0
    outer loop
      vertex 33.800 21.800 0.000
      vertex 34.400 21.800 2.200
      vertex 33.800 21.800 2.200
    endloop
  endfacet
  facet normal 0 1 0
    outer loop
      vertex 33.800 23.000 0.000
      vertex 33.800 23.000 2.200
      vertex 34.400 23.000 2.200
    endloop
  endfacet
  facet normal 0 1 0
    outer loop
      vertex 33.800 23.000 0.000
      vertex 34.400 23.000 2.200
      vertex 34.400 23.000 0.000
    endloop
  endfacet
  facet normal 0 0 -1
    outer loop
      vertex 33.800 21.800 0.000
      vertex 33.800 23.000 0.000
      vertex 34.400 23.000 0.000
    endloop
  endfacet
  facet normal 0 0 -1
    outer loop
      vertex 33.800 21.800 0.000
      vertex 34.400 23.000 0.000
      vertex 34.400 21.800 0.000
    endloop
  endfacet
  facet normal 0 0 1
    outer loop
      vertex 33.800 21.800 2.200
      vertex 34.400 21.800 2.200
      vertex 34.400 23.000 2.200
    endloop
  endfacet
  facet normal 0 0 1
    outer loop
      vertex 33.800 21.800 2.200
      vertex 34.400 23.000 2.200
      vertex 33.800 23.000 2.200
    endloop
  endfacet
endsolid rack:F8-09:-y
solid rack:F8-10:-y
  facet normal -1 0 0
    outer loop
      vertex 34.400 21.800 0.000
      vertex 34.400 21.800 2.200
      vertex 34.400 23.000 2.200
    endloop
  endfacet
  facet normal -1 0 0
    outer loop
      vertex 34.400 21.800 0.000
      vertex 34.400 23.000 2.200
      vertex 34.400 23.000 0.000
    endloop
  endfacet
  facet normal 1 0 0
    outer loop
      vertex 35.000 21.800 0.000
      vertex 35.000 23.000 0.000
      vertex 35.000 23.000 2.200
    endloop
  endfacet
  facet normal 1 0 0
    outer loop
      vertex 35.000 21.800 0.000
      vertex 35.000 23.000 2.200
      vertex 35.000 21.800 2.200
    endloop
  endfacet
  facet normal 0 -1 0
    outer loop
      vertex 34.400 21.800 0.000
      vertex 35.000 21.800 0.000
      vertex 35.000 21.800 2.200
    endloop
  endfacet
  facet normal 0 -1 0
    outer loop
      vertex 34.400 21.800 0.000
      vertex 35.000 21.800 2.200
      vertex 34.400 21.800 2.200
    endloop
  endfacet
  facet normal 0 1 0
    outer loop
      vertex 34.400 23.000 0.000
      vertex 34.400 23.000 2.200
      vertex 35.000 23.000 2.200
    endloop
  endfacet
  facet normal 0 1 0
    outer loop
      vertex 34.400 23.000 0.000
      vertex 35.000 23.000 2.200
      vertex 35.000 23.000 0.000
    endloop
  endfacet
  facet normal 0 0 -1
    outer loop
      vertex 34.400 21.800 0.000
      vertex 34.400 23.000 0.000
      vertex 35.000 23.000 0.000
    endloop
  endfacet
  facet normal 0 0 -1
    outer loop
      vertex 34.400 21.800 0.000
      vertex 35.000 23.000 0.000
      vertex 35.000 21.800 0.000
    endloop
  endfacet
  facet normal 0 0 1
    outer loop
      vertex 34.400 21.800 2.200
      vertex 35.000 21.800 2.200
      vertex 35.000 23.000 2.200
    endloop
  endfacet
  facet normal 0 0 1
    outer loop
      vertex 34.400 21.800 2.200
      vertex 35.000 23.000 2.200
      vertex 34.400 23.000 2.200
    endloop
  endfacet
endsolid rack:F8-10:-y
solid rack:F8-11:-y
  facet normal -1 0 0
    outer loop
      vertex 35.200 21.800 0.000
      vertex 35.200 21.800 2.200
      vertex 35.200 23.000 2.200
    endloop
  endfacet
  facet normal -1 0 0
    outer loop
      vertex 35.200 21.800 0.000
      vertex 35.200 23.000 2.200
      vertex 35.200 23.000 0.000
    endloop
  endfacet
  facet normal 1 0 0
    outer loop
      vertex 35.800 21.800 0.000
      vertex 35.800 23.000 0.000
      vertex 35.800 23.000 2.200
    endloop
  endfacet
  facet normal 1 0 0
    outer loop
      vertex 35.800 21.800 0.000
      vertex 35.800 23.000 2.200
      vertex 35.800 21.800 2.200
    endloop
  endfacet
  facet normal 0 -1 0
    outer loop
      vertex 35.200 21.800 0.000
      vertex 35.800 21.800 0.000
      vertex 35.800 21.800 2.200
    endloop
  endfacet
  facet normal 0 -1 0
    outer loop
      vertex 35.200 21.800 0.000
      vertex 35.800 21.800 2.200
      vertex 35.200 21.800 2.200
    endloop
  endfacet
  facet normal 0 1 0
    outer loop
      vertex 35.200 23.000 0.000
      vertex 35.200 23.000 2.200
      vertex 35.800 23.000 2.200
    endloop
  endfacet
  facet normal 0 1 0
    outer loop
      vertex 35.200 23.000 0.000
      vertex 35.800 23.000 2.200
      vertex 35.800 23.000 0.000
    endloop
  endfacet
  facet normal 0 0 -1
    outer loop
      vertex 35.200 21.800 0.000
      vertex 35.200 23.000 0.000
      vertex 35.800 23.000 0.000
    endloop
  endfacet
  facet normal 0 0 -1
    outer loop
      vertex 35.200 21.800 0.000
      vertex 35.800 23.000 0.000
      vertex 35.800 21.800 0.000
    endloop
  endfacet
  facet normal 0 0 1
    outer loop
      vertex 35.200 21.800 2.200
      vertex 35.800 21.800 2.200
      vertex 35.800 23.000 2.200
    endloop
  endfacet
  facet normal 0 0 1
    outer loop
      vertex 35.200 21.800 2.200
      vertex 35.800 23.000 2.200
      vertex 35.200 23.000 2.200
    endloop
  endfacet
endsolid rack:F8-11:-y
solid rack:F8-12:-y
  facet normal -1 0 0
    outer loop
      vertex 35.800 21.800 0.000
      vertex 35.800 21.800 2.200
      vertex 35.800 23.000 2.200
    endloop
  endfacet
  facet normal -1 0 0
    outer loop
      vertex 35.800 21.800 0.000
      vertex 35.800 23.000 2.200
      vertex 35.800 23.000 0.000
    endloop
  endfacet
  facet normal 1 0 0
    outer loop
      vertex 36.400 21.800 0.000
      vertex 36.400 23.000 0.000
      vertex 36.400 23.000 2.200
    endloop
  endfacet
  facet normal 1 0 0
    outer loop
      vertex 36.400 21.800 0.000
      vertex 36.400 23.000 2.200
      vertex 36.400 21.800 2.200
    endloop
  endfacet
  facet normal 0 -1 0
    outer loop
      vertex 35.800 21.800 0.000
      vertex 36.400 21.800 0.000
      vertex 36.400 21.800 2.200
    endloop
  endfacet
  facet normal 0 -1 0
    outer loop
      vertex 35.800 21.800 0.000
      vertex 36.400 21.800 2.200
      vertex 35.800 21.800 2.200
    endloop
  endfacet
  facet normal 0 1 0
    outer loop
      vertex 35.800 23.000 0.000
      vertex 35.800 23.000 2.200
      vertex 36.400 23.000 2.200
    endloop
  endfacet
  facet normal 0 1 0
    outer loop
      vertex 35.800 23.000 0.000
      vertex 36.400 23.000 2.200
      vertex 36.400 23.000 0.000
    endloop
  endfacet
  facet normal 0 0 -1
    outer loop
      vertex 35.800 21.800 0.000
      vertex 35.800 23.000 0.000
      vertex 36.400 23.000 0.000
    endloop
  endfacet
  facet normal 0 0 -1
    outer loop
      vertex 35.800 21.800 0.000
      vertex 36.400 23.000 0.000
      vertex 36.400 21.800 0.000
    endloop
  endfacet
  facet normal 0 0 1
    outer loop
      vertex 35.800 21.800 2.200
      vertex 36.400 21.800 2.200
      vertex 36.400 23.000 2.200
    endloop
  endfacet
  facet normal 0 0 1
    outer loop
      vertex 35.800 21.800 2.200
      vertex 36.400 23.000 2.200
      vertex 35.800 23.000 2.200
    endloop
  endfacet
endsolid rack:F8-12:-y
solid rack:F8-13:-y
  facet normal -1 0 0
    outer loop
      vertex 36.400 21.800 0.000
      vertex 36.400 21.800 2.200
      vertex 36.400 23.000 2.200
    endloop
  endfacet
  facet normal -1 0 0
    outer loop
      vertex 36.400 21.800 0.000
      vertex 36.400 23.000 2.200
      vertex 36.400 23.000 0.000
    endloop
  endfacet
  facet normal 1 0 0
    outer loop
      vertex 37.000 21.800 0.000
      vertex 37.000 23.000 0.000
      vertex 37.000 23.000 2.200
    endloop
  endfacet
  facet normal 1 0 0
    outer loop
      vertex 37.000 21.800 0.000
      vertex 37.000 23.000 2.200
      vertex 37.000 21.800 2.200
    endloop
  endfacet
  facet normal 0 -1 0
    outer loop
      vertex 36.400 21.800 0.000
      vertex 37.000 21.800 0.000
      vertex 37.000 21.800 2.200
    endloop
  endfacet
  facet normal 0 -1 0
    outer loop
      vertex 36.400 21.800 0.000
      vertex 37.000 21.800 2.200
      vertex 36.400 21.800 2.200
    endloop
  endfacet
  facet normal 0 1 0
    outer loop
      vertex 36.400 23.000 0.000
      vertex 36.400 23.000 2.200
      vertex 37.000 23.000 2.200
    endloop
  endfacet
  facet normal 0 1 0
    outer loop
      vertex 36.400 23.000 0.000
      vertex 37.000 23.000 2.200
      vertex 37.000 23.000 0.000
    endloop
  endfacet
  facet normal 0 0 -1
    outer loop
      vertex 36.400 21.800 0.000
      vertex 36.400 23.000 0.000
      vertex 37.000 23.000 0.000
    endloop
  endfacet
  facet normal 0 0 -1
    outer loop
      vertex 36.400 21.800 0.000
      vertex 37.000 23.000 0.000
      vertex 37.000 21.800 0.000
    endloop
  endfacet
  facet normal 0 0 1
    outer loop
      vertex 36.400 21.800 2.200
      vertex 37.000 21.800 2.200
      vertex 37.000 23.000 2.200
    endloop
  endfacet
  facet normal 0 0 1
    outer loop
      vertex 36.400 21.800 2.200
      vertex 37.000 23.000 2.200
      vertex 36.400 23.000 2.200
    endloop
  endfacet
endsolid rack:F8-13:-y
solid rack:F8-14:-y
  facet normal -1 0 0
    outer loop
      vertex 37.000 21.800 0.000
      vertex 37.000 21.800 2.200
      vertex 37.000 23.000 2.200
    endloop
  endfacet
  facet normal -1 0 0
    outer loop
      vertex 37.000 21.800 0.000
      vertex 37.000 23.000 2.200
      vertex 37.000 23.000 0.000
    endloop
  endfacet
  facet normal 1 0 0
    outer loop
      vertex 37.600 21.800 0.000
      vertex 37.600 23.000 0.000
      vertex 37.600 23.000 2.200
    endloop
  endfacet
  facet normal 1 0 0
    outer loop
      vertex 37.600 21.800 0.000
      vertex 37.600 23.000 2.200
      vertex 37.600 21.800 2.200
    endloop
  endfacet
  facet normal 0 -1 0
    outer loop
      vertex 37.000 21.800 0.000
      vertex 37.600 21.800 0.000
      vertex 37.600 21.800 2.200
    endloop
  endfacet
  facet normal 0 -1 0
    outer loop
      vertex 37.000 21.800 0.000
      vertex 37.600 21.800 2.200
      vertex 37.000 21.800 2.200
    endloop
  endfacet
  facet normal 0 1 0
    outer loop
      vertex 37.000 23.000 0.000
      vertex 37.000 23.000 2.200
      vertex 37.600 23.000 2.200
    endloop
  endfacet
  facet normal 0 1 0
    outer loop
      vertex 37.000 23.000 0.000
      vertex 37.600 23.000 2.200
      vertex 37.600 23.000 0.000
    endloop
  endfacet
  facet normal 0 0 -1
    outer loop
      vertex 37.000 21.800 0.000
      vertex 37.000 23.000 0.000
      vertex 37.600 23.000 0.000
    endloop
  endfacet
  facet normal 0 0 -1
    outer loop
      vertex 37.000 21.800 0.000
      vertex 37.600 23.000 0.000
      vertex 37.600 21.800 0.000
    endloop
  endfacet
  facet normal 0 0 1
    outer loop
      vertex 37.000 21.800 2.200
      vertex 37.600 21.800 2.200
      vertex 37.600 23.000 2.200
    endloop
  endfacet
  facet normal 0 0 1
    outer loop
      vertex 37.000 21.800 2.200
      vertex 37.600 23.000 2.200
      vertex 37.000 23.000 2.200
    endloop
  endfacet
endsolid rack:F8-14:-y
solid rack:F9-01:+y
  facet normal -1 0 0
    outer loop
      vertex 11.400 17.000 0.000
      vertex 11.400 17.000 2.200
      vertex 11.400 18.200 2.200
    endloop
  endfacet
  facet normal -1 0 0
    outer loop
      vertex 11.400 17.000 0.000
      vertex 11.400 18.200 2.200
      vertex 11.400 18.200 0.000
    endloop
  endfacet
  facet normal 1 0 0
    outer loop
      vertex 12.000 17.000 0.000
      vertex 12.000 18.200 0.000
      vertex 12.000 18.200 2.200
    endloop
  endfacet
  facet normal 1 0 0
    outer loop
      vertex 12.000 17.000 0.000
      vertex 12.000 18.200 2.200
      vertex 12.000 17.000 2.200
    endloop
  endfacet
  facet normal 0 -1 0
    outer loop
      vertex 11.400 17.000 0.000
      vertex 12.000 17.000 0.000
      vertex 12.000 17.000 2.200
    endloop
  endfacet
  facet normal 0 -1 0
    outer loop
      vertex 11.400 17.000 0.000
      vertex 12.000 17.000 2.200
      vertex 11.400 17.000 2.200
    endloop
  endfacet
  facet normal 0 1 0
    outer loop
      vertex 11.400 18.200 0.000
      vertex 11.400 18.200 2.200
      vertex 12.000 18.200 2.200
    endloop
  endfacet
  facet normal 0 1 0
    outer loop
      vertex 11.400 18.200 0.000
      vertex 12.000 18.200 2.200
      vertex 12.000 18.200 0.000
    endloop
  endfacet
  facet normal 0 0 -1
    outer loop
      vertex 11.400 17.000 0.000
      vertex 11.400 18.200 0.000
      vertex 12.000 18.200 0.000
    endloop
  endfacet
  facet normal 0 0 -1
    outer loop
      vertex 11.400 17.000 0.000
      vertex 12.000 18.200 0.000
      vertex 12.000 17.000 0.000
    endloop
  endfacet
  facet normal 0 0 1
    outer loop
      vertex 11.400 17.000 2.200
      vertex 12.000 17.000 2.200
      vertex 12.000 18.200 2.200
    endloop
  endfacet
  facet normal 0 0 1
    outer loop
      vertex 11.400 17.000 2.200
      vertex 12.000 18.200 2.200
      vertex 11.400 18.200 2.200
    endloop
  endfacet
endsolid rack:F9-01:+y
solid rack:F9-02:+y
  facet normal -1 0 0
    outer loop
      vertex 12.000 17.000 0.000
      vertex 12.000 17.000 2.200
      vertex 12.000 18.200 2.200
    endloop
  endfacet
  facet normal -1 0 0
    outer loop
      vertex 12.000 17.000 0.000
      vertex 12.000 18.200 2.200
      vertex 12.000 18.200 0.000
    endloop
  endfacet
  facet normal 1 0 0
    outer loop
      vertex 12.600 17.000 0.000
      vertex 12.600 18.200 0.000
      vertex 12.600 18.200 2.200
    endloop
  endfacet
  facet normal 1 0 0
    outer loop
      vertex 12.600 17.000 0.000
      vertex 12.600 18.200 2.200
      vertex 12.600 17.000 2.200
    endloop
  endfacet
  facet normal 0 -1 0
    outer loop
      vertex 12.000 17.000 0.000
      vertex 12.600 17.000 0.000
      vertex 12.600 17.000 2.200
    endloop
  endfacet
  facet normal 0 -1 0
    outer loop
      vertex 12.000 17.000 0.000
      vertex 12.600 17.000 2.200
      vertex 12.000 17.000 2.200
    endloop
  endfacet
  facet normal 0 1 0
    outer loop
      vertex 12.000 18.200 0.000
      vertex 12.000 18.200 2.200
      vertex 12.600 18.200 2.200
    endloop
  endfacet
  facet normal 0 1 0
    outer loop
      vertex 12.000 18.200 0.000
      vertex 12.600 18.200 2.200
      vertex 12.600 18.200 0.000
    endloop
  endfacet
  facet normal 0 0 -1
    outer loop
      vertex 12.000 17.000 0.000
      vertex 12.000 18.200 0.000
      vertex 12.600 18.200 0.000
    endloop
  endfacet
  facet normal 0 0 -1
    outer loop
      vertex 12.000 17.000 0.000
      vertex 12.600 18.200 0.000
      vertex 12.600 17.000 0.000
    endloop
  endfacet
  facet normal 0 0 1
    outer loop
      vertex 12.000 17.000 2.200
      vertex 12.600 17.000 2.200
      vertex 12.600 18.200 2.200
    endloop
  endfacet
  facet normal 0 0 1
    outer loop
      vertex 12.000 17.000 2.200
      vertex 12.600 18.200 2.200
      vertex 12.000 18.200 2.200
    endloop
  endfacet
endsolid rack:F9-02:+y
solid rack:F9-03:+y
  facet normal -1 0 0
    outer loop
      vertex 12.600 17.000 0.000
      vertex 12.600 17.000 2.200
      vertex 12.600 18.200 2.200
    endloop
  endfacet
  facet normal -1 0 0
    outer loop
      vertex 12.600 17.000 0.000
      vertex 12.600 18.200 2.200
      vertex 12.600 18.200 0.000
    endloop
  endfacet
  facet normal 1 0 0
    outer loop
      vertex 13.200 17.000 0.000
      vertex 13.200 18.200 0.000
      vertex 13.200 18.200 2.200
    endloop
  endfacet
  facet normal 1 0 0
    outer loop
      vertex 13.200 17.000 0.000
      vertex 13.200 18.200 2.200
      vertex 13.200 17.000 2.200
    endloop
  endfacet
  facet normal 0 -1 0
    outer loop
      vertex 12.600 17.000 0.000
      vertex 13.200 17.000 0.000
      vertex 13.200 17.000 2.200
    endloop
  endfacet
  facet normal 0 -1 0
    outer loop
      vertex 12.600 17.000 0.000
      vertex 13.200 17.000 2.200
      vertex 12.600 17.000 2.200
    endloop
  endfacet
  facet normal 0 1 0
    outer loop
      vertex 12.600 18.200 0.000
      vertex 12.600 18.200 2.200
      vertex 13.200 18.200 2.200
    endloop
  endfacet
  facet normal 0 1 0
    outer loop
      vertex 12.600 18.200 0.000
      vertex 13.200 18.200 2.200
      vertex 13.200 18.200 0.000
    endloop
  endfacet
  facet normal 0 0 -1
    outer loop
      vertex 12.600 17.000 0.000
      vertex 12.600 18.200 0.000
      vertex 13.200 18.200 0.000
    endloop
  endfacet
  facet normal 0 0 -1
    outer loop
      vertex 12.600 17.000 0.000
      vertex 13.200 18.200 0.000
      vertex 13.200 17.000 0.000
    endloop
  endfacet
  facet normal 0 0 1
    outer loop
      vertex 12.600 17.000 2.200
      vertex 13.200 17.000 2.200
      vertex 13.200 18.200 2.200
    endloop
  endfacet
  facet normal 0 0 1
    outer loop
      vertex 12.600 17.000 2.200
      vertex 13.200 18.200 2.200
      vertex 12.600 18.200 2.200
    endloop
  endfacet
endsolid rack:F9-03:+y
solid rack:F9-04:+y
  facet normal -1 0 0
    outer loop
      vertex 14.600 17.000 0.000
      vertex 14.600 17.000 2.200
      vertex 14.600 18.200 2.200
    endloop
  endfacet
  facet normal -1 0 0
    outer loop
      vertex 14.600 17.000 0.000
      vertex 14.600 18.200 2.200
      vertex 14.600 18.200 0.000
    endloop
  endfacet
  facet normal 1 0 0
    outer loop
      vertex 15.200 17.000 0.000
      vertex 15.200 18.200 0.000
      vertex 15.200 18.200 2.200
    endloop
  endfacet
  facet normal 1 0 0
    outer loop
      vertex 15.200 17.000 0.000
      vertex 15.200 18.200 2.200
      vertex 15.200 17.000 2.200
    endloop
  endfacet
  facet normal 0 -1 0
    outer loop
      vertex 14.600 17.000 0.000
      vertex 15.200 17.000 0.000
      vertex 15.200 17.000 2.200
    endloop
  endfacet
  facet normal 0 -1 0
    outer loop
      vertex 14.600 17.000 0.000
      vertex 15.200 17.000 2.200
      vertex 14.600 17.000 2.200
    endloop
  endfacet
  facet normal 0 1 0
    outer loop
      vertex 14.600 18.200 0.000
      vertex 14.600 18.200 2.200
      vertex 15.200 18.200 2.200
    endloop
  endfacet
  facet normal 0 1 0
    outer loop
      vertex 14.600 18.200 0.000
      vertex 15.200 18.200 2.200
      vertex 15.200 18.200 0.000
    endloop
  endfacet
  facet normal 0 0 -1
    outer loop
      vertex 14.600 17.000 0.000
      vertex 14.600 18.200 0.000
      vertex 15.200 18.200 0.000
    endloop
  endfacet
  facet normal 0 0 -1
    outer loop
      vertex 14.600 17.000 0.000
      vertex 15.200 18.200 0.000
      vertex 15.200 17.000 0.000
    endloop
  endfacet
  facet normal 0 0 1
    outer loop
      vertex 14.600 17.000 2.200
      vertex 15.200 17.000 2.200
      vertex 15.200 18.200 2.200
    endloop
  endfacet
  facet normal 0 0 1
    outer loop
      vertex 14.600 17.000 2.200
      vertex 15.200 18.200 2.200
      vertex 14.600 18.200 2.200
    endloop
  endfacet
endsolid rack:F9-04:+y
solid rack:F9-05:+y
  facet normal -1 0 0
    outer loop
      vertex 15.200 17.000 0.000
      vertex 15.200 17.000 2.200
      vertex 15.200 18.200 2.200
    endloop
  endfacet
  facet normal -1 0 0
    outer loop
      vertex 15.200 17.000 0.000
      vertex 15.200 18.200 2.200
      vertex 15.200 18.200 0.000
    endloop
  endfacet
  facet normal 1 0 0
    outer loop
      vertex 15.800 17.000 0.000
      vertex 15.800 18.200 0.000
      vertex 15.800 18.200 2.200
    endloop
  endfacet
  facet normal 1 0 0
    outer loop
      vertex 15.800 17.000 0.000
      vertex 15.800 18.200 2.200
      vertex 15.800 17.000 2.200
    endloop
  endfacet
  facet normal 0 -1 0
    outer loop
      vertex 15.200 17.000 0.000
      vertex 15.800 17.000 0.000
      vertex 15.800 17.000 2.200
    endloop
  endfacet
  facet normal 0 -1 0
    outer loop
      vertex 15.200 17.000 0.000
      vertex 15.800 17.000 2.200
      vertex 15.200 17.000 2.200
    endloop
  endfacet
  facet normal 0 1 0
    outer loop
      vertex 15.200 18.200 0.000
      vertex 15.200 18.200 2.200
      vertex 15.800 18.200 2.200
    endloop
  endfacet
  facet normal 0 1 0
    outer loop
      vertex 15.200 18.200 0.000
      vertex 15.800 18.200 2.200
      vertex 15.800 18.200 0.000
    endloop
  endfacet
  facet normal 0 0 -1
    outer loop
      vertex 15.200 17.000 0.000
      vertex 15.200 18.200 0.000
      vertex 15.800 18.200 0.000
    endloop
  endfacet
  facet normal 0 0 -1
    outer loop
      vertex 15.200 17.000 0.000
      vertex 15.800 18.200 0.000
      vertex 15.800 17.000 0.000
    endloop
  endfacet
  facet normal 0 0 1
    outer loop
      vertex 15.200 17.000 2.200
      vertex 15.800 17.000 2.200
      vertex 15.800 18.200 2.200
    endloop
  endfacet
  facet normal 0 0 1
    outer loop
      vertex 15.200 17.000 2.200
      vertex 15.800 18.200 2.200
      vertex 15.200 18.200 2.200
    endloop
  endfacet
endsolid rack:F9-05:+y
solid rack:F9-06:+y
  facet normal -1 0 0
    outer loop
      vertex 15.800 17.000 0.000
      vertex 15.800 17.000 2.200
      vertex 15.800 18.200 2.200
    endloop
  endfacet
  facet normal -1 0 0
    outer loop
      vertex 15.800 17.000 0.000
      vertex 15.800 18.200 2.200
      vertex 15.800 18.200 0.000
    endloop
  endfacet
  facet normal 1 0 0
    outer loop
      vertex 16.400 17.000 0.000
      vertex 16.400 18.200 0.000
      vertex 16.400 18.200 2.200
    endloop
  endfacet
  facet normal 1 0 0
    outer loop
      vertex 16.400 17.000 0.000
      vertex 16.400 18.200 2.200
      vertex 16.400 17.000 2.200
    endloop
  endfacet
  facet normal 0 -1 0
    outer loop
      vertex 15.800 17.000 0.000
      vertex 16.400 17.000 0.000
      vertex 16.400 17.000 2.200
    endloop
  endfacet
  facet normal 0 -1 0
    outer loop
      vertex 15.800 17.000 0.000
      vertex 16.400 17.000 2.200
      vertex 15.800 17.000 2.200
    endloop
  endfacet
  facet normal 0 1 0
    outer loop
      vertex 15.800 18.200 0.000
      vertex 15.800 18.200 2.200
      vertex 16.400 18.200 2.200
    endloop
  endfacet
  facet normal 0 1 0
    outer loop
      vertex 15.800 18.200 0.000
      vertex 16.400 18.200 2.200
      vertex 16.400 18.200 0.000
    endloop
  endfacet
  facet normal 0 0 -1
    outer loop
      vertex 15.800 17.000 0.000
      vertex 15.800 18.200 0.000
      vertex 16.400 18.200 0.000
    endloop
  endfacet
  facet normal 0 0 -1
    outer loop
      vertex 15.800 17.000 0.000
      vertex 16.400 18.200 0.000
      vertex 16.400 17.000 0.000
    endloop
  endfacet
  facet normal 0 0 1
    outer loop
      vertex 15.800 17.000 2.200
      vertex 16.400 17.000 2.200
      vertex 16.400 18.200 2.200
    endloop
  endfacet
  facet normal 0 0 1
    outer loop
      vertex 15.800 17.000 2.200
      vertex 16.400 18.200 2.200
      vertex 15.800 18.200 2.200
    endloop
  endfacet
endsolid rack:F9-06:+y
solid rack:F9-07:+y
  facet normal -1 0 0
    outer loop
      vertex 16.600 17.000 0.000
      vertex 16.600 17.000 2.200
      vertex 16.600 18.200 2.200
    endloop
  endfacet
  facet normal -1 0 0
    outer loop
      vertex 16.600 17.000 0.000
      vertex 16.600 18.200 2.200
      vertex 16.600 18.200 0.000
    endloop
  endfacet
  facet normal 1 0 0
    outer loop
      vertex 17.200 17.000 0.000
      vertex 17.200 18.200 0.000
      vertex 17.200 18.200 2.200
    endloop
  endfacet
  facet normal 1 0 0
    outer loop
      vertex 17.200 17.000 0.000
      vertex 17.200 18.200 2.200
      vertex 17.200 17.000 2.200
    endloop
  endfacet
  facet normal 0 -1 0
    outer loop
      vertex 16.600 17.000 0.000
      vertex 17.200 17.000 0.000
      vertex 17.200 17.000 2.200
    endloop
  endfacet
  facet normal 0 -1 0
    outer loop
      vertex 16.600 17.000 0.000
      vertex 17.200 17.000 2.200
      vertex 16.600 17.000 2.200
    endloop
  endfacet
  facet normal 0 1 0
    outer loop
      vertex 16.600 18.200 0.000
      vertex 16.600 18.200 2.200
      vertex 17.200 18.200 2.200
    endloop
  endfacet
  facet normal 0 1 0
    outer loop
      vertex 16.600 18.200 0.000
      vertex 17.200 18.200 2.200
      vertex 17.200 18.200 0.000
    endloop
  endfacet
  facet normal 0 0 -1
    outer loop
      vertex 16.600 17.000 0.000
      vertex 16.600 18.200 0.000
      vertex 17.200 18.200 0.000
    endloop
  endfacet
  facet normal 0 0 -1
    outer loop
      vertex 16.600 17.000 0.000
      vertex 17.200 18.200 0.000
      vertex 17.200 17.000 0.000
    endloop
  endfacet
  facet normal 0 0 1
    outer loop
      vertex 16.600 17.000 2.200
      vertex 17.200 17.000 2.200
      vertex 17.200 18.200 2.200
    endloop
  endfacet
  facet normal 0 0 1
    outer loop
      vertex 16.600 17.000 2.200
      vertex 17.200 18.200 2.200
      vertex 16.600 18.200 2.200
    endloop
  endfacet
endsolid rack:F9-07:+y
solid rack:F9-08:+y
  facet normal -1 0 0
    outer loop
      vertex 17.200 17.000 0.000
      vertex 17.200 17.000 2.200
      vertex 17.200 18.200 2.200
    endloop
  endfacet
  facet normal -1 0 0
    outer loop
      vertex 17.200 17.000 0.000
      vertex 17.200 18.200 2.200
      vertex 17.200 18.200 0.000
    endloop
  endfacet
  facet normal 1 0 0
    outer loop
      vertex 18.000 17.000 0.000
      vertex 18.000 18.200 0.000
      vertex 18.000 18.200 2.200
    endloop
  endfacet
  facet normal 1 0 0
    outer loop
      vertex 18.000 17.000 0.000
      vertex 18.000 18.200 2.200
      vertex 18.000 17.000 2.200
    endloop
  endfacet
  facet normal 0 -1 0
    outer loop
      vertex 17.200 17.000 0.000
      vertex 18.000 17.000 0.000
      vertex 18.000 17.000 2.200
    endloop
  endfacet
  facet normal 0 -1 0
    outer loop
      vertex 17.200 17.000 0.000
      vertex 18.000 17.000 2.200
      vertex 17.200 17.000 2.200
    endloop
  endfacet
  facet normal 0 1 0
    outer loop
      vertex 17.200 18.200 0.000
      vertex 17.200 18.200 2.200
      vertex 18.000 18.200 2.200
    endloop
  endfacet
  facet normal 0 1 0
    outer loop
      vertex 17.200 18.200 0.000
      vertex 18.000 18.200 2.200
      vertex 18.000 18.200 0.000
    endloop
  endfacet
  facet normal 0 0 -1
    outer loop
      vertex 17.200 17.000 0.000
      vertex 17.200 18.200 0.000
      vertex 18.000 18.200 0.000
    endloop
  endfacet
  facet normal 0 0 -1
    outer loop
      vertex 17.200 17.000 0.000
      vertex 18.000 18.200 0.000
      vertex 18.000 17.000 0.000
    endloop
  endfacet
  facet normal 0 0 1
    outer loop
      vertex 17.200 17.000 2.200
      vertex 18.000 17.000 2.200
      vertex 18.000 18.200 2.200
    endloop
  endfacet
  facet normal 0 0 1
    outer loop
      vertex 17.200 17.000 2.200
      vertex 18.000 18.200 2.200
      vertex 17.200 18.200 2.200
    endloop
  endfacet
endsolid rack:F9-08:+y
solid rack:F9-09:+y
  facet normal -1 0 0
    outer loop
      vertex 18.000 17.000 0.000
      vertex 18.000 17.000 2.200
      vertex 18.000 18.200 2.200
    endloop
  endfacet
  facet normal -1 0 0
    outer loop
      vertex 18.000 17.000 0.000
      vertex 18.000 18.200 2.200
      vertex 18.000 18.200 0.000
    endloop
  endfacet
  facet normal 1 0 0
    outer loop
      vertex 18.800 17.000 0.000
      vertex 18.800 18.200 0.000
      vertex 18.800 18.200 2.200
    endloop
  endfacet
  facet normal 1 0 0
    outer loop
      vertex 18.800 17.000 0.000
      vertex 18.800 18.200 2.200
      vertex 18.800 17.000 2.200
    endloop
  endfacet
  facet normal 0 -1 0
    outer loop
      vertex 18.000 17.000 0.000
      vertex 18.800 17.000 0.000
      vertex 18.800 17.000 2.200
    endloop
  endfacet
  facet normal 0 -1 0
    outer loop
      vertex 18.000 17.000 0.000
      vertex 18.800 17.000 2.200
      vertex 18.000 17.000 2.200
    endloop
  endfacet
  facet normal 0 1 0
    outer loop
      vertex 18.000 18.200 0.000
      vertex 18.000 18.200 2.200
      vertex 18.800 18.200 2.200
    endloop
  endfacet
  facet normal 0 1 0
    outer loop
      vertex 18.000 18.200 0.000
      vertex 18.800 18.200 2.200
      vertex 18.800 18.200 0.000
    endloop
  endfacet
  facet normal 0 0 -1
    outer loop
      vertex 18.000 17.000 0.000
      vertex 18.000 18.200 0.000
      vertex 18.800 18.200 0.000
    endloop
  endfacet
  facet normal 0 0 -1
    outer loop
      vertex 18.000 17.000 0.000
      vertex 18.800 18.200 0.000
      vertex 18.800 17.000 0.000
    endloop
  endfacet
  facet normal 0 0 1
    outer loop
      vertex 18.000 17.000 2.200
      vertex 18.800 17.000 2.200
      vertex 18.800 18.200 2.200
    endloop
  endfacet
  facet normal 0 0 1
    outer loop
      vertex 18.000 17.000 2.200
      vertex 18.800 18.200 2.200
      vertex 18.000 18.200 2.200
    endloop
  endfacet
endsolid rack:F9-09:+y
solid rack:F9-10:+y
  facet normal -1 0 0
    outer loop
      vertex 19.000 17.000 0.000
      vertex 19.000 17.000 2.200
      vertex 19.000 18.200 2.200
    endloop
  endfacet
  facet normal -1 0 0
    outer loop
      vertex 19.000 17.000 0.000
      vertex 19.000 18.200 2.200
      vertex 19.000 18.200 0.000
    endloop
  endfacet
  facet normal 1 0 0
    outer loop
      vertex 19.800 17.000 0.000
      vertex 19.800 18.200 0.000
      vertex 19.800 18.200 2.200
    endloop
  endfacet
  facet normal 1 0 0
    outer loop
      vertex 19.800 17.000 0.000
      vertex 19.800 18.200 2.200
      vertex 19.800 17.000 2.200
    endloop
  endfacet
  facet normal 0 -1 0
    outer loop
      vertex 19.000 17.000 0.000
      vertex 19.800 17.000 0.000
      vertex 19.800 17.000 2.200
    endloop
  endfacet
  facet normal 0 -1 0
    outer loop
      vertex 19.000 17.000 0.000
      vertex 19.800 17.000 2.200
      vertex 19.000 17.000 2.200
    endloop
  endfacet
  facet normal 0 1 0
    outer loop
      vertex 19.000 18.200 0.000
      vertex 19.000 18.200 2.200
      vertex 19.800 18.200 2.200
    endloop
  endfacet
  facet normal 0 1 0
    outer loop
      vertex 19.000 18.200 0.000
      vertex 19.800 18.200 2.200
      vertex 19.800 18.200 0.000
    endloop
  endfacet
  facet normal 0 0 -1
    outer loop
      vertex 19.000 17.000 0.000
      vertex 19.000 18.200 0.000
      vertex 19.800 18.200 0.000
    endloop
  endfacet
  facet normal 0 0 -1
    outer loop
      vertex 19.000 17.000 0.000
      vertex 19.800 18.200 0.000
      vertex 19.800 17.000 0.000
    endloop
  endfacet
  facet normal 0 0 1
    outer loop
      vertex 19.000 17.000 2.200
      vertex 19.800 17.000 2.200
      vertex 19.800 18.200 2.200
    endloop
  endfacet
  facet normal 0 0 1
    outer loop
      vertex 19.000 17.000 2.200
      vertex 19.800 18.200 2.200
      vertex 19.000 18.200 2.200
    endloop
  endfacet
endsolid rack:F9-10:+y
solid rack:F9-11:+y
  facet normal -1 0 0
    outer loop
      vertex 19.800 17.000 0.000
      vertex 19.800 17.000 2.200
      vertex 19.800 18.200 2.200
    endloop
  endfacet
  facet normal -1 0 0
    outer loop
      vertex 19.800 17.000 0.000
      vertex 19.800 18.200 2.200
      vertex 19.800 18.200 0.000
    endloop
  endfacet
  facet normal 1 0 0
    outer loop
      vertex 20.600 17.000 0.000
      vertex 20.600 18.200 0.000
      vertex 20.600 18.200 2.200
    endloop
  endfacet
  facet normal 1 0 0
    outer loop
      vertex 20.600 17.000 0.000
      vertex 20.600 18.200 2.200
      vertex 20.600 17.000 2.200
    endloop
  endfacet
  facet normal 0 -1 0
    outer loop
      vertex 19.800 17.000 0.000
      vertex 20.600 17.000 0.000
      vertex 20.600 17.000 2.200
    endloop
  endfacet
  facet normal 0 -1 0
    outer loop
      vertex 19.800 17.000 0.000
      vertex 20.600 17.000 2.200
      vertex 19.800 17.000 2.200
    endloop
  endfacet
  facet normal 0 1 0
    outer loop
      vertex 19.800 18.200 0.000
      vertex 19.800 18.200 2.200
      vertex 20.600 18.200 2.200
    endloop
  endfacet
  facet normal 0 1 0
    outer loop
      vertex 19.800 18.200 0.000
      vertex 20.600 18.200 2.200
      vertex 20.600 18.200 0.000
    endloop
  endfacet
  facet normal 0 0 -1
    outer loop
      vertex 19.800 17.000 0.000
      vertex 19.800 18.200 0.000
      vertex 20.600 18.200 0.000
    endloop
  endfacet
  facet normal 0 0 -1
    outer loop
      vertex 19.800 17.000 0.000
      vertex 20.600 18.200 0.000
      vertex 20.600 17.000 0.000
    endloop
  endfacet
  facet normal 0 0 1
    outer loop
      vertex 19.800 17.000 2.200
      vertex 20.600 17.000 2.200
      vertex 20.600 18.200 2.200
    endloop
  endfacet
  facet normal 0 0 1
    outer loop
      vertex 19.800 17.000 2.200
      vertex 20.600 18.200 2.200
      vertex 19.800 18.200 2.200
    endloop
  endfacet
endsolid rack:F9-11:+y
solid rack:F9-12:+y
  facet normal -1 0 0
    outer loop
      vertex 21.600 17.000 0.000
      vertex 21.600 17.000 2.200
      vertex 21.600 18.200 2.200
    endloop
  endfacet
  facet normal -1 0 0
    outer loop
      vertex 21.600 17.000 0.000
      vertex 21.600 18.200 2.200
      vertex 21.600 18.200 0.000
    endloop
  endfacet
  facet normal 1 0 0
    outer loop
      vertex 22.400 17.000 0.000
      vertex 22.400 18.200 0.000
      vertex 22.400 18.200 2.200
    endloop
  endfacet
  facet normal 1 0 0
    outer loop
      vertex 22.400 17.000 0.000
      vertex 22.400 18.200 2.200
      vertex 22.400 17.000 2.200
    endloop
  endfacet
  facet normal 0 -1 0
    outer loop
      vertex 21.600 17.000 0.000
      vertex 22.400 17.000 0.000
      vertex 22.400 17.000 2.200
    endloop
  endfacet
  facet normal 0 -1 0
    outer loop
      vertex 21.600 17.000 0.000
      vertex 22.400 17.000 2.200
      vertex 21.600 17.000 2.200
    endloop
  endfacet
  facet normal 0 1 0
    outer loop
      vertex 21.600 18.200 0.000
      vertex 21.600 18.200 2.200
      vertex 22.400 18.200 2.200
    endloop
  endfacet
  facet normal 0 1 0
    outer loop
      vertex 21.600 18.200 0.000
      vertex 22.400 18.200 2.200
      vertex 22.400 18.200 0.000
    endloop
  endfacet
  facet normal 0 0 -1
    outer loop
      vertex 21.600 17.000 0.000
      vertex 21.600 18.200 0.000
      vertex 22.400 18.200 0.000
    endloop
  endfacet
  facet normal 0 0 -1
    outer loop
      vertex 21.600 17.000 0.000
      vertex 22.400 18.200 0.000
      vertex 22.400 17.000 0.000
    endloop
  endfacet
  facet normal 0 0 1
    outer loop
      vertex 21.600 17.000 2.200
      vertex 22.400 17.000 2.200
      vertex 22.400 18.200 2.200
    endloop
  endfacet
  facet normal 0 0 1
    outer loop
      vertex 21.600 17.000 2.200
      vertex 22.400 18.200 2.200
      vertex 21.600 18.200 2.200
    endloop
  endfacet
endsolid rack:F9-12:+y
solid rack:F10-01:+y
  facet normal -1 0 0
    outer loop
      vertex 26.600 17.000 0.000
      vertex 26.600 17.000 2.200
      vertex 26.600 18.200 2.200
    endloop
  endfacet
  facet normal -1 0 0
    outer loop
      vertex 26.600 17.000 0.000
      vertex 26.600 18.200 2.200
      vertex 26.600 18.200 0.000
    endloop
  endfacet
  facet normal 1 0 0
    outer loop
      vertex 27.400 17.000 0.000
      vertex 27.400 18.200 0.000
      vertex 27.400 18.200 2.200
    endloop
  endfacet
  facet normal 1 0 0
    outer loop
      vertex 27.400 17.000 0.000
      vertex 27.400 18.200 2.200
      vertex 27.400 17.000 2.200
    endloop
  endfacet
  facet normal 0 -1 0
    outer loop
      vertex 26.600 17.000 0.000
      vertex 27.400 17.000 0.000
      vertex 27.400 17.000 2.200
    endloop
  endfacet
  facet normal 0 -1 0
    outer loop
      vertex 26.600 17.000 0.000
      vertex 27.400 17.000 2.200
      vertex 26.600 17.000 2.200
    endloop
  endfacet
  facet normal 0 1 0
    outer loop
      vertex 26.600 18.200 0.000
      vertex 26.600 18.200 2.200
      vertex 27.400 18.200 2.200
    endloop
  endfacet
  facet normal 0 1 0
    outer loop
      vertex 26.600 18.200 0.000
      vertex 27.400 18.200 2.200
      vertex 27.400 18.200 0.000
    endloop
  endfacet
  facet normal 0 0 -1
    outer loop
      vertex 26.600 17.000 0.000
      vertex 26.600 18.200 0.000
      vertex 27.400 18.200 0.000
    endloop
  endfacet
  facet normal 0 0 -1
    outer loop
      vertex 26.600 17.000 0.000
      vertex 27.400 18.200 0.000
      vertex 27.400 17.000 0.000
    endloop
  endfacet
  facet normal 0 0 1
    outer loop
      vertex 26.600 17.000 2.200
      vertex 27.400 17.000 2.200
      vertex 27.400 18.200 2.200
    endloop
  endfacet
  facet normal 0 0 1
    outer loop
      vertex 26.600 17.000 2.200
      vertex 27.400 18.200 2.200
      vertex 26.600 18.200 2.200
    endloop
  endfacet
endsolid rack:F10-01:+y
solid rack:F10-02:+y
  facet normal -1 0 0
    outer loop
      vertex 27.600 17.000 0.000
      vertex 27.600 17.000 2.200
      vertex 27.600 18.200 2.200
    endloop
  endfacet
  facet normal -1 0 0
    outer loop
      vertex 27.600 17.000 0.000
      vertex 27.600 18.200 2.200
      vertex 27.600 18.200 0.000
    endloop
  endfacet
  facet normal 1 0 0
    outer loop
      vertex 28.400 17.000 0.000
      vertex 28.400 18.200 0.000
      vertex 28.400 18.200 2.200
    endloop
  endfacet
  facet normal 1 0 0
    outer loop
      vertex 28.400 17.000 0.000
      vertex 28.400 18.200 2.200
      vertex 28.400 17.000 2.200
    endloop
  endfacet
  facet normal 0 -1 0
    outer loop
      vertex 27.600 17.000 0.000
      vertex 28.400 17.000 0.000
      vertex 28.400 17.000 2.200
    endloop
  endfacet
  facet normal 0 -1 0
    outer loop
      vertex 27.600 17.000 0.000
      vertex 28.400 17.000 2.200
      vertex 27.600 17.000 2.200
    endloop
  endfacet
  facet normal 0 1 0
    outer loop
      vertex 27.600 18.200 0.000
      vertex 27.600 18.200 2.200
      vertex 28.400 18.200 2.200
    endloop
  endfacet
  facet normal 0 1 0
    outer loop
      vertex 27.600 18.200 0.000
      vertex 28.400 18.200 2.200
      vertex 28.400 18.200 0.000
    endloop
  endfacet
  facet normal 0 0 -1
    outer loop
      vertex 27.600 17.000 0.000
      vertex 27.600 18.200 0.000
      vertex 28.400 18.200 0.000
    endloop
  endfacet
  facet normal 0 0 -1
    outer loop
      vertex 27.600 17.000 0.000
      vertex 28.400 18.200 0.000
      vertex 28.400 17.000 0.000
    endloop
  endfacet
  facet normal 0 0 1
    outer loop
      vertex 27.600 17.000 2.200
      vertex 28.400 17.000 2.200
      vertex 28.400 18.200 2.200
    endloop
  endfacet
  facet normal 0 0 1
    outer loop
      vertex 27.600 17.000 2.200
      vertex 28.400 18.200 2.200
      vertex 27.600 18.200 2.200
    endloop
  endfacet
endsolid rack:F10-02:+y
solid rack:F10-03:+y
  facet normal -1 0 0
    outer loop
      vertex 28.400 17.000 0.000
      vertex 28.400 17.000 2.200
      vertex 28.400 18.200 2.200
    endloop
  endfacet
  facet normal -1 0 0
    outer loop
      vertex 28.400 17.000 0.000
      vertex 28.400 18.200 2.200
      vertex 28.400 18.200 0.000
    endloop
  endfacet
  facet normal 1 0 0
    outer loop
      vertex 29.200 17.000 0.000
      vertex 29.200 18.200 0.000
      vertex 29.200 18.200 2.200
    endloop
  endfacet
  facet normal 1 0 0
    outer loop
      vertex 29.200 17.000 0.000
      vertex 29.200 18.200 2.200
      vertex 29.200 17.000 2.200
    endloop
  endfacet
  facet normal 0 -1 0
    outer loop
      vertex 28.400 17.000 0.000
      vertex 29.200 17.000 0.000
      vertex 29.200 17.000 2.200
    endloop
  endfacet
  facet normal 0 -1 0
    outer loop
      vertex 28.400 17.000 0.000
      vertex 29.200 17.000 2.200
      vertex 28.400 17.000 2.200
    endloop
  endfacet
  facet normal 0 1 0
    outer loop
      vertex 28.400 18.200 0.000
      vertex 28.400 18.200 2.200
      vertex 29.200 18.200 2.200
    endloop
  endfacet
  facet normal 0 1 0
    outer loop
      vertex 28.400 18.200 0.000
      vertex 29.200 18.200 2.200
      vertex 29.200 18.200 0.000
    endloop
  endfacet
  facet normal 0 0 -1
    outer loop
      vertex 28.400 17.000 0.000
      vertex 28.400 18.200 0.000
      vertex 29.200 18.200 0.000
    endloop
  endfacet
  facet normal 0 0 -1
    outer loop
      vertex 28.400 17.000 0.000
      vertex 29.200 18.200 0.000
      vertex 29.200 17.000 0.000
    endloop
  endfacet
  facet normal 0 0 1
    outer loop
      vertex 28.400 17.000 2.200
      vertex 29.200 17.000 2.200
      vertex 29.200 18.200 2.200
    endloop
  endfacet
  facet normal 0 0 1
    outer loop
      vertex 28.400 17.000 2.200
      vertex 29.200 18.200 2.200
      vertex 28.400 18.200 2.200
    endloop
  endfacet
endsolid rack:F10-03:+y
solid rack:F10-04:+y
  facet normal -1 0 0
    outer loop
      vertex 29.200 17.000 0.000
      vertex 29.200 17.000 2.200
      vertex 29.200 18.200 2.200
    endloop
  endfacet
  facet normal -1 0 0
    outer loop
      vertex 29.200 17.000 0.000
      vertex 29.200 18.200 2.200
      vertex 29.200 18.200 0.000
    endloop
  endfacet
  facet normal 1 0 0
    outer loop
      vertex 30.000 17.000 0.000
      vertex 30.000 18.200 0.000
      vertex 30.000 18.200 2.200
    endloop
  endfacet
  facet normal 1 0 0
    outer loop
      vertex 30.000 17.000 0.000
      vertex 30.000 18.200 2.200
      vertex 30.000 17.000 2.200
    endloop
  endfacet
  facet normal 0 -1 0
    outer loop
      vertex 29.200 17.000 0.000
      vertex 30.000 17.000 0.000
      vertex 30.000 17.000 2.200
    endloop
  endfacet
  facet normal 0 -1 0
    outer loop
      vertex 29.200 17.000 0.000
      vertex 30.000 17.000 2.200
      vertex 29.200 17.000 2.200
    endloop
  endfacet
  facet normal 0 1 0
    outer loop
      vertex 29.200 18.200 0.000
      vertex 29.200 18.200 2.200
      vertex 30.000 18.200 2.200
    endloop
  endfacet
  facet normal 0 1 0
    outer loop
      vertex 29.200 18.200 0.000
      vertex 30.000 18.200 2.200
      vertex 30.000 18.200 0.000
    endloop
  endfacet
  facet normal 0 0 -1
    outer loop
      vertex 29.200 17.000 0.000
      vertex 29.200 18.200 0.000
      vertex 30.000 18.200 0.000
    endloop
  endfacet
  facet normal 0 0 -1
    outer loop
      vertex 29.200 17.000 0.000
      vertex 30.000 18.200 0.000
      vertex 30.000 17.000 0.000
    endloop
  endfacet
  facet normal 0 0 1
    outer loop
      vertex 29.200 17.000 2.200
      vertex 30.000 17.000 2.200
      vertex 30.000 18.200 2.200
    endloop
  endfacet
  facet normal 0 0 1
    outer loop
      vertex 29.200 17.000 2.200
      vertex 30.000 18.200 2.200
      vertex 29.200 18.200 2.200
    endloop
  endfacet
endsolid rack:F10-04:+y
solid rack:F10-05:+y
  facet normal -1 0 0
    outer loop
      vertex 30.200 17.000 0.000
      vertex 30.200 17.000 2.200
      vertex 30.200 18.200 2.200
    endloop
  endfacet
  facet normal -1 0 0
    outer loop
      vertex 30.200 17.000 0.000
      vertex 30.200 18.200 2.200
      vertex 30.200 18.200 0.000
    endloop
  endfacet
  facet normal 1 0 0
    outer loop
      vertex 31.000 17.000 0.000
      vertex 31.000 18.200 0.000
      vertex 31.000 18.200 2.200
    endloop
  endfacet
  facet normal 1 0 0
    outer loop
      vertex 31.000 17.000 0.000
      vertex 31.000 18.200 2.200
      vertex 31.000 17.000 2.200
    endloop
  endfacet
  facet normal 0 -1 0
    outer loop
      vertex 30.200 17.000 0.000
      vertex 31.000 17.000 0.000
      vertex 31.000 17.000 2.200
    endloop
  endfacet
  facet normal 0 -1 0
    outer loop
      vertex 30.200 17.000 0.000
      vertex 31.000 17.000 2.200
      vertex 30.200 17.000 2.200
    endloop
  endfacet
  facet normal 0 1 0
    outer loop
      vertex 30.200 18.200 0.000
      vertex 30.200 18.200 2.200
      vertex 31.000 18.200 2.200
    endloop
  endfacet
  facet normal 0 1 0
    outer loop
      vertex 30.200 18.200 0.000
      vertex 31.000 18.200 2.200
      vertex 31.000 18.200 0.000
    endloop
  endfacet
  facet normal 0 0 -1
    outer loop
      vertex 30.200 17.000 0.000
      vertex 30.200 18.200 0.000
      vertex 31.000 18.200 0.000
    endloop
  endfacet
  facet normal 0 0 -1
    outer loop
      vertex 30.200 17.000 0.000
      vertex 31.000 18.200 0.000
      vertex 31.000 17.000 0.000
    endloop
  endfacet
  facet normal 0 0 1
    outer loop
      vertex 30.200 17.000 2.200
      vertex 31.000 17.000 2.200
      vertex 31.000 18.200 2.200
    endloop
  endfacet
  facet normal 0 0 1
    outer loop
      vertex 30.200 17.000 2.200
      vertex 31.000 18.200 2.200
      vertex 30.200 18.200 2.200
    endloop
  endfacet
endsolid rack:F10-05:+y
solid rack:F10-06:+y
  facet normal -1 0 0
    outer loop
      vertex 31.000 17.000 0.000
      vertex 31.000 17.000 2.200
      vertex 31.000 18.200 2.200
    endloop
  endfacet
  facet normal -1 0 0
    outer loop
      vertex 31.000 17.000 0.000
      vertex 31.000 18.200 2.200
      vertex 31.000 18.200 0.000
    endloop
  endfacet
  facet normal 1 0 0
    outer loop
      vertex 31.800 17.000 0.000
      vertex 31.800 18.200 0.000
      vertex 31.800 18.200 2.200
    endloop
  endfacet
  facet normal 1 0 0
    outer loop
      vertex 31.800 17.000 0.000
      vertex 31.800 18.200 2.200
      vertex 31.800 17.000 2.200
    endloop
  endfacet
  facet normal 0 -1 0
    outer loop
      vertex 31.000 17.000 0.000
      vertex 31.800 17.000 0.000
      vertex 31.800 17.000 2.200
    endloop
  endfacet
  facet normal 0 -1 0
    outer loop
      vertex 31.000 17.000 0.000
      vertex 31.800 17.000 2.200
      vertex 31.000 17.000 2.200
    endloop
  endfacet
  facet normal 0 1 0
    outer loop
      vertex 31.000 18.200 0.000
      vertex 31.000 18.200 2.200
      vertex 31.800 18.200 2.200
    endloop
  endfacet
  facet normal 0 1 0
    outer loop
      vertex 31.000 18.200 0.000
      vertex 31.800 18.200 2.200
      vertex 31.800 18.200 0.000
    endloop
  endfacet
  facet normal 0 0 -1
    outer loop
      vertex 31.000 17.000 0.000
      vertex 31.000 18.200 0.000
      vertex 31.800 18.200 0.000
    endloop
  endfacet
  facet normal 0 0 -1
    outer loop
      vertex 31.000 17.000 0.000
      vertex 31.800 18.200 0.000
      vertex 31.800 17.000 0.000
    endloop
  endfacet
  facet normal 0 0 1
    outer loop
      vertex 31.000 17.000 2.200
      vertex 31.800 17.000 2.200
      vertex 31.800 18.200 2.200
    endloop
  endfacet
  facet normal 0 0 1
    outer loop
      vertex 31.000 17.000 2.200
      vertex 31.800 18.200 2.200
      vertex 31.000 18.200 2.200
    endloop
  endfacet
endsolid rack:F10-06:+y
solid rack:F10-07:+y
  facet normal -1 0 0
    outer loop
      vertex 31.800 17.000 0.000
      vertex 31.800 17.000 2.200
      vertex 31.800 18.200 2.200
    endloop
  endfacet
  facet normal -1 0 0
    outer loop
      vertex 31.800 17.000 0.000
      vertex 31.800 18.200 2.200
      vertex 31.800 18.200 0.000
    endloop
  endfacet
  facet normal 1 0 0
    outer loop
      vertex 32.400 17.000 0.000
      vertex 32.400 18.200 0.000
      vertex 32.400 18.200 2.200
    endloop
  endfacet
  facet normal 1 0 0
    outer loop
      vertex 32.400 17.000 0.000
      vertex 32.400 18.200 2.200
      vertex 32.400 17.000 2.200
    endloop
  endfacet
  facet normal 0 -1 0
    outer loop
      vertex 31.800 17.000 0.000
      vertex 32.400 17.000 0.000
      vertex 32.400 17.000 2.200
    endloop
  endfacet
  facet normal 0 -1 0
    outer loop
      vertex 31.800 17.000 0.000
      vertex 32.400 17.000 2.200
      vertex 31.800 17.000 2.200
    endloop
  endfacet
  facet normal 0 1 0
    outer loop
      vertex 31.800 18.200 0.000
      vertex 31.800 18.200 2.200
      vertex 32.400 18.200 2.200
    endloop
  endfacet
  facet normal 0 1 0
    outer loop
      vertex 31.800 18.200 0.000
      vertex 32.400 18.200 2.200
      vertex 32.400 18.200 0.000
    endloop
  endfacet
  facet normal 0 0 -1
    outer loop
      vertex 31.800 17.000 0.000
      vertex 31.800 18.200 0.000
      vertex 32.400 18.200 0.000
    endloop
  endfacet
  facet normal 0 0 -1
    outer loop
      vertex 31.800 17.000 0.000
      vertex 32.400 18.200 0.000
      vertex 32.400 17.000 0.000
    endloop
  endfacet
  facet normal 0 0 1
    outer loop
      vertex 31.800 17.000 2.200
      vertex 32.400 17.000 2.200
      vertex 32.400 18.200 2.200
    endloop
  endfacet
  facet normal 0 0 1
    outer loop
      vertex 31.800 17.000 2.200
      vertex 32.400 18.200 2.200
      vertex 31.800 18.200 2.200
    endloop
  endfacet
endsolid rack:F10-07:+y
solid rack:F10-08:+y
  facet normal -1 0 0
    outer loop
      vertex 33.200 17.000 0.000
      vertex 33.200 17.000 2.200
      vertex 33.200 18.200 2.200
    endloop
  endfacet
  facet normal -1 0 0
    outer loop
      vertex 33.200 17.000 0.000
      vertex 33.200 18.200 2.200
      vertex 33.200 18.200 0.000
    endloop
  endfacet
  facet normal 1 0 0
    outer loop
      vertex 33.800 17.000 0.000
      vertex 33.800 18.200 0.000
      vertex 33.800 18.200 2.200
    endloop
  endfacet
  facet normal 1 0 0
    outer loop
      vertex 33.800 17.000 0.000
      vertex 33.800 18.200 2.200
      vertex 33.800 17.000 2.200
    endloop
  endfacet
  facet normal 0 -1 0
    outer loop
      vertex 33.200 17.000 0.000
      vertex 33.800 17.000 0.000
      vertex 33.800 17.000 2.200
    endloop
  endfacet
  facet normal 0 -1 0
    outer loop
      vertex 33.200 17.000 0.000
      vertex 33.800 17.000 2.200
      vertex 33.200 17.000 2.200
    endloop
  endfacet
  facet normal 0 1 0
    outer loop
      vertex 33.200 18.200 0.000
      vertex 33.200 18.200 2.200
      vertex 33.800 18.200 2.200
    endloop
  endfacet
  facet normal 0 1 0
    outer loop
      vertex 33.200 18.200 0.000
      vertex 33.800 18.200 2.200
      vertex 33.800 18.200 0.000
    endloop
  endfacet
  facet normal 0 0 -1
    outer loop
      vertex 33.200 17.000 0.000
      vertex 33.200 18.200 0.000
      vertex 33.800 18.200 0.000
    endloop
  endfacet
  facet normal 0 0 -1
    outer loop
      vertex 33.200 17.000 0.000
      vertex 33.800 18.200 0.000
      vertex 33.800 17.000 0.000
    endloop
  endfacet
  facet normal 0 0 1
    outer loop
      vertex 33.200 17.000 2.200
      vertex 33.800 17.000 2.200
      vertex 33.800 18.200 2.200
    endloop
  endfacet
  facet normal 0 0 1
    outer loop
      vertex 33.200 17.000 2.200
      vertex 33.800 18.200 2.200
      vertex 33.200 18.200 2.200
    endloop
  endfacet
endsolid rack:F10-08:+y
solid rack:F10-09:+y
  facet normal -1 0 0
    outer loop
      vertex 33.800 17.000 0.000
      vertex 33.800 17.000 2.200
      vertex 33.800 18.200 2.200
    endloop
  endfacet
  facet normal -1 0 0
    outer loop
      vertex 33.800 17.000 0.000
      vertex 33.800 18.200 2.200
      vertex 33.800 18.200 0.000
    endloop
  endfacet
  facet normal 1 0 0
    outer loop
      vertex 34.400 17.000 0.000
      vertex 34.400 18.200 0.000
      vertex 34.400 18.200 2.200
    endloop
  endfacet
  facet normal 1 0 0
    outer loop
      vertex 34.400 17.000 0.000
      vertex 34.400 18.200 2.200
      vertex 34.400 17.000 2.200
    endloop
  endfacet
  facet normal 0 -1 0
    outer loop
      vertex 33.800 17.000 0.000
      vertex 34.400 17.000 0.000
      vertex 34.400 17.000 2.200
    endloop
  endfacet
  facet normal 0 -1 0
    outer loop
      vertex 33.800 17.000 0.000
      vertex 34.400 17.000 2.200
      vertex 33.800 17.000 2.200
    endloop
  endfacet
  facet normal 0 1 0
    outer loop
      vertex 33.800 18.200 0.000
      vertex 33.800 18.200 2.200
      vertex 34.400 18.200 2.200
    endloop
  endfacet
  facet normal 0 1 0
    outer loop
      vertex 33.800 18.200 0.000
      vertex 34.400 18.200 2.200
      vertex 34.400 18.200 0.000
    endloop
  endfacet
  facet normal 0 0 -1
    outer loop
      vertex 33.800 17.000 0.000
      vertex 33.800 18.200 0.000
      vertex 34.400 18.200 0.000
    endloop
  endfacet
  facet normal 0 0 -1
    outer loop
      vertex 33.800 17.000 0.000
      vertex 34.400 18.200 0.000
      vertex 34.400 17.000 0.000
    endloop
  endfacet
  facet normal 0 0 1
    outer loop
      vertex 33.800 17.000 2.200
      vertex 34.400 17.000 2.200
      vertex 34.400 18.200 2.200
    endloop
  endfacet
  facet normal 0 0 1
    outer loop
      vertex 33.800 17.000 2.200
      vertex 34.400 18.200 2.200
      vertex 33.800 18.200 2.200
    endloop
  endfacet
endsolid rack:F10-09:+y
solid rack:F10-10:+y
  facet normal -1 0 0
    outer loop
      vertex 34.400 17.000 0.000
      vertex 34.400 17.000 2.200
      vertex 34.400 18.200 2.200
    endloop
  endfacet
  facet normal -1 0 0
    outer loop
      vertex 34.400 17.000 0.000
      vertex 34.400 18.200 2.200
      vertex 34.400 18.200 0.000
    endloop
  endfacet
  facet normal 1 0 0
    outer loop
      vertex 35.000 17.000 0.000
      vertex 35.000 18.200 0.000
      vertex 35.000 18.200 2.200
    endloop
  endfacet
  facet normal 1 0 0
    outer loop
      vertex 35.000 17.000 0.000
      vertex 35.000 18.200 2.200
      vertex 35.000 17.000 2.200
    endloop
  endfacet
  facet normal 0 -1 0
    outer loop
      vertex 34.400 17.000 0.000
      vertex 35.000 17.000 0.000
      vertex 35.000 17.000 2.200
    endloop
  endfacet
  facet normal 0 -1 0
    outer loop
      vertex 34.400 17.000 0.000
      vertex 35.000 17.000 2.200
      vertex 34.400 17.000 2.200
    endloop
  endfacet
  facet normal 0 1 0
    outer loop
      vertex 34.400 18.200 0.000
      vertex 34.400 18.200 2.200
      vertex 35.000 18.200 2.200
    endloop
  endfacet
  facet normal 0 1 0
    outer loop
      vertex 34.400 18.200 0.000
      vertex 35.000 18.200 2.200
      vertex 35.000 18.200 0.000
    endloop
  endfacet
  facet normal 0 0 -1
    outer loop
      vertex 34.400 17.000 0.000
      vertex 34.400 18.200 0.000
      vertex 35.000 18.200 0.000
    endloop
  endfacet
  facet normal 0 0 -1
    outer loop
      vertex 34.400 17.000 0.000
      vertex 35.000 18.200 0.000
      vertex 35.000 17.000 0.000
    endloop
  endfacet
  facet normal 0 0 1
    outer loop
      vertex 34.400 17.000 2.200
      vertex 35.000 17.000 2.200
      vertex 35.000 18.200 2.200
    endloop
  endfacet
  facet normal 0 0 1
    outer loop
      vertex 34.400 17.000 2.200
      vertex 35.000 18.200 2.200
      vertex 34.400 18.200 2.200
    endloop
  endfacet
endsolid rack:F10-10:+y
solid rack:F10-11:+y
  facet normal -1 0 0
    outer loop
      vertex 35.200 17.000 0.000
      vertex 35.200 17.000 2.200
      vertex 35.200 18.200 2.200
    endloop
  endfacet
  facet normal -1 0 0
    outer loop
      vertex 35.200 17.000 0.000
      vertex 35.200 18.200 2.200
      vertex 35.200 18.200 0.000
    endloop
  endfacet
  facet normal 1 0 0
    outer loop
      vertex 35.800 17.000 0.000
      vertex 35.800 18.200 0.000
      vertex 35.800 18.200 2.200
    endloop
  endfacet
  facet normal 1 0 0
    outer loop
      vertex 35.800 17.000 0.000
      vertex 35.800 18.200 2.200
      vertex 35.800 17.000 2.200
    endloop
  endfacet
  facet normal 0 -1 0
    outer loop
      vertex 35.200 17.000 0.000
      vertex 35.800 17.000 0.000
      vertex 35.800 17.000 2.200
    endloop
  endfacet
  facet normal 0 -1 0
    outer loop
      vertex 35.200 17.000 0.000
      vertex 35.800 17.000 2.200
      vertex 35.200 17.000 2.200
    endloop
  endfacet
  facet normal 0 1 0
    outer loop
      vertex 35.200 18.200 0.000
      vertex 35.200 18.200 2.200
      vertex 35.800 18.200 2.200
    endloop
  endfacet
  facet normal 0 1 0
    outer loop
      vertex 35.200 18.200 0.000
      vertex 35.800 18.200 2.200
      vertex 35.800 18.200 0.000
    endloop
  endfacet
  facet normal 0 0 -1
    outer loop
      vertex 35.200 17.000 0.000
      vertex 35.200 18.200 0.000
      vertex 35.800 18.200 0.000
    endloop
  endfacet
  facet normal 0 0 -1
    outer loop
      vertex 35.200 17.000 0.000
      vertex 35.800 18.200 0.000
      vertex 35.800 17.000 0.000
    endloop
  endfacet
  facet normal 0 0 1
    outer loop
      vertex 35.200 17.000 2.200
      vertex 35.800 17.000 2.200
      vertex 35.800 18.200 2.200
    endloop
  endfacet
  facet normal 0 0 1
    outer loop
      vertex 35.200 17.000 2.200
      vertex 35.800 18.200 2.200
      vertex 35.200 18.200 2.200
    endloop
  endfacet
endsolid rack:F10-11:+y
solid rack:F10-12:+y
  facet normal -1 0 0
    outer loop
      vertex 35.800 17.000 0.000
      vertex 35.800 17.000 2.200
      vertex 35.800 18.200 2.200
    endloop
  endfacet
  facet normal -1 0 0
    outer loop
      vertex 35.800 17.000 0.000
      vertex 35.800 18.200 2.200
      vertex 35.800 18.200 0.000
    endloop
  endfacet
  facet normal 1 0 0
    outer loop
      vertex 36.400 17.000 0.000
      vertex 36.400 18.200 0.000
      vertex 36.400 18.200 2.200
    endloop
  endfacet
  facet normal 1 0 0
    outer loop
      vertex 36.400 17.000 0.000
      vertex 36.400 18.200 2.200
      vertex 36.400 17.000 2.200
    endloop
  endfacet
  facet normal 0 -1 0
    outer loop
      vertex 35.800 17.000 0.000
      vertex 36.400 17.000 0.000
      vertex 36.400 17.000 2.200
    endloop
  endfacet
  facet normal 0 -1 0
    outer loop
      vertex 35.800 17.000 0.000
      vertex 36.400 17.000 2.200
      vertex 35.800 17.000 2.200
    endloop
  endfacet
  facet normal 0 1 0
    outer loop
      vertex 35.800 18.200 0.000
      vertex 35.800 18.200 2.200
      vertex 36.400 18.200 2.200
    endloop
  endfacet
  facet normal 0 1 0
    outer loop
      vertex 35.800 18.200 0.000
      vertex 36.400 18.200 2.200
      vertex 36.400 18.200 0.000
    endloop
  endfacet
  facet normal 0 0 -1
    outer loop
      vertex 35.800 17.000 0.000
      vertex 35.800 18.200 0.000
      vertex 36.400 18.200 0.000
    endloop
  endfacet
  facet normal 0 0 -1
    outer loop
      vertex 35.800 17.000 0.000
      vertex 36.400 18.200 0.000
      vertex 36.400 17.000 0.000
    endloop
  endfacet
  facet normal 0 0 1
    outer loop
      vertex 35.800 17.000 2.200
      vertex 36.400 17.000 2.200
      vertex 36.400 18.200 2.200
    endloop
  endfacet
  facet normal 0 0 1
    outer loop
      vertex 35.800 17.000 2.200
      vertex 36.400 18.200 2.200
      vertex 35.800 18.200 2.200
    endloop
  endfacet
endsolid rack:F10-12:+y
solid rack:F10-13:+y
  facet normal -1 0 0
    outer loop
      vertex 36.400 17.000 0.000
      vertex 36.400 17.000 2.200
      vertex 36.400 18.200 2.200
    endloop
  endfacet
  facet normal -1 0 0
    outer loop
      vertex 36.400 17.000 0.000
      vertex 36.400 18.200 2.200
      vertex 36.400 18.200 0.000
    endloop
  endfacet
  facet normal 1 0 0
    outer loop
      vertex 37.000 17.000 0.000
      vertex 37.000 18.200 0.000
      vertex 37.000 18.200 2.200
    endloop
  endfacet
  facet normal 1 0 0
    outer loop
      vertex 37.000 17.000 0.000
      vertex 37.000 18.200 2.200
      vertex 37.000 17.000 2.200
    endloop
  endfacet
  facet normal 0 -1 0
    outer loop
      vertex 36.400 17.000 0.000
      vertex 37.000 17.000 0.000
      vertex 37.000 17.000 2.200
    endloop
  endfacet
  facet normal 0 -1 0
    outer loop
      vertex 36.400 17.000 0.000
      vertex 37.000 17.000 2.200
      vertex 36.400 17.000 2.200
    endloop
  endfacet
  facet normal 0 1 0
    outer loop
      vertex 36.400 18.200 0.000
      vertex 36.400 18.200 2.200
      vertex 37.000 18.200 2.200
    endloop
  endfacet
  facet normal 0 1 0
    outer loop
      vertex 36.400 18.200 0.000
      vertex 37.000 18.200 2.200
      vertex 37.000 18.200 0.000
    endloop
  endfacet
  facet normal 0 0 -1
    outer loop
      vertex 36.400 17.000 0.000
      vertex 36.400 18.200 0.000
      vertex 37.000 18.200 0.000
    endloop
  endfacet
  facet normal 0 0 -1
    outer loop
      vertex 36.400 17.000 0.000
      vertex 37.000 18.200 0.000
      vertex 37.000 17.000 0.000
    endloop
  endfacet
  facet normal 0 0 1
    outer loop
      vertex 36.400 17.000 2.200
      vertex 37.000 17.000 2.200
      vertex 37.000 18.200 2.200
    endloop
  endfacet
  facet normal 0 0 1
    outer loop
      vertex 36.400 17.000 2.200
      vertex 37.000 18.200 2.200
      vertex 36.400 18.200 2.200
    endloop
  endfacet
endsolid rack:F10-13:+y
solid rack:F10-14:+y
  facet normal -1 0 0
    outer loop
      vertex 37.000 17.000 0.000
      vertex 37.000 17.000 2.200
      vertex 37.000 18.200 2.200
    endloop
  endfacet
  facet normal -1 0 0
    outer loop
      vertex 37.000 17.000 0.000
      vertex 37.000 18.200 2.200
      vertex 37.000 18.200 0.000
    endloop
  endfacet
  facet normal 1 0 0
    outer loop
      vertex 37.600 17.000 0.000
      vertex 37.600 18.200 0.000
      vertex 37.600 18.200 2.200
    endloop
  endfacet
  facet normal 1 0 0
    outer loop
      vertex 37.600 17.000 0.000
      vertex 37.600 18.200 2.200
      vertex 37.600 17.000 2.200
    endloop
  endfacet
  facet normal 0 -1 0
    outer loop
      vertex 37.000 17.000 0.000
      vertex 37.600 17.000 0.000
      vertex 37.600 17.000 2.200
    endloop
  endfacet
  facet normal 0 -1 0
    outer loop
      vertex 37.000 17.000 0.000
      vertex 37.600 17.000 2.200
      vertex 37.000 17.000 2.200
    endloop
  endfacet
  facet normal 0 1 0
    outer loop
      vertex 37.000 18.200 0.000
      vertex 37.000 18.200 2.200
      vertex 37.600 18.200 2.200
    endloop
  endfacet
  facet normal 0 1 0
    outer loop
      vertex 37.000 18.200 0.000
      vertex 37.600 18.200 2.200
      vertex 37.600 18.200 0.000
    endloop
  endfacet
  facet normal 0 0 -1
    outer loop
      vertex 37.000 17.000 0.000
      vertex 37.000 18.200 0.000
      vertex 37.600 18.200 0.000
    endloop
  endfacet
  facet normal 0 0 -1
    outer loop
      vertex 37.000 17.000 0.000
      vertex 37.600 18.200 0.000
      vertex 37.600 17.000 0.000
    endloop
  endfacet
  facet normal 0 0 1
    outer loop
      vertex 37.000 17.000 2.200
      vertex 37.600 17.000 2.200
      vertex 37.600 18.200 2.200
    endloop
  endfacet
  facet normal 0 0 1
    outer loop
      vertex 37.000 17.000 2.200
      vertex 37.600 18.200 2.200
      vertex 37.000 18.200 2.200
    endloop
  endfacet
endsolid rack:F10-14:+y
solid rack:F11-01:-y
  facet normal -1 0 0
    outer loop
      vertex 11.400 13.400 0.000
      vertex 11.400 13.400 2.200
      vertex 11.400 14.600 2.200
    endloop
  endfacet
  facet normal -1 0 0
    outer loop
      vertex 11.400 13.400 0.000
      vertex 11.400 14.600 2.200
      vertex 11.400 14.600 0.000
    endloop
  endfacet
  facet normal 1 0 0
    outer loop
      vertex 12.000 13.400 0.000
      vertex 12.000 14.600 0.000
      vertex 12.000 14.600 2.200
    endloop
  endfacet
  facet normal 1 0 0
    outer loop
      vertex 12.000 13.400 0.000
      vertex 12.000 14.600 2.200
      vertex 12.000 13.400 2.200
    endloop
  endfacet
  facet normal 0 -1 0
    outer loop
      vertex 11.400 13.400 0.000
      vertex 12.000 13.400 0.000
      vertex 12.000 13.400 2.200
    endloop
  endfacet
  facet normal 0 -1 0
    outer loop
      vertex 11.400 13.400 0.000
      vertex 12.000 13.400 2.200
      vertex 11.400 13.400 2.200
    endloop
  endfacet
  facet normal 0 1 0
    outer loop
      vertex 11.400 14.600 0.000
      vertex 11.400 14.600 2.200
      vertex 12.000 14.600 2.200
    endloop
  endfacet
  facet normal 0 1 0
    outer loop
      vertex 11.400 14.600 0.000
      vertex 12.000 14.600 2.200
      vertex 12.000 14.600 0.000
    endloop
  endfacet
  facet normal 0 0 -1
    outer loop
      vertex 11.400 13.400 0.000
      vertex 11.400 14.600 0.000
      vertex 12.000 14.600 0.000
    endloop
  endfacet
  facet normal 0 0 -1
    outer loop
      vertex 11.400 13.400 0.000
      vertex 12.000 14.600 0.000
      vertex 12.000 13.400 0.000
    endloop
  endfacet
  facet normal 0 0 1
    outer loop
      vertex 11.400 13.400 2.200
      vertex 12.000 13.400 2.200
      vertex 12.000 14.600 2.200
    endloop
  endfacet
  facet normal 0 0 1
    outer loop
      vertex 11.400 13.400 2.200
      vertex 12.000 14.600 2.200
      vertex 11.400 14.600 2.200
    endloop
  endfacet
endsolid rack:F11-01:-y
solid rack:F11-02:-y
  facet normal -1 0 0
    outer loop
      vertex 12.000 13.400 0.000
      vertex 12.000 13.400 2.200
      vertex 12.000 14.600 2.200
    endloop
  endfacet
  facet normal -1 0 0
    outer loop
      vertex 12.000 13.400 0.000
      vertex 12.000 14.600 2.200
      vertex 12.000 14.600 0.000
    endloop
  endfacet
  facet normal 1 0 0
    outer loop
      vertex 12.600 13.400 0.000
      vertex 12.600 14.600 0.000
      vertex 12.600 14.600 2.200
    endloop
  endfacet
  facet normal 1 0 0
    outer loop
      vertex 12.600 13.400 0.000
      vertex 12.600 14.600 2.200
      vertex 12.600 13.400 2.200
    endloop
  endfacet
  facet normal 0 -1 0
    outer loop
      vertex 12.000 13.400 0.000
      vertex 12.600 13.400 0.000
      vertex 12.600 13.400 2.200
    endloop
  endfacet
  facet normal 0 -1 0
    outer loop
      vertex 12.000 13.400 0.000
      vertex 12.600 13.400 2.200
      vertex 12.000 13.400 2.200
    endloop
  endfacet
  facet normal 0 1 0
    outer loop
      vertex 12.000 14.600 0.000
      vertex 12.000 14.600 2.200
      vertex 12.600 14.600 2.200
    endloop
  endfacet
  facet normal 0 1 0
    outer loop
      vertex 12.000 14.600 0.000
      vertex 12.600 14.600 2.200
      vertex 12.600 14.600 0.000
    endloop
  endfacet
  facet normal 0 0 -1
    outer loop
      vertex 12.000 13.400 0.000
      vertex 12.000 14.600 0.000
      vertex 12.600 14.600 0.000
    endloop
  endfacet
  facet normal 0 0 -1
    outer loop
      vertex 12.000 13.400 0.000
      vertex 12.600 14.600 0.000
      vertex 12.600 13.400 0.000
    endloop
  endfacet
  facet normal 0 0 1
    outer loop
      vertex 12.000 13.400 2.200
      vertex 12.600 13.400 2.200
      vertex 12.600 14.600 2.200
    endloop
  endfacet
  facet normal 0 0 1
    outer loop
      vertex 12.000 13.400 2.200
      vertex 12.600 14.600 2.200
      vertex 12.000 14.600 2.200
    endloop
  endfacet
endsolid rack:F11-02:-y
solid rack:F11-03:-y
  facet normal -1 0 0
    outer loop
      vertex 12.600 13.400 0.000
      vertex 12.600 13.400 2.200
      vertex 12.600 14.600 2.200
    endloop
  endfacet
  facet normal -1 0 0
    outer loop
      vertex 12.600 13.400 0.000
      vertex 12.600 14.600 2.200
      vertex 12.600 14.600 0.000
    endloop
  endfacet
  facet normal 1 0 0
    outer loop
      vertex 13.200 13.400 0.000
      vertex 13.200 14.600 0.000
      vertex 13.200 14.600 2.200
    endloop
  endfacet
  facet normal 1 0 0
    outer loop
      vertex 13.200 13.400 0.000
      vertex 13.200 14.600 2.200
      vertex 13.200 13.400 2.200
    endloop
  endfacet
  facet normal 0 -1 0
    outer loop
      vertex 12.600 13.400 0.000
      vertex 13.200 13.400 0.000
      vertex 13.200 13.400 2.200
    endloop
  endfacet
  facet normal 0 -1 0
    outer loop
      vertex 12.600 13.400 0.000
      vertex 13.200 13.400 2.200
      vertex 12.600 13.400 2.200
    endloop
  endfacet
  facet normal 0 1 0
    outer loop
      vertex 12.600 14.600 0.000
      vertex 12.600 14.600 2.200
      vertex 13.200 14.600 2.200
    endloop
  endfacet
  facet normal 0 1 0
    outer loop
      vertex 12.600 14.600 0.000
      vertex 13.200 14.600 2.200
      vertex 13.200 14.600 0.000
    endloop
  endfacet
  facet normal 0 0 -1
    outer loop
      vertex 12.600 13.400 0.000
      vertex 12.600 14.600 0.000
      vertex 13.200 14.600 0.000
    endloop
  endfacet
  facet normal 0 0 -1
    outer loop
      vertex 12.600 13.400 0.000
      vertex 13.200 14.600 0.000
      vertex 13.200 13.400 0.000
    endloop
  endfacet
  facet normal 0 0 1
    outer loop
      vertex 12.600 13.400 2.200
      vertex 13.200 13.400 2.200
      vertex 13.200 14.600 2.200
    endloop
  endfacet
  facet normal 0 0 1
    outer loop
      vertex 12.600 13.400 2.200
      vertex 13.200 14.600 2.200
      vertex 12.600 14.600 2.200
    endloop
  endfacet
endsolid rack:F11-03:-y
solid rack:F11-04:-y
  facet normal -1 0 0
    outer loop
      vertex 13.200 13.400 0.000
      vertex 13.200 13.400 2.200
      vertex 13.200 14.600 2.200
    endloop
  endfacet
  facet normal -1 0 0
    outer loop
      vertex 13.200 13.400 0.000
      vertex 13.200 14.600 2.200
      vertex 13.200 14.600 0.000
    endloop
  endfacet
  facet normal 1 0 0
    outer loop
      vertex 13.800 13.400 0.000
      vertex 13.800 14.600 0.000
      vertex 13.800 14.600 2.200
    endloop
  endfacet
  facet normal 1 0 0
    outer loop
      vertex 13.800 13.400 0.000
      vertex 13.800 14.600 2.200
      vertex 13.800 13.400 2.200
    endloop
  endfacet
  facet normal 0 -1 0
    outer loop
      vertex 13.200 13.400 0.000
      vertex 13.800 13.400 0.000
      vertex 13.800 13.400 2.200
    endloop
  endfacet
  facet normal 0 -1 0
    outer loop
      vertex 13.200 13.400 0.000
      vertex 13.800 13.400 2.200
      vertex 13.200 13.400 2.200
    endloop
  endfacet
  facet normal 0 1 0
    outer loop
      vertex 13.200 14.600 0.000
      vertex 13.200 14.600 2.200
      vertex 13.800 14.600 2.200
    endloop
  endfacet
  facet normal 0 1 0
    outer loop
      vertex 13.200 14.600 0.000
      vertex 13.800 14.600 2.200
      vertex 13.800 14.600 0.000
    endloop
  endfacet
  facet normal 0 0 -1
    outer loop
      vertex 13.200 13.400 0.000
      vertex 13.200 14.600 0.000
      vertex 13.800 14.600 0.000
    endloop
  endfacet
  facet normal 0 0 -1
    outer loop
      vertex 13.200 13.400 0.000
      vertex 13.800 14.600 0.000
      vertex 13.800 13.400 0.000
    endloop
  endfacet
  facet normal 0 0 1
    outer loop
      vertex 13.200 13.400 2.200
      vertex 13.800 13.400 2.200
      vertex 13.800 14.600 2.200
    endloop
  endfacet
  facet normal 0 0 1
    outer loop
      vertex 13.200 13.400 2.200
      vertex 13.800 14.600 2.200
      vertex 13.200 14.600 2.200
    endloop
  endfacet
endsolid rack:F11-04:-y
solid rack:F11-05:-y
  facet normal -1 0 0
    outer loop
      vertex 14.000 13.400 0.000
      vertex 14.000 13.400 2.200
      vertex 14.000 14.600 2.200
    endloop
  endfacet
  facet normal -1 0 0
    outer loop
      vertex 14.000 13.400 0.000
      vertex 14.000 14.600 2.200
      vertex 14.000 14.600 0.000
    endloop
  endfacet
  facet normal 1 0 0
    outer loop
      vertex 14.600 13.400 0.000
      vertex 14.600 14.600 0.000
      vertex 14.600 14.600 2.200
    endloop
  endfacet
  facet normal 1 0 0
    outer loop
      vertex 14.600 13.400 0.000
      vertex 14.600 14.600 2.200
      vertex 14.600 13.400 2.200
    endloop
  endfacet
  facet normal 0 -1 0
    outer loop
      vertex 14.000 13.400 0.000
      vertex 14.600 13.400 0.000
      vertex 14.600 13.400 2.200
    endloop
  endfacet
  facet normal 0 -1 0
    outer loop
      vertex 14.000 13.400 0.000
      vertex 14.600 13.400 2.200
      vertex 14.000 13.400 2.200
    endloop
  endfacet
  facet normal 0 1 0
    outer loop
      vertex 14.000 14.600 0.000
      vertex 14.000 14.600 2.200
      vertex 14.600 14.600 2.200
    endloop
  endfacet
  facet normal 0 1 0
    outer loop
      vertex 14.000 14.600 0.000
      vertex 14.600 14.600 2.200
      vertex 14.600 14.600 0.000
    endloop
  endfacet
  facet normal 0 0 -1
    outer loop
      vertex 14.000 13.400 0.000
      vertex 14.000 14.600 0.000
      vertex 14.600 14.600 0.000
    endloop
  endfacet
  facet normal 0 0 -1
    outer loop
      vertex 14.000 13.400 0.000
      vertex 14.600 14.600 0.000
      vertex 14.600 13.400 0.000
    endloop
  endfacet
  facet normal 0 0 1
    outer loop
      vertex 14.000 13.400 2.200
      vertex 14.600 13.400 2.200
      vertex 14.600 14.600 2.200
    endloop
  endfacet
  facet normal 0 0 1
    outer loop
      vertex 14.000 13.400 2.200
      vertex 14.600 14.600 2.200
      vertex 14.000 14.600 2.200
    endloop
  endfacet
endsolid rack:F11-05:-y
solid rack:F11-06:-y
  facet normal -1 0 0
    outer loop
      vertex 14.600 13.400 0.000
      vertex 14.600 13.400 2.200
      vertex 14.600 14.600 2.200
    endloop
  endfacet
  facet normal -1 0 0
    outer loop
      vertex 14.600 13.400 0.000
      vertex 14.600 14.600 2.200
      vertex 14.600 14.600 0.000
    endloop
  endfacet
  facet normal 1 0 0
    outer loop
      vertex 15.200 13.400 0.000
      vertex 15.200 14.600 0.000
      vertex 15.200 14.600 2.200
    endloop
  endfacet
  facet normal 1 0 0
    outer loop
      vertex 15.200 13.400 0.000
      vertex 15.200 14.600 2.200
      vertex 15.200 13.400 2.200
    endloop
  endfacet
  facet normal 0 -1 0
    outer loop
      vertex 14.600 13.400 0.000
      vertex 15.200 13.400 0.000
      vertex 15.200 13.400 2.200
    endloop
  endfacet
  facet normal 0 -1 0
    outer loop
      vertex 14.600 13.400 0.000
      vertex 15.200 13.400 2.200
      vertex 14.600 13.400 2.200
    endloop
  endfacet
  facet normal 0 1 0
    outer loop
      vertex 14.600 14.600 0.000
      vertex 14.600 14.600 2.200
      vertex 15.200 14.600 2.200
    endloop
  endfacet
  facet normal 0 1 0
    outer loop
      vertex 14.600 14.600 0.000
      vertex 15.200 14.600 2.200
      vertex 15.200 14.600 0.000
    endloop
  endfacet
  facet normal 0 0 -1
    outer loop
      vertex 14.600 13.400 0.000
      vertex 14.600 14.600 0.000
      vertex 15.200 14.600 0.000
    endloop
  endfacet
  facet normal 0 0 -1
    outer loop
      vertex 14.600 13.400 0.000
      vertex 15.200 14.600 0.000
      vertex 15.200 13.400 0.000
    endloop
  endfacet
  facet normal 0 0 1
    outer loop
      vertex 14.600 13.400 2.200
      vertex 15.200 13.400 2.200
      vertex 15.200 14.600 2.200
    endloop
  endfacet
  facet normal 0 0 1
    outer loop
      vertex 14.600 13.400 2.200
      vertex 15.200 14.600 2.200
      vertex 14.600 14.600 2.200
    endloop
  endfacet
endsolid rack:F11-06:-y
solid rack:F11-07:-y
  facet normal -1 0 0
    outer loop
      vertex 15.200 13.400 0.000
      vertex 15.200 13.400 2.200
      vertex 15.200 14.600 2.200
    endloop
  endfacet
  facet normal -1 0 0
    outer loop
      vertex 15.200 13.400 0.000
      vertex 15.200 14.600 2.200
      vertex 15.200 14.600 0.000
    endloop
  endfacet
  facet normal 1 0 0
    outer loop
      vertex 15.800 13.400 0.000
      vertex 15.800 14.600 0.000
      vertex 15.800 14.600 2.200
    endloop
  endfacet
  facet normal 1 0 0
    outer loop
      vertex 15.800 13.400 0.000
      vertex 15.800 14.600 2.200
      vertex 15.800 13.400 2.200
    endloop
  endfacet
  facet normal 0 -1 0
    outer loop
      vertex 15.200 13.400 0.000
      vertex 15.800 13.400 0.000
      vertex 15.800 13.400 2.200
    endloop
  endfacet
  facet normal 0 -1 0
    outer loop
      vertex 15.200 13.400 0.000
      vertex 15.800 13.400 2.200
      vertex 15.200 13.400 2.200
    endloop
  endfacet
  facet normal 0 1 0
    outer loop
      vertex 15.200 14.600 0.000
      vertex 15.200 14.600 2.200
      vertex 15.800 14.600 2.200
    endloop
  endfacet
  facet normal 0 1 0
    outer loop
      vertex 15.200 14.600 0.000
      vertex 15.800 14.600 2.200
      vertex 15.800 14.600 0.000
    endloop
  endfacet
  facet normal 0 0 -1
    outer loop
      vertex 15.200 13.400 0.000
      vertex 15.200 14.600 0.000
      vertex 15.800 14.600 0.000
    endloop
  endfacet
  facet normal 0 0 -1
    outer loop
      vertex 15.200 13.400 0.000
      vertex 15.800 14.600 0.000
      vertex 15.800 13.400 0.000
    endloop
  endfacet
  facet normal 0 0 1
    outer loop
      vertex 15.200 13.400 2.200
      vertex 15.800 13.400 2.200
      vertex 15.800 14.600 2.200
    endloop
  endfacet
  facet normal 0 0 1
    outer loop
      vertex 15.200 13.400 2.200
      vertex 15.800 14.600 2.200
      vertex 15.200 14.600 2.200
    endloop
  endfacet
endsolid rack:F11-07:-y
solid rack:F11-08:-y
  facet normal -1 0 0
    outer loop
      vertex 15.800 13.400 0.000
      vertex 15.800 13.400 2.200
      vertex 15.800 14.600 2.200
    endloop
  endfacet
  facet normal -1 0 0
    outer loop
      vertex 15.800 13.400 0.000
      vertex 15.800 14.600 2.200
      vertex 15.800 14.600 0.000
    endloop
  endfacet
  facet normal 1 0 0
    outer loop
      vertex 16.400 13.400 0.000
      vertex 16.400 14.600 0.000
      vertex 16.400 14.600 2.200
    endloop
  endfacet
  facet normal 1 0 0
    outer loop
      vertex 16.400 13.400 0.000
      vertex 16.400 14.600 2.200
      vertex 16.400 13.400 2.200
    endloop
  endfacet
  facet normal 0 -1 0
    outer loop
      vertex 15.800 13.400 0.000
      vertex 16.400 13.400 0.000
      vertex 16.400 13.400 2.200
    endloop
  endfacet
  facet normal 0 -1 0
    outer loop
      vertex 15.800 13.400 0.000
      vertex 16.400 13.400 2.200
      vertex 15.800 13.400 2.200
    endloop
  endfacet
  facet normal 0 1 0
    outer loop
      vertex 15.800 14.600 0.000
      vertex 15.800 14.600 2.200
      vertex 16.400 14.600 2.200
    endloop
  endfacet
  facet normal 0 1 0
    outer loop
      vertex 15.800 14.600 0.000
      vertex 16.400 14.600 2.200
      vertex 16.400 14.600 0.000
    endloop
  endfacet
  facet normal 0 0 -1
    outer loop
      vertex 15.800 13.400 0.000
      vertex 15.800 14.600 0.000
      vertex 16.400 14.600 0.000
    endloop
  endfacet
  facet normal 0 0 -1
    outer loop
      vertex 15.800 13.400 0.000
      vertex 16.400 14.600 0.000
      vertex 16.400 13.400 0.000
    endloop
  endfacet
  facet normal 0 0 1
    outer loop
      vertex 15.800 13.400 2.200
      vertex 16.400 13.400 2.200
      vertex 16.400 14.600 2.200
    endloop
  endfacet
  facet normal 0 0 1
    outer loop
      vertex 15.800 13.400 2.200
      vertex 16.400 14.600 2.200
      vertex 15.800 14.600 2.200
    endloop
  endfacet
endsolid rack:F11-08:-y
solid rack:F11-09:-y
  facet normal -1 0 0
    outer loop
      vertex 16.600 13.400 0.000
      vertex 16.600 13.400 2.200
      vertex 16.600 14.600 2.200
    endloop
  endfacet
  facet normal -1 0 0
    outer loop
      vertex 16.600 13.400 0.000
      vertex 16.600 14.600 2.200
      vertex 16.600 14.600 0.000
    endloop
  endfacet
  facet normal 1 0 0
    outer loop
      vertex 17.400 13.400 0.000
      vertex 17.400 14.600 0.000
      vertex 17.400 14.600 2.200
    endloop
  endfacet
  facet normal 1 0 0
    outer loop
      vertex 17.400 13.400 0.000
      vertex 17.400 14.600 2.200
      vertex 17.400 13.400 2.200
    endloop
  endfacet
  facet normal 0 -1 0
    outer loop
      vertex 16.600 13.400 0.000
      vertex 17.400 13.400 0.000
      vertex 17.400 13.400 2.200
    endloop
  endfacet
  facet normal 0 -1 0
    outer loop
      vertex 16.600 13.400 0.000
      vertex 17.400 13.400 2.200
      vertex 16.600 13.400 2.200
    endloop
  endfacet
  facet normal 0 1 0
    outer loop
      vertex 16.600 14.600 0.000
      vertex 16.600 14.600 2.200
      vertex 17.400 14.600 2.200
    endloop
  endfacet
  facet normal 0 1 0
    outer loop
      vertex 16.600 14.600 0.000
      vertex 17.400 14.600 2.200
      vertex 17.400 14.600 0.000
    endloop
  endfacet
  facet normal 0 0 -1
    outer loop
      vertex 16.600 13.400 0.000
      vertex 16.600 14.600 0.000
      vertex 17.400 14.600 0.000
    endloop
  endfacet
  facet normal 0 0 -1
    outer loop
      vertex 16.600 13.400 0.000
      vertex 17.400 14.600 0.000
      vertex 17.400 13.400 0.000
    endloop
  endfacet
  facet normal 0 0 1
    outer loop
      vertex 16.600 13.400 2.200
      vertex 17.400 13.400 2.200
      vertex 17.400 14.600 2.200
    endloop
  endfacet
  facet normal 0 0 1
    outer loop
      vertex 16.600 13.400 2.200
      vertex 17.400 14.600 2.200
      vertex 16.600 14.600 2.200
    endloop
  endfacet
endsolid rack:F11-09:-y
solid rack:F11-10:-y
  facet normal -1 0 0
    outer loop
      vertex 17.400 13.400 0.000
      vertex 17.400 13.400 2.200
      vertex 17.400 14.600 2.200
    endloop
  endfacet
  facet normal -1 0 0
    outer loop
      vertex 17.400 13.400 0.000
      vertex 17.400 14.600 2.200
      vertex 17.400 14.600 0.000
    endloop
  endfacet
  facet normal 1 0 0
    outer loop
      vertex 18.200 13.400 0.000
      vertex 18.200 14.600 0.000
      vertex 18.200 14.600 2.200
    endloop
  endfacet
  facet normal 1 0 0
    outer loop
      vertex 18.200 13.400 0.000
      vertex 18.200 14.600 2.200
      vertex 18.200 13.400 2.200
    endloop
  endfacet
  facet normal 0 -1 0
    outer loop
      vertex 17.400 13.400 0.000
      vertex 18.200 13.400 0.000
      vertex 18.200 13.400 2.200
    endloop
  endfacet
  facet normal 0 -1 0
    outer loop
      vertex 17.400 13.400 0.000
      vertex 18.200 13.400 2.200
      vertex 17.400 13.400 2.200
    endloop
  endfacet
  facet normal 0 1 0
    outer loop
      vertex 17.400 14.600 0.000
      vertex 17.400 14.600 2.200
      vertex 18.200 14.600 2.200
    endloop
  endfacet
  facet normal 0 1 0
    outer loop
      vertex 17.400 14.600 0.000
      vertex 18.200 14.600 2.200
      vertex 18.200 14.600 0.000
    endloop
  endfacet
  facet normal 0 0 -1
    outer loop
      vertex 17.400 13.400 0.000
      vertex 17.400 14.600 0.000
      vertex 18.200 14.600 0.000
    endloop
  endfacet
  facet normal 0 0 -1
    outer loop
      vertex 17.400 13.400 0.000
      vertex 18.200 14.600 0.000
      vertex 18.200 13.400 0.000
    endloop
  endfacet
  facet normal 0 0 1
    outer loop
      vertex 17.400 13.400 2.200
      vertex 18.200 13.400 2.200
      vertex 18.200 14.600 2.200
    endloop
  endfacet
  facet normal 0 0 1
    outer loop
      vertex 17.400 13.400 2.200
      vertex 18.200 14.600 2.200
      vertex 17.400 14.600 2.200
    endloop
  endfacet
endsolid rack:F11-10:-y
solid rack:F11-11:-y
  facet normal -1 0 0
    outer loop
      vertex 18.200 13.400 0.000
      vertex 18.200 13.400 2.200
      vertex 18.200 14.600 2.200
    endloop
  endfacet
  facet normal -1 0 0
    outer loop
      vertex 18.200 13.400 0.000
      vertex 18.200 14.600 2.200
      vertex 18.200 14.600 0.000
    endloop
  endfacet
  facet normal 1 0 0
    outer loop
      vertex 18.800 13.400 0.000
      vertex 18.800 14.600 0.000
      vertex 18.800 14.600 2.200
    endloop
  endfacet
  facet normal 1 0 0
    outer loop
      vertex 18.800 13.400 0.000
      vertex 18.800 14.600 2.200
      vertex 18.800 13.400 2.200
    endloop
  endfacet
  facet normal 0 -1 0
    outer loop
      vertex 18.200 13.400 0.000
      vertex 18.800 13.400 0.000
      vertex 18.800 13.400 2.200
    endloop
  endfacet
  facet normal 0 -1 0
    outer loop
      vertex 18.200 13.400 0.000
      vertex 18.800 13.400 2.200
      vertex 18.200 13.400 2.200
    endloop
  endfacet
  facet normal 0 1 0
    outer loop
      vertex 18.200 14.600 0.000
      vertex 18.200 14.600 2.200
      vertex 18.800 14.600 2.200
    endloop
  endfacet
  facet normal 0 1 0
    outer loop
      vertex 18.200 14.600 0.000
      vertex 18.800 14.600 2.200
      vertex 18.800 14.600 0.000
    endloop
  endfacet
  facet normal 0 0 -1
    outer loop
      vertex 18.200 13.400 0.000
      vertex 18.200 14.600 0.000
      vertex 18.800 14.600 0.000
    endloop
  endfacet
  facet normal 0 0 -1
    outer loop
      vertex 18.200 13.400 0.000
      vertex 18.800 14.600 0.000
      vertex 18.800 13.400 0.000
    endloop
  endfacet
  facet normal 0 0 1
    outer loop
      vertex 18.200 13.400 2.200
      vertex 18.800 13.400 2.200
      vertex 18.800 14.600 2.200
    endloop
  endfacet
  facet normal 0 0 1
    outer loop
      vertex 18.200 13.400 2.200
      vertex 18.800 14.600 2.200
      vertex 18.200 14.600 2.200
    endloop
  endfacet
endsolid rack:F11-11:-y
solid rack:F11-12:-y
  facet normal -1 0 0
    outer loop
      vertex 19.000 13.400 0.000
      vertex 19.000 13.400 2.200
      vertex 19.000 14.600 2.200
    endloop
  endfacet
  facet normal -1 0 0
    outer loop
      vertex 19.000 13.400 0.000
      vertex 19.000 14.600 2.200
      vertex 19.000 14.600 0.000
    endloop
  endfacet
  facet normal 1 0 0
    outer loop
      vertex 19.800 13.400 0.000
      vertex 19.800 14.600 0.000
      vertex 19.800 14.600 2.200
    endloop
  endfacet
  facet normal 1 0 0
    outer loop
      vertex 19.800 13.400 0.000
      vertex 19.800 14.600 2.200
      vertex 19.800 13.400 2.200
    endloop
  endfacet
  facet normal 0 -1 0
    outer loop
      vertex 19.000 13.400 0.000
      vertex 19.800 13.400 0.000
      vertex 19.800 13.400 2.200
    endloop
  endfacet
  facet normal 0 -1 0
    outer loop
      vertex 19.000 13.400 0.000
      vertex 19.800 13.400 2.200
      vertex 19.000 13.400 2.200
    endloop
  endfacet
  facet normal 0 1 0
    outer loop
      vertex 19.000 14.600 0.000
      vertex 19.000 14.600 2.200
      vertex 19.800 14.600 2.200
    endloop
  endfacet
  facet normal 0 1 0
    outer loop
      vertex 19.000 14.600 0.000
      vertex 19.800 14.600 2.200
      vertex 19.800 14.600 0.000
    endloop
  endfacet
  facet normal 0 0 -1
    outer loop
      vertex 19.000 13.400 0.000
      vertex 19.000 14.600 0.000
      vertex 19.800 14.600 0.000
    endloop
  endfacet
  facet normal 0 0 -1
    outer loop
      vertex 19.000 13.400 0.000
      vertex 19.800 14.600 0.000
      vertex 19.800 13.400 0.000
    endloop
  endfacet
  facet normal 0 0 1
    outer loop
      vertex 19.000 13.400 2.200
      vertex 19.800 13.400 2.200
      vertex 19.800 14.600 2.200
    endloop
  endfacet
  facet normal 0 0 1
    outer loop
      vertex 19.000 13.400 2.200
      vertex 19.800 14.600 2.200
      vertex 19.000 14.600 2.200
    endloop
  endfacet
endsolid rack:F11-12:-y
solid rack:F11-13:-y
  facet normal -1 0 0
    outer loop
      vertex 19.800 13.400 0.000
      vertex 19.800 13.400 2.200
      vertex 19.800 14.600 2.200
    endloop
  endfacet
  facet normal -1 0 0
    outer loop
      vertex 19.800 13.400 0.000
      vertex 19.800 14.600 2.200
      vertex 19.800 14.600 0.000
    endloop
  endfacet
  facet normal 1 0 0
    outer loop
      vertex 20.600 13.400 0.000
      vertex 20.600 14.600 0.000
      vertex 20.600 14.600 2.200
    endloop
  endfacet
  facet normal 1 0 0
    outer loop
      vertex 20.600 13.400 0.000
      vertex 20.600 14.600 2.200
      vertex 20.600 13.400 2.200
    endloop
  endfacet
  facet normal 0 -1 0
    outer loop
      vertex 19.800 13.400 0.000
      vertex 20.600 13.400 0.000
      vertex 20.600 13.400 2.200
    endloop
  endfacet
  facet normal 0 -1 0
    outer loop
      vertex 19.800 13.400 0.000
      vertex 20.600 13.400 2.200
      vertex 19.800 13.400 2.200
    endloop
  endfacet
  facet normal 0 1 0
    outer loop
      vertex 19.800 14.600 0.000
      vertex 19.800 14.600 2.200
      vertex 20.600 14.600 2.200
    endloop
  endfacet
  facet normal 0 1 0
    outer loop
      vertex 19.800 14.600 0.000
      vertex 20.600 14.600 2.200
      vertex 20.600 14.600 0.000
    endloop
  endfacet
  facet normal 0 0 -1
    outer loop
      vertex 19.800 13.400 0.000
      vertex 19.800 14.600 0.000
      vertex 20.600 14.600 0.000
    endloop
  endfacet
  facet normal 0 0 -1
    outer loop
      vertex 19.800 13.400 0.000
      vertex 20.600 14.600 0.000
      vertex 20.600 13.400 0.000
    endloop
  endfacet
  facet normal 0 0 1
    outer loop
      vertex 19.800 13.400 2.200
      vertex 20.600 13.400 2.200
      vertex 20.600 14.600 2.200
    endloop
  endfacet
  facet normal 0 0 1
    outer loop
      vertex 19.800 13.400 2.200
      vertex 20.600 14.600 2.200
      vertex 19.800 14.600 2.200
    endloop
  endfacet
endsolid rack:F11-13:-y
solid rack:F11-14:-y
  facet normal -1 0 0
    outer loop
      vertex 20.600 13.400 0.000
      vertex 20.600 13.400 2.200
      vertex 20.600 14.600 2.200
    endloop
  endfacet
  facet normal -1 0 0
    outer loop
      vertex 20.600 13.400 0.000
      vertex 20.600 14.600 2.200
      vertex 20.600 14.600 0.000
    endloop
  endfacet
  facet normal 1 0 0
    outer loop
      vertex 21.400 13.400 0.000
      vertex 21.400 14.600 0.000
      vertex 21.400 14.600 2.200
    endloop
  endfacet
  facet normal 1 0 0
    outer loop
      vertex 21.400 13.400 0.000
      vertex 21.400 14.600 2.200
      vertex 21.400 13.400 2.200
    endloop
  endfacet
  facet normal 0 -1 0
    outer loop
      vertex 20.600 13.400 0.000
      vertex 21.400 13.400 0.000
      vertex 21.400 13.400 2.200
    endloop
  endfacet
  facet normal 0 -1 0
    outer loop
      vertex 20.600 13.400 0.000
      vertex 21.400 13.400 2.200
      vertex 20.600 13.400 2.200
    endloop
  endfacet
  facet normal 0 1 0
    outer loop
      vertex 20.600 14.600 0.000
      vertex 20.600 14.600 2.200
      vertex 21.400 14.600 2.200
    endloop
  endfacet
  facet normal 0 1 0
    outer loop
      vertex 20.600 14.600 0.000
      vertex 21.400 14.600 2.200
      vertex 21.400 14.600 0.000
    endloop
  endfacet
  facet normal 0 0 -1
    outer loop
      vertex 20.600 13.400 0.000
      vertex 20.600 14.600 0.000
      vertex 21.400 14.600 0.000
    endloop
  endfacet
  facet normal 0 0 -1
    outer loop
      vertex 20.600 13.400 0.000
      vertex 21.400 14.600 0.000
      vertex 21.400 13.400 0.000
    endloop
  endfacet
  facet normal 0 0 1
    outer loop
      vertex 20.600 13.400 2.200
      vertex 21.400 13.400 2.200
      vertex 21.400 14.600 2.200
    endloop
  endfacet
  facet normal 0 0 1
    outer loop
      vertex 20.600 13.400 2.200
      vertex 21.400 14.600 2.200
      vertex 20.600 14.600 2.200
    endloop
  endfacet
endsolid rack:F11-14:-y
solid rack:F11-15:-y
  facet normal -1 0 0
    outer loop
      vertex 21.600 13.400 0.000
      vertex 21.600 13.400 2.200
      vertex 21.600 14.600 2.200
    endloop
  endfacet
  facet normal -1 0 0
    outer loop
      vertex 21.600 13.400 0.000
      vertex 21.600 14.600 2.200
      vertex 21.600 14.600 0.000
    endloop
  endfacet
  facet normal 1 0 0
    outer loop
      vertex 22.400 13.400 0.000
      vertex 22.400 14.600 0.000
      vertex 22.400 14.600 2.200
    endloop
  endfacet
  facet normal 1 0 0
    outer loop
      vertex 22.400 13.400 0.000
      vertex 22.400 14.600 2.200
      vertex 22.400 13.400 2.200
    endloop
  endfacet
  facet normal 0 -1 0
    outer loop
      vertex 21.600 13.400 0.000
      vertex 22.400 13.400 0.000
      vertex 22.400 13.400 2.200
    endloop
  endfacet
  facet normal 0 -1 0
    outer loop
      vertex 21.600 13.400 0.000
      vertex 22.400 13.400 2.200
      vertex 21.600 13.400 2.200
    endloop
  endfacet
  facet normal 0 1 0
    outer loop
      vertex 21.600 14.600 0.000
      vertex 21.600 14.600 2.200
      vertex 22.400 14.600 2.200
    endloop
  endfacet
  facet normal 0 1 0
    outer loop
      vertex 21.600 14.600 0.000
      vertex 22.400 14.600 2.200
      vertex 22.400 14.600 0.000
    endloop
  endfacet
  facet normal 0 0 -1
    outer loop
      vertex 21.600 13.400 0.000
      vertex 21.600 14.600 0.000
      vertex 22.400 14.600 0.000
    endloop
  endfacet
  facet normal 0 0 -1
    outer loop
      vertex 21.600 13.400 0.000
      vertex 22.400 14.600 0.000
      vertex 22.400 13.400 0.000
    endloop
  endfacet
  facet normal 0 0 1
    outer loop
      vertex 21.600 13.400 2.200
      vertex 22.400 13.400 2.200
      vertex 22.400 14.600 2.200
    endloop
  endfacet
  facet normal 0 0 1
    outer loop
      vertex 21.600 13.400 2.200
      vertex 22.400 14.600 2.200
      vertex 21.600 14.600 2.200
    endloop
  endfacet
endsolid rack:F11-15:-y
solid rack:F12-01:-y
  facet normal -1 0 0
    outer loop
      vertex 26.600 13.400 0.000
      vertex 26.600 13.400 2.200
      vertex 26.600 14.600 2.200
    endloop
  endfacet
  facet normal -1 0 0
    outer loop
      vertex 26.600 13.400 0.000
      vertex 26.600 14.600 2.200
      vertex 26.600 14.600 0.000
    endloop
  endfacet
  facet normal 1 0 0
    outer loop
      vertex 27.400 13.400 0.000
      vertex 27.400 14.600 0.000
      vertex 27.400 14.600 2.200
    endloop
  endfacet
  facet normal 1 0 0
    outer loop
      vertex 27.400 13.400 0.000
      vertex 27.400 14.600 2.200
      vertex 27.400 13.400 2.200
    endloop
  endfacet
  facet normal 0 -1 0
    outer loop
      vertex 26.600 13.400 0.000
      vertex 27.400 13.400 0.000
      vertex 27.400 13.400 2.200
    endloop
  endfacet
  facet normal 0 -1 0
    outer loop
      vertex 26.600 13.400 0.000
      vertex 27.400 13.400 2.200
      vertex 26.600 13.400 2.200
    endloop
  endfacet
  facet normal 0 1 0
    outer loop
      vertex 26.600 14.600 0.000
      vertex 26.600 14.600 2.200
      vertex 27.400 14.600 2.200
    endloop
  endfacet
  facet normal 0 1 0
    outer loop
      vertex 26.600 14.600 0.000
      vertex 27.400 14.600 2.200
      vertex 27.400 14.600 0.000
    endloop
  endfacet
  facet normal 0 0 -1
    outer loop
      vertex 26.600 13.400 0.000
      vertex 26.600 14.600 0.000
      vertex 27.400 14.600 0.000
    endloop
  endfacet
  facet normal 0 0 -1
    outer loop
      vertex 26.600 13.400 0.000
      vertex 27.400 14.600 0.000
      vertex 27.400 13.400 0.000
    endloop
  endfacet
  facet normal 0 0 1
    outer loop
      vertex 26.600 13.400 2.200
      vertex 27.400 13.400 2.200
      vertex 27.400 14.600 2.200
    endloop
  endfacet
  facet normal 0 0 1
    outer loop
      vertex 26.600 13.400 2.200
      vertex 27.400 14.600 2.200
      vertex 26.600 14.600 2.200
    endloop
  endfacet
endsolid rack:F12-01:-y
solid rack:F12-02:-y
  facet normal -1 0 0
    outer loop
      vertex 27.600 13.400 0.000
      vertex 27.600 13.400 2.200
      vertex 27.600 14.600 2.200
    endloop
  endfacet
  facet normal -1 0 0
    outer loop
      vertex 27.600 13.400 0.000
      vertex 27.600 14.600 2.200
      vertex 27.600 14.600 0.000
    endloop
  endfacet
  facet normal 1 0 0
    outer loop
      vertex 28.400 13.400 0.000
      vertex 28.400 14.600 0.000
      vertex 28.400 14.600 2.200
    endloop
  endfacet
  facet normal 1 0 0
    outer loop
      vertex 28.400 13.400 0.000
      vertex 28.400 14.600 2.200
      vertex 28.400 13.400 2.200
    endloop
  endfacet
  facet normal 0 -1 0
    outer loop
      vertex 27.600 13.400 0.000
      vertex 28.400 13.400 0.000
      vertex 28.400 13.400 2.200
    endloop
  endfacet
  facet normal 0 -1 0
    outer loop
      vertex 27.600 13.400 0.000
      vertex 28.400 13.400 2.200
      vertex 27.600 13.400 2.200
    endloop
  endfacet
  facet normal 0 1 0
    outer loop
      vertex 27.600 14.600 0.000
      vertex 27.600 14.600 2.200
      vertex 28.400 14.600 2.200
    endloop
  endfacet
  facet normal 0 1 0
    outer loop
      vertex 27.600 14.600 0.000
      vertex 28.400 14.600 2.200
      vertex 28.400 14.600 0.000
    endloop
  endfacet
  facet normal 0 0 -1
    outer loop
      vertex 27.600 13.400 0.000
      vertex 27.600 14.600 0.000
      vertex 28.400 14.600 0.000
    endloop
  endfacet
  facet normal 0 0 -1
    outer loop
      vertex 27.600 13.400 0.000
      vertex 28.400 14.600 0.000
      vertex 28.400 13.400 0.000
    endloop
  endfacet
  facet normal 0 0 1
    outer loop
      vertex 27.600 13.400 2.200
      vertex 28.400 13.400 2.200
      vertex 28.400 14.600 2.200
    endloop
  endfacet
  facet normal 0 0 1
    outer loop
      vertex 27.600 13.400 2.200
      vertex 28.400 14.600 2.200
      vertex 27.600 14.600 2.200
    endloop
  endfacet
endsolid rack:F12-02:-y
solid rack:F12-03:-y
  facet normal -1 0 0
    outer loop
      vertex 28.400 13.400 0.000
      vertex 28.400 13.400 2.200
      vertex 28.400 14.600 2.200
    endloop
  endfacet
  facet normal -1 0 0
    outer loop
      vertex 28.400 13.400 0.000
      vertex 28.400 14.600 2.200
      vertex 28.400 14.600 0.000
    endloop
  endfacet
  facet normal 1 0 0
    outer loop
      vertex 29.200 13.400 0.000
      vertex 29.200 14.600 0.000
      vertex 29.200 14.600 2.200
    endloop
  endfacet
  facet normal 1 0 0
    outer loop
      vertex 29.200 13.400 0.000
      vertex 29.200 14.600 2.200
      vertex 29.200 13.400 2.200
    endloop
  endfacet
  facet normal 0 -1 0
    outer loop
      vertex 28.400 13.400 0.000
      vertex 29.200 13.400 0.000
      vertex 29.200 13.400 2.200
    endloop
  endfacet
  facet normal 0 -1 0
    outer loop
      vertex 28.400 13.400 0.000
      vertex 29.200 13.400 2.200
      vertex 28.400 13.400 2.200
    endloop
  endfacet
  facet normal 0 1 0
    outer loop
      vertex 28.400 14.600 0.000
      vertex 28.400 14.600 2.200
      vertex 29.200 14.600 2.200
    endloop
  endfacet
  facet normal 0 1 0
    outer loop
      vertex 28.400 14.600 0.000
      vertex 29.200 14.600 2.200
      vertex 29.200 14.600 0.000
    endloop
  endfacet
  facet normal 0 0 -1
    outer loop
      vertex 28.400 13.400 0.000
      vertex 28.400 14.600 0.000
      vertex 29.200 14.600 0.000
    endloop
  endfacet
  facet normal 0 0 -1
    outer loop
      vertex 28.400 13.400 0.000
      vertex 29.200 14.600 0.000
      vertex 29.200 13.400 0.000
    endloop
  endfacet
  facet normal 0 0 1
    outer loop
      vertex 28.400 13.400 2.200
      vertex 29.200 13.400 2.200
      vertex 29.200 14.600 2.200
    endloop
  endfacet
  facet normal 0 0 1
    outer loop
      vertex 28.400 13.400 2.200
      vertex 29.200 14.600 2.200
      vertex 28.400 14.600 2.200
    endloop
  endfacet
endsolid rack:F12-03:-y
solid rack:F12-04:-y
  facet normal -1 0 0
    outer loop
      vertex 29.200 13.400 0.000
      vertex 29.200 13.400 2.200
      vertex 29.200 14.600 2.200
    endloop
  endfacet
  facet normal -1 0 0
    outer loop
      vertex 29.200 13.400 0.000
      vertex 29.200 14.600 2.200
      vertex 29.200 14.600 0.000
    endloop
  endfacet
  facet normal 1 0 0
    outer loop
      vertex 30.000 13.400 0.000
      vertex 30.000 14.600 0.000
      vertex 30.000 14.600 2.200
    endloop
  endfacet
  facet normal 1 0 0
    outer loop
      vertex 30.000 13.400 0.000
      vertex 30.000 14.600 2.200
      vertex 30.000 13.400 2.200
    endloop
  endfacet
  facet normal 0 -1 0
    outer loop
      vertex 29.200 13.400 0.000
      vertex 30.000 13.400 0.000
      vertex 30.000 13.400 2.200
    endloop
  endfacet
  facet normal 0 -1 0
    outer loop
      vertex 29.200 13.400 0.000
      vertex 30.000 13.400 2.200
      vertex 29.200 13.400 2.200
    endloop
  endfacet
  facet normal 0 1 0
    outer loop
      vertex 29.200 14.600 0.000
      vertex 29.200 14.600 2.200
      vertex 30.000 14.600 2.200
    endloop
  endfacet
  facet normal 0 1 0
    outer loop
      vertex 29.200 14.600 0.000
      vertex 30.000 14.600 2.200
      vertex 30.000 14.600 0.000
    endloop
  endfacet
  facet normal 0 0 -1
    outer loop
      vertex 29.200 13.400 0.000
      vertex 29.200 14.600 0.000
      vertex 30.000 14.600 0.000
    endloop
  endfacet
  facet normal 0 0 -1
    outer loop
      vertex 29.200 13.400 0.000
      vertex 30.000 14.600 0.000
      vertex 30.000 13.400 0.000
    endloop
  endfacet
  facet normal 0 0 1
    outer loop
      vertex 29.200 13.400 2.200
      vertex 30.000 13.400 2.200
      vertex 30.000 14.600 2.200
    endloop
  endfacet
  facet normal 0 0 1
    outer loop
      vertex 29.200 13.400 2.200
      vertex 30.000 14.600 2.200
      vertex 29.200 14.600 2.200
    endloop
  endfacet
endsolid rack:F12-04:-y
solid rack:F12-05:-y
  facet normal -1 0 0
    outer loop
      vertex 30.800 13.400 0.000
      vertex 30.800 13.400 2.200
      vertex 30.800 14.600 2.200
    endloop
  endfacet
  facet normal -1 0 0
    outer loop
      vertex 30.800 13.400 0.000
      vertex 30.800 14.600 2.200
      vertex 30.800 14.600 0.000
    endloop
  endfacet
  facet normal 1 0 0
    outer loop
      vertex 31.600 13.400 0.000
      vertex 31.600 14.600 0.000
      vertex 31.600 14.600 2.200
    endloop
  endfacet
  facet normal 1 0 0
    outer loop
      vertex 31.600 13.400 0.000
      vertex 31.600 14.600 2.200
      vertex 31.600 13.400 2.200
    endloop
  endfacet
  facet normal 0 -1 0
    outer loop
      vertex 30.800 13.400 0.000
      vertex 31.600 13.400 0.000
      vertex 31.600 13.400 2.200
    endloop
  endfacet
  facet normal 0 -1 0
    outer loop
      vertex 30.800 13.400 0.000
      vertex 31.600 13.400 2.200
      vertex 30.800 13.400 2.200
    endloop
  endfacet
  facet normal 0 1 0
    outer loop
      vertex 30.800 14.600 0.000
      vertex 30.800 14.600 2.200
      vertex 31.600 14.600 2.200
    endloop
  endfacet
  facet normal 0 1 0
    outer loop
      vertex 30.800 14.600 0.000
      vertex 31.600 14.600 2.200
      vertex 31.600 14.600 0.000
    endloop
  endfacet
  facet normal 0 0 -1
    outer loop
      vertex 30.800 13.400 0.000
      vertex 30.800 14.600 0.000
      vertex 31.600 14.600 0.000
    endloop
  endfacet
  facet normal 0 0 -1
    outer loop
      vertex 30.800 13.400 0.000
      vertex 31.600 14.600 0.000
      vertex 31.600 13.400 0.000
    endloop
  endfacet
  facet normal 0 0 1
    outer loop
      vertex 30.800 13.400 2.200
      vertex 31.600 13.400 2.200
      vertex 31.600 14.600 2.200
    endloop
  endfacet
  facet normal 0 0 1
    outer loop
      vertex 30.800 13.400 2.200
      vertex 31.600 14.600 2.200
      vertex 30.800 14.600 2.200
    endloop
  endfacet
endsolid rack:F12-05:-y
solid rack:F12-06:-y
  facet normal -1 0 0
    outer loop
      vertex 31.600 13.400 0.000
      vertex 31.600 13.400 2.200
      vertex 31.600 14.600 2.200
    endloop
  endfacet
  facet normal -1 0 0
    outer loop
      vertex 31.600 13.400 0.000
      vertex 31.600 14.600 2.200
      vertex 31.600 14.600 0.000
    endloop
  endfacet
  facet normal 1 0 0
    outer loop
      vertex 32.400 13.400 0.000
      vertex 32.400 14.600 0.000
      vertex 32.400 14.600 2.200
    endloop
  endfacet
  facet normal 1 0 0
    outer loop
      vertex 32.400 13.400 0.000
      vertex 32.400 14.600 2.200
      vertex 32.400 13.400 2.200
    endloop
  endfacet
  facet normal 0 -1 0
    outer loop
      vertex 31.600 13.400 0.000
      vertex 32.400 13.400 0.000
      vertex 32.400 13.400 2.200
    endloop
  endfacet
  facet normal 0 -1 0
    outer loop
      vertex 31.600 13.400 0.000
      vertex 32.400 13.400 2.200
      vertex 31.600 13.400 2.200
    endloop
  endfacet
  facet normal 0 1 0
    outer loop
      vertex 31.600 14.600 0.000
      vertex 31.600 14.600 2.200
      vertex 32.400 14.600 2.200
    endloop
  endfacet
  facet normal 0 1 0
    outer loop
      vertex 31.600 14.600 0.000
      vertex 32.400 14.600 2.200
      vertex 32.400 14.600 0.000
    endloop
  endfacet
  facet normal 0 0 -1
    outer loop
      vertex 31.600 13.400 0.000
      vertex 31.600 14.600 0.000
      vertex 32.400 14.600 0.000
    endloop
  endfacet
  facet normal 0 0 -1
    outer loop
      vertex 31.600 13.400 0.000
      vertex 32.400 14.600 0.000
      vertex 32.400 13.400 0.000
    endloop
  endfacet
  facet normal 0 0 1
    outer loop
      vertex 31.600 13.400 2.200
      vertex 32.400 13.400 2.200
      vertex 32.400 14.600 2.200
    endloop
  endfacet
  facet normal 0 0 1
    outer loop
      vertex 31.600 13.400 2.200
      vertex 32.400 14.600 2.200
      vertex 31.600 14.600 2.200
    endloop
  endfacet
endsolid rack:F12-06:-y
solid rack:F12-07:-y
  facet normal -1 0 0
    outer loop
      vertex 32.600 13.400 0.000
      vertex 32.600 13.400 2.200
      vertex 32.600 14.600 2.200
    endloop
  endfacet
  facet normal -1 0 0
    outer loop
      vertex 32.600 13.400 0.000
      vertex 32.600 14.600 2.200
      vertex 32.600 14.600 0.000
    endloop
  endfacet
  facet normal 1 0 0
    outer loop
      vertex 33.200 13.400 0.000
      vertex 33.200 14.600 0.000
      vertex 33.200 14.600 2.200
    endloop
  endfacet
  facet normal 1 0 0
    outer loop
      vertex 33.200 13.400 0.000
      vertex 33.200 14.600 2.200
      vertex 33.200 13.400 2.200
    endloop
  endfacet
  facet normal 0 -1 0
    outer loop
      vertex 32.600 13.400 0.000
      vertex 33.200 13.400 0.000
      vertex 33.200 13.400 2.200
    endloop
  endfacet
  facet normal 0 -1 0
    outer loop
      vertex 32.600 13.400 0.000
      vertex 33.200 13.400 2.200
      vertex 32.600 13.400 2.200
    endloop
  endfacet
  facet normal 0 1 0
    outer loop
      vertex 32.600 14.600 0.000
      vertex 32.600 14.600 2.200
      vertex 33.200 14.600 2.200
    endloop
  endfacet
  facet normal 0 1 0
    outer loop
      vertex 32.600 14.600 0.000
      vertex 33.200 14.600 2.200
      vertex 33.200 14.600 0.000
    endloop
  endfacet
  facet normal 0 0 -1
    outer loop
      vertex 32.600 13.400 0.000
      vertex 32.600 14.600 0.000
      vertex 33.200 14.600 0.000
    endloop
  endfacet
  facet normal 0 0 -1
    outer loop
      vertex 32.600 13.400 0.000
      vertex 33.200 14.600 0.000
      vertex 33.200 13.400 0.000
    endloop
  endfacet
  facet normal 0 0 1
    outer loop
      vertex 32.600 13.400 2.200
      vertex 33.200 13.400 2.200
      vertex 33.200 14.600 2.200
    endloop
  endfacet
  facet normal 0 0 1
    outer loop
      vertex 32.600 13.400 2.200
      vertex 33.200 14.600 2.200
      vertex 32.600 14.600 2.200
    endloop
  endfacet
endsolid rack:F12-07:-y
solid rack:F12-08:-y
  facet normal -1 0 0
    outer loop
      vertex 33.200 13.400 0.000
      vertex 33.200 13.400 2.200
      vertex 33.200 14.600 2.200
    endloop
  endfacet
  facet normal -1 0 0
    outer loop
      vertex 33.200 13.400 0.000
      vertex 33.200 14.600 2.200
      vertex 33.200 14.600 0.000
    endloop
  endfacet
  facet normal 1 0 0
    outer loop
      vertex 33.800 13.400 0.000
      vertex 33.800 14.600 0.000
      vertex 33.800 14.600 2.200
    endloop
  endfacet
  facet normal 1 0 0
    outer loop
      vertex 33.800 13.400 0.000
      vertex 33.800 14.600 2.200
      vertex 33.800 13.400 2.200
    endloop
  endfacet
  facet normal 0 -1 0
    outer loop
      vertex 33.200 13.400 0.000
      vertex 33.800 13.400 0.000
      vertex 33.800 13.400 2.200
    endloop
  endfacet
  facet normal 0 -1 0
    outer loop
      vertex 33.200 13.400 0.000
      vertex 33.800 13.400 2.200
      vertex 33.200 13.400 2.200
    endloop
  endfacet
  facet normal 0 1 0
    outer loop
      vertex 33.200 14.600 0.000
      vertex 33.200 14.600 2.200
      vertex 33.800 14.600 2.200
    endloop
  endfacet
  facet normal 0 1 0
    outer loop
      vertex 33.200 14.600 0.000
      vertex 33.800 14.600 2.200
      vertex 33.800 14.600 0.000
    endloop
  endfacet
  facet normal 0 0 -1
    outer loop
      vertex 33.200 13.400 0.000
      vertex 33.200 14.600 0.000
      vertex 33.800 14.600 0.000
    endloop
  endfacet
  facet normal 0 0 -1
    outer loop
      vertex 33.200 13.400 0.000
      vertex 33.800 14.600 0.000
      vertex 33.800 13.400 0.000
    endloop
  endfacet
  facet normal 0 0 1
    outer loop
      vertex 33.200 13.400 2.200
      vertex 33.800 13.400 2.200
      vertex 33.800 14.600 2.200
    endloop
  endfacet
  facet normal 0 0 1
    outer loop
      vertex 33.200 13.400 2.200
      vertex 33.800 14.600 2.200
      vertex 33.200 14.600 2.200
    endloop
  endfacet
endsolid rack:F12-08:-y
solid rack:F12-09:-y
  facet normal -1 0 0
    outer loop
      vertex 33.800 13.400 0.000
      vertex 33.800 13.400 2.200
      vertex 33.800 14.600 2.200
    endloop
  endfacet
  facet normal -1 0 0
    outer loop
      vertex 33.800 13.400 0.000
      vertex 33.800 14.600 2.200
      vertex 33.800 14.600 0.000
    endloop
  endfacet
  facet normal 1 0 0
    outer loop
      vertex 34.400 13.400 0.000
      vertex 34.400 14.600 0.000
      vertex 34.400 14.600 2.200
    endloop
  endfacet
  facet normal 1 0 0
    outer loop
      vertex 34.400 13.400 0.000
      vertex 34.400 14.600 2.200
      vertex 34.400 13.400 2.200
    endloop
  endfacet
  facet normal 0 -1 0
    outer loop
      vertex 33.800 13.400 0.000
      vertex 34.400 13.400 0.000
      vertex 34.400 13.400 2.200
    endloop
  endfacet
  facet normal 0 -1 0
    outer loop
      vertex 33.800 13.400 0.000
      vertex 34.400 13.400 2.200
      vertex 33.800 13.400 2.200
    endloop
  endfacet
  facet normal 0 1 0
    outer loop
      vertex 33.800 14.600 0.000
      vertex 33.800 14.600 2.200
      vertex 34.400 14.600 2.200
    endloop
  endfacet
  facet normal 0 1 0
    outer loop
      vertex 33.800 14.600 0.000
      vertex 34.400 14.600 2.200
      vertex 34.400 14.600 0.000
    endloop
  endfacet
  facet normal 0 0 -1
    outer loop
      vertex 33.800 13.400 0.000
      vertex 33.800 14.600 0.000
      vertex 34.400 14.600 0.000
    endloop
  endfacet
  facet normal 0 0 -1
    outer loop
      vertex 33.800 13.400 0.000
      vertex 34.400 14.600 0.000
      vertex 34.400 13.400 0.000
    endloop
  endfacet
  facet normal 0 0 1
    outer loop
      vertex 33.800 13.400 2.200
      vertex 34.400 13.400 2.200
      vertex 34.400 14.600 2.200
    endloop
  endfacet
  facet normal 0 0 1
    outer loop
      vertex 33.800 13.400 2.200
      vertex 34.400 14.600 2.200
      vertex 33.800 14.600 2.200
    endloop
  endfacet
endsolid rack:F12-09:-y
solid rack:F12-10:-y
  facet normal -1 0 0
    outer loop
      vertex 34.400 13.400 0.000
      vertex 34.400 13.400 2.200
      vertex 34.400 14.600 2.200
    endloop
  endfacet
  facet normal -1 0 0
    outer loop
      vertex 34.400 13.400 0.000
      vertex 34.400 14.600 2.200
      vertex 34.400 14.600 0.000
    endloop
  endfacet
  facet normal 1 0 0
    outer loop
      vertex 35.000 13.400 0.000
      vertex 35.000 14.600 0.000
      vertex 35.000 14.600 2.200
    endloop
  endfacet
  facet normal 1 0 0
    outer loop
      vertex 35.000 13.400 0.000
      vertex 35.000 14.600 2.200
      vertex 35.000 13.400 2.200
    endloop
  endfacet
  facet normal 0 -1 0
    outer loop
      vertex 34.400 13.400 0.000
      vertex 35.000 13.400 0.000
      vertex 35.000 13.400 2.200
    endloop
  endfacet
  facet normal 0 -1 0
    outer loop
      vertex 34.400 13.400 0.000
      vertex 35.000 13.400 2.200
      vertex 34.400 13.400 2.200
    endloop
  endfacet
  facet normal 0 1 0
    outer loop
      vertex 34.400 14.600 0.000
      vertex 34.400 14.600 2.200
      vertex 35.000 14.600 2.200
    endloop
  endfacet
  facet normal 0 1 0
    outer loop
      vertex 34.400 14.600 0.000
      vertex 35.000 14.600 2.200
      vertex 35.000 14.600 0.000
    endloop
  endfacet
  facet normal 0 0 -1
    outer loop
      vertex 34.400 13.400 0.000
      vertex 34.400 14.600 0.000
      vertex 35.000 14.600 0.000
    endloop
  endfacet
  facet normal 0 0 -1
    outer loop
      vertex 34.400 13.400 0.000
      vertex 35.000 14.600 0.000
      vertex 35.000 13.400 0.000
    endloop
  endfacet
  facet normal 0 0 1
    outer loop
      vertex 34.400 13.400 2.200
      vertex 35.000 13.400 2.200
      vertex 35.000 14.600 2.200
    endloop
  endfacet
  facet normal 0 0 1
    outer loop
      vertex 34.400 13.400 2.200
      vertex 35.000 14.600 2.200
      vertex 34.400 14.600 2.200
    endloop
  endfacet
endsolid rack:F12-10:-y
solid rack:F12-11:-y
  facet normal -1 0 0
    outer loop
      vertex 35.200 13.400 0.000
      vertex 35.200 13.400 2.200
      vertex 35.200 14.600 2.200
    endloop
  endfacet
  facet normal -1 0 0
    outer loop
      vertex 35.200 13.400 0.000
      vertex 35.200 14.600 2.200
      vertex 35.200 14.600 0.000
    endloop
  endfacet
  facet normal 1 0 0
    outer loop
      vertex 35.800 13.400 0.000
      vertex 35.800 14.600 0.000
      vertex 35.800 14.600 2.200
    endloop
  endfacet
  facet normal 1 0 0
    outer loop
      vertex 35.800 13.400 0.000
      vertex 35.800 14.600 2.200
      vertex 35.800 13.400 2.200
    endloop
  endfacet
  facet normal 0 -1 0
    outer loop
      vertex 35.200 13.400 0.000
      vertex 35.800 13.400 0.000
      vertex 35.800 13.400 2.200
    endloop
  endfacet
  facet normal 0 -1 0
    outer loop
      vertex 35.200 13.400 0.000
      vertex 35.800 13.400 2.200
      vertex 35.200 13.400 2.200
    endloop
  endfacet
  facet normal 0 1 0
    outer loop
      vertex 35.200 14.600 0.000
      vertex 35.200 14.600 2.200
      vertex 35.800 14.600 2.200
    endloop
  endfacet
  facet normal 0 1 0
    outer loop
      vertex 35.200 14.600 0.000
      vertex 35.800 14.600 2.200
      vertex 35.800 14.600 0.000
    endloop
  endfacet
  facet normal 0 0 -1
    outer loop
      vertex 35.200 13.400 0.000
      vertex 35.200 14.600 0.000
      vertex 35.800 14.600 0.000
    endloop
  endfacet
  facet normal 0 0 -1
    outer loop
      vertex 35.200 13.400 0.000
      vertex 35.800 14.600 0.000
      vertex 35.800 13.400 0.000
    endloop
  endfacet
  facet normal 0 0 1
    outer loop
      vertex 35.200 13.400 2.200
      vertex 35.800 13.400 2.200
      vertex 35.800 14.600 2.200
    endloop
  endfacet
  facet normal 0 0 1
    outer loop
      vertex 35.200 13.400 2.200
      vertex 35.800 14.600 2.200
      vertex 35.200 14.600 2.200
    endloop
  endfacet
endsolid rack:F12-11:-y
solid rack:F12-12:-y
  facet normal -1 0 0
    outer loop
      vertex 35.800 13.400 0.000
      vertex 35.800 13.400 2.200
      vertex 35.800 14.600 2.200
    endloop
  endfacet
  facet normal -1 0 0
    outer loop
      vertex 35.800 13.400 0.000
      vertex 35.800 14.600 2.200
      vertex 35.800 14.600 0.000
    endloop
  endfacet
  facet normal 1 0 0
    outer loop
      vertex 36.400 13.400 0.000
      vertex 36.400 14.600 0.000
      vertex 36.400 14.600 2.200
    endloop
  endfacet
  facet normal 1 0 0
    outer loop
      vertex 36.400 13.400 0.000
      vertex 36.400 14.600 2.200
      vertex 36.400 13.400 2.200
    endloop
  endfacet
  facet normal 0 -1 0
    outer loop
      vertex 35.800 13.400 0.000
      vertex 36.400 13.400 0.000
      vertex 36.400 13.400 2.200
    endloop
  endfacet
  facet normal 0 -1 0
    outer loop
      vertex 35.800 13.400 0.000
      vertex 36.400 13.400 2.200
      vertex 35.800 13.400 2.200
    endloop
  endfacet
  facet normal 0 1 0
    outer loop
      vertex 35.800 14.600 0.000
      vertex 35.800 14.600 2.200
      vertex 36.400 14.600 2.200
    endloop
  endfacet
  facet normal 0 1 0
    outer loop
      vertex 35.800 14.600 0.000
      vertex 36.400 14.600 2.200
      vertex 36.400 14.600 0.000
    endloop
  endfacet
  facet normal 0 0 -1
    outer loop
      vertex 35.800 13.400 0.000
      vertex 35.800 14.600 0.000
      vertex 36.400 14.600 0.000
    endloop
  endfacet
  facet normal 0 0 -1
    outer loop
      vertex 35.800 13.400 0.000
      vertex 36.400 14.600 0.000
      vertex 36.400 13.400 0.000
    endloop
  endfacet
  facet normal 0 0 1
    outer loop
      vertex 35.800 13.400 2.200
      vertex 36.400 13.400 2.200
      vertex 36.400 14.600 2.200
    endloop
  endfacet
  facet normal 0 0 1
    outer loop
      vertex 35.800 13.400 2.200
      vertex 36.400 14.600 2.200
      vertex 35.800 14.600 2.200
    endloop
  endfacet
endsolid rack:F12-12:-y
solid rack:F12-13:-y
  facet normal -1 0 0
    outer loop
      vertex 36.400 13.400 0.000
      vertex 36.400 13.400 2.200
      vertex 36.400 14.600 2.200
    endloop
  endfacet
  facet normal -1 0 0
    outer loop
      vertex 36.400 13.400 0.000
      vertex 36.400 14.600 2.200
      vertex 36.400 14.600 0.000
    endloop
  endfacet
  facet normal 1 0 0
    outer loop
      vertex 37.000 13.400 0.000
      vertex 37.000 14.600 0.000
      vertex 37.000 14.600 2.200
    endloop
  endfacet
  facet normal 1 0 0
    outer loop
      vertex 37.000 13.400 0.000
      vertex 37.000 14.600 2.200
      vertex 37.000 13.400 2.200
    endloop
  endfacet
  facet normal 0 -1 0
    outer loop
      vertex 36.400 13.400 0.000
      vertex 37.000 13.400 0.000
      vertex 37.000 13.400 2.200
    endloop
  endfacet
  facet normal 0 -1 0
    outer loop
      vertex 36.400 13.400 0.000
      vertex 37.000 13.400 2.200
      vertex 36.400 13.400 2.200
    endloop
  endfacet
  facet normal 0 1 0
    outer loop
      vertex 36.400 14.600 0.000
      vertex 36.400 14.600 2.200
      vertex 37.000 14.600 2.200
    endloop
  endfacet
  facet normal 0 1 0
    outer loop
      vertex 36.400 14.600 0.000
      vertex 37.000 14.600 2.200
      vertex 37.000 14.600 0.000
    endloop
  endfacet
  facet normal 0 0 -1
    outer loop
      vertex 36.400 13.400 0.000
      vertex 36.400 14.600 0.000
      vertex 37.000 14.600 0.000
    endloop
  endfacet
  facet normal 0 0 -1
    outer loop
      vertex 36.400 13.400 0.000
      vertex 37.000 14.600 0.000
      vertex 37.000 13.400 0.000
    endloop
  endfacet
  facet normal 0 0 1
    outer loop
      vertex 36.400 13.400 2.200
      vertex 37.000 13.400 2.200
      vertex 37.000 14.600 2.200
    endloop
  endfacet
  facet normal 0 0 1
    outer loop
      vertex 36.400 13.400 2.200
      vertex 37.000 14.600 2.200
      vertex 36.400 14.600 2.200
    endloop
  endfacet
endsolid rack:F12-13:-y
solid rack:F12-14:-y
  facet normal -1 0 0
    outer loop
      vertex 37.000 13.400 0.000
      vertex 37.000 13.400 2.200
      vertex 37.000 14.600 2.200
    endloop
  endfacet
  facet normal -1 0 0
    outer loop
      vertex 37.000 13.400 0.000
      vertex 37.000 14.600 2.200
      vertex 37.000 14.600 0.000
    endloop
  endfacet
  facet normal 1 0 0
    outer loop
      vertex 37.600 13.400 0.000
      vertex 37.600 14.600 0.000
      vertex 37.600 14.600 2.200
    endloop
  endfacet
  facet normal 1 0 0
    outer loop
      vertex 37.600 13.400 0.000
      vertex 37.600 14.600 2.200
      vertex 37.600 13.400 2.200
    endloop
  endfacet
  facet normal 0 -1 0
    outer loop
      vertex 37.000 13.400 0.000
      vertex 37.600 13.400 0.000
      vertex 37.600 13.400 2.200
    endloop
  endfacet
  facet normal 0 -1 0
    outer loop
      vertex 37.000 13.400 0.000
      vertex 37.600 13.400 2.200
      vertex 37.000 13.400 2.200
    endloop
  endfacet
  facet normal 0 1 0
    outer loop
      vertex 37.000 14.600 0.000
      vertex 37.000 14.600 2.200
      vertex 37.600 14.600 2.200
    endloop
  endfacet
  facet normal 0 1 0
    outer loop
      vertex 37.000 14.600 0.000
      vertex 37.600 14.600 2.200
      vertex 37.600 14.600 0.000
    endloop
  endfacet
  facet normal 0 0 -1
    outer loop
      vertex 37.000 13.400 0.000
      vertex 37.000 14.600 0.000
      vertex 37.600 14.600 0.000
    endloop
  endfacet
  facet normal 0 0 -1
    outer loop
      vertex 37.000 13.400 0.000
      vertex 37.600 14.600 0.000
      vertex 37.600 13.400 0.000
    endloop
  endfacet
  facet normal 0 0 1
    outer loop
      vertex 37.000 13.400 2.200
      vertex 37.600 13.400 2.200
      vertex 37.600 14.600 2.200
    endloop
  endfacet
  facet normal 0 0 1
    outer loop
      vertex 37.000 13.400 2.200
      vertex 37.600 14.600 2.200
      vertex 37.000 14.600 2.200
    endloop
  endfacet
endsolid rack:F12-14:-y
solid rack:F13-01:+y
  facet normal -1 0 0
    outer loop
      vertex 11.400 9.200 0.000
      vertex 11.400 9.200 2.200
      vertex 11.400 10.400 2.200
    endloop
  endfacet
  facet normal -1 0 0
    outer loop
      vertex 11.400 9.200 0.000
      vertex 11.400 10.400 2.200
      vertex 11.400 10.400 0.000
    endloop
  endfacet
  facet normal 1 0 0
    outer loop
      vertex 12.000 9.200 0.000
      vertex 12.000 10.400 0.000
      vertex 12.000 10.400 2.200
    endloop
  endfacet
  facet normal 1 0 0
    outer loop
      vertex 12.000 9.200 0.000
      vertex 12.000 10.400 2.200
      vertex 12.000 9.200 2.200
    endloop
  endfacet
  facet normal 0 -1 0
    outer loop
      vertex 11.400 9.200 0.000
      vertex 12.000 9.200 0.000
      vertex 12.000 9.200 2.200
    endloop
  endfacet
  facet normal 0 -1 0
    outer loop
      vertex 11.400 9.200 0.000
      vertex 12.000 9.200 2.200
      vertex 11.400 9.200 2.200
    endloop
  endfacet
  facet normal 0 1 0
    outer loop
      vertex 11.400 10.400 0.000
      vertex 11.400 10.400 2.200
      vertex 12.000 10.400 2.200
    endloop
  endfacet
  facet normal 0 1 0
    outer loop
      vertex 11.400 10.400 0.000
      vertex 12.000 10.400 2.200
      vertex 12.000 10.400 0.000
    endloop
  endfacet
  facet normal 0 0 -1
    outer loop
      vertex 11.400 9.200 0.000
      vertex 11.400 10.400 0.000
      vertex 12.000 10.400 0.000
    endloop
  endfacet
  facet normal 0 0 -1
    outer loop
      vertex 11.400 9.200 0.000
      vertex 12.000 10.400 0.000
      vertex 12.000 9.200 0.000
    endloop
  endfacet
  facet normal 0 0 1
    outer loop
      vertex 11.400 9.200 2.200
      vertex 12.000 9.200 2.200
      vertex 12.000 10.400 2.200
    endloop
  endfacet
  facet normal 0 0 1
    outer loop
      vertex 11.400 9.200 2.200
      vertex 12.000 10.400 2.200
      vertex 11.400 10.400 2.200
    endloop
  endfacet
endsolid rack:F13-01:+y
solid rack:F13-02:+y
  facet normal -1 0 0
    outer loop
      vertex 12.000 9.200 0.000
      vertex 12.000 9.200 2.200
      vertex 12.000 10.400 2.200
    endloop
  endfacet
  facet normal -1 0 0
    outer loop
      vertex 12.000 9.200 0.000
      vertex 12.000 10.400 2.200
      vertex 12.000 10.400 0.000
    endloop
  endfacet
  facet normal 1 0 0
    outer loop
      vertex 12.600 9.200 0.000
      vertex 12.600 10.400 0.000
      vertex 12.600 10.400 2.200
    endloop
  endfacet
  facet normal 1 0 0
    outer loop
      vertex 12.600 9.200 0.000
      vertex 12.600 10.400 2.200
      vertex 12.600 9.200 2.200
    endloop
  endfacet
  facet normal 0 -1 0
    outer loop
      vertex 12.000 9.200 0.000
      vertex 12.600 9.200 0.000
      vertex 12.600 9.200 2.200
    endloop
  endfacet
  facet normal 0 -1 0
    outer loop
      vertex 12.000 9.200 0.000
      vertex 12.600 9.200 2.200
      vertex 12.000 9.200 2.200
    endloop
  endfacet
  facet normal 0 1 0
    outer loop
      vertex 12.000 10.400 0.000
      vertex 12.000 10.400 2.200
      vertex 12.600 10.400 2.200
    endloop
  endfacet
  facet normal 0 1 0
    outer loop
      vertex 12.000 10.400 0.000
      vertex 12.600 10.400 2.200
      vertex 12.600 10.400 0.000
    endloop
  endfacet
  facet normal 0 0 -1
    outer loop
      vertex 12.000 9.200 0.000
      vertex 12.000 10.400 0.000
      vertex 12.600 10.400 0.000
    endloop
  endfacet
  facet normal 0 0 -1
    outer loop
      vertex 12.000 9.200 0.000
      vertex 12.600 10.400 0.000
      vertex 12.600 9.200 0.000
    endloop
  endfacet
  facet normal 0 0 1
    outer loop
      vertex 12.000 9.200 2.200
      vertex 12.600 9.200 2.200
      vertex 12.600 10.400 2.200
    endloop
  endfacet
  facet normal 0 0 1
    outer loop
      vertex 12.000 9.200 2.200
      vertex 12.600 10.400 2.200
      vertex 12.000 10.400 2.200
    endloop
  endfacet
endsolid rack:F13-02:+y
solid rack:F13-03:+y
  facet normal -1 0 0
    outer loop
      vertex 12.600 9.200 0.000
      vertex 12.600 9.200 2.200
      vertex 12.600 10.400 2.200
    endloop
  endfacet
  facet normal -1 0 0
    outer loop
      vertex 12.600 9.200 0.000
      vertex 12.600 10.400 2.200
      vertex 12.600 10.400 0.000
    endloop
  endfacet
  facet normal 1 0 0
    outer loop
      vertex 13.200 9.200 0.000
      vertex 13.200 10.400 0.000
      vertex 13.200 10.400 2.200
    endloop
  endfacet
  facet normal 1 0 0
    outer loop
      vertex 13.200 9.200 0.000
      vertex 13.200 10.400 2.200
      vertex 13.200 9.200 2.200
    endloop
  endfacet
  facet normal 0 -1 0
    outer loop
      vertex 12.600 9.200 0.000
      vertex 13.200 9.200 0.000
      vertex 13.200 9.200 2.200
    endloop
  endfacet
  facet normal 0 -1 0
    outer loop
      vertex 12.600 9.200 0.000
      vertex 13.200 9.200 2.200
      vertex 12.600 9.200 2.200
    endloop
  endfacet
  facet normal 0 1 0
    outer loop
      vertex 12.600 10.400 0.000
      vertex 12.600 10.400 2.200
      vertex 13.200 10.400 2.200
    endloop
  endfacet
  facet normal 0 1 0
    outer loop
      vertex 12.600 10.400 0.000
      vertex 13.200 10.400 2.200
      vertex 13.200 10.400 0.000
    endloop
  endfacet
  facet normal 0 0 -1
    outer loop
      vertex 12.600 9.200 0.000
      vertex 12.600 10.400 0.000
      vertex 13.200 10.400 0.000
    endloop
  endfacet
  facet normal 0 0 -1
    outer loop
      vertex 12.600 9.200 0.000
      vertex 13.200 10.400 0.000
      vertex 13.200 9.200 0.000
    endloop
  endfacet
  facet normal 0 0 1
    outer loop
      vertex 12.600 9.200 2.200
      vertex 13.200 9.200 2.200
      vertex 13.200 10.400 2.200
    endloop
  endfacet
  facet normal 0 0 1
    outer loop
      vertex 12.600 9.200 2.200
      vertex 13.200 10.400 2.200
      vertex 12.600 10.400 2.200
    endloop
  endfacet
endsolid rack:F13-03:+y
solid rack:F13-04:+y
  facet normal -1 0 0
    outer loop
      vertex 14.600 9.200 0.000
      vertex 14.600 9.200 2.200
      vertex 14.600 10.400 2.200
    endloop
  endfacet
  facet normal -1 0 0
    outer loop
      vertex 14.600 9.200 0.000
      vertex 14.600 10.400 2.200
      vertex 14.600 10.400 0.000
    endloop
  endfacet
  facet normal 1 0 0
    outer loop
      vertex 15.200 9.200 0.000
      vertex 15.200 10.400 0.000
      vertex 15.200 10.400 2.200
    endloop
  endfacet
  facet normal 1 0 0
    outer loop
      vertex 15.200 9.200 0.000
      vertex 15.200 10.400 2.200
      vertex 15.200 9.200 2.200
    endloop
  endfacet
  facet normal 0 -1 0
    outer loop
      vertex 14.600 9.200 0.000
      vertex 15.200 9.200 0.000
      vertex 15.200 9.200 2.200
    endloop
  endfacet
  facet normal 0 -1 0
    outer loop
      vertex 14.600 9.200 0.000
      vertex 15.200 9.200 2.200
      vertex 14.600 9.200 2.200
    endloop
  endfacet
  facet normal 0 1 0
    outer loop
      vertex 14.600 10.400 0.000
      vertex 14.600 10.400 2.200
      vertex 15.200 10.400 2.200
    endloop
  endfacet
  facet normal 0 1 0
    outer loop
      vertex 14.600 10.400 0.000
      vertex 15.200 10.400 2.200
      vertex 15.200 10.400 0.000
    endloop
  endfacet
  facet normal 0 0 -1
    outer loop
      vertex 14.600 9.200 0.000
      vertex 14.600 10.400 0.000
      vertex 15.200 10.400 0.000
    endloop
  endfacet
  facet normal 0 0 -1
    outer loop
      vertex 14.600 9.200 0.000
      vertex 15.200 10.400 0.000
      vertex 15.200 9.200 0.000
    endloop
  endfacet
  facet normal 0 0 1
    outer loop
      vertex 14.600 9.200 2.200
      vertex 15.200 9.200 2.200
      vertex 15.200 10.400 2.200
    endloop
  endfacet
  facet normal 0 0 1
    outer loop
      vertex 14.600 9.200 2.200
      vertex 15.200 10.400 2.200
      vertex 14.600 10.400 2.200
    endloop
  endfacet
endsolid rack:F13-04:+y
solid rack:F13-05:+y
  facet normal -1 0 0
    outer loop
      vertex 15.200 9.200 0.000
      vertex 15.200 9.200 2.200
      vertex 15.200 10.400 2.200
    endloop
  endfacet
  facet normal -1 0 0
    outer loop
      vertex 15.200 9.200 0.000
      vertex 15.200 10.400 2.200
      vertex 15.200 10.400 0.000
    endloop
  endfacet
  facet normal 1 0 0
    outer loop
      vertex 15.800 9.200 0.000
      vertex 15.800 10.400 0.000
      vertex 15.800 10.400 2.200
    endloop
  endfacet
  facet normal 1 0 0
    outer loop
      vertex 15.800 9.200 0.000
      vertex 15.800 10.400 2.200
      vertex 15.800 9.200 2.200
    endloop
  endfacet
  facet normal 0 -1 0
    outer loop
      vertex 15.200 9.200 0.000
      vertex 15.800 9.200 0.000
      vertex 15.800 9.200 2.200
    endloop
  endfacet
  facet normal 0 -1 0
    outer loop
      vertex 15.200 9.200 0.000
      vertex 15.800 9.200 2.200
      vertex 15.200 9.200 2.200
    endloop
  endfacet
  facet normal 0 1 0
    outer loop
      vertex 15.200 10.400 0.000
      vertex 15.200 10.400 2.200
      vertex 15.800 10.400 2.200
    endloop
  endfacet
  facet normal 0 1 0
    outer loop
      vertex 15.200 10.400 0.000
      vertex 15.800 10.400 2.200
      vertex 15.800 10.400 0.000
    endloop
  endfacet
  facet normal 0 0 -1
    outer loop
      vertex 15.200 9.200 0.000
      vertex 15.200 10.400 0.000
      vertex 15.800 10.400 0.000
    endloop
  endfacet
  facet normal 0 0 -1
    outer loop
      vertex 15.200 9.200 0.000
      vertex 15.800 10.400 0.000
      vertex 15.800 9.200 0.000
    endloop
  endfacet
  facet normal 0 0 1
    outer loop
      vertex 15.200 9.200 2.200
      vertex 15.800 9.200 2.200
      vertex 15.800 10.400 2.200
    endloop
  endfacet
  facet normal 0 0 1
    outer loop
      vertex 15.200 9.200 2.200
      vertex 15.800 10.400 2.200
      vertex 15.200 10.400 2.200
    endloop
  endfacet
endsolid rack:F13-05:+y
solid rack:F13-06:+y
  facet normal -1 0 0
    outer loop
      vertex 15.800 9.200 0.000
      vertex 15.800 9.200 2.200
      vertex 15.800 10.400 2.200
    endloop
  endfacet
  facet normal -1 0 0
    outer loop
      vertex 15.800 9.200 0.000
      vertex 15.800 10.400 2.200
      vertex 15.800 10.400 0.000
    endloop
  endfacet
  facet normal 1 0 0
    outer loop
      vertex 16.400 9.200 0.000
      vertex 16.400 10.400 0.000
      vertex 16.400 10.400 2.200
    endloop
  endfacet
  facet normal 1 0 0
    outer loop
      vertex 16.400 9.200 0.000
      vertex 16.400 10.400 2.200
      vertex 16.400 9.200 2.200
    endloop
  endfacet
  facet normal 0 -1 0
    outer loop
      vertex 15.800 9.200 0.000
      vertex 16.400 9.200 0.000
      vertex 16.400 9.200 2.200
    endloop
  endfacet
  facet normal 0 -1 0
    outer loop
      vertex 15.800 9.200 0.000
      vertex 16.400 9.200 2.200
      vertex 15.800 9.200 2.200
    endloop
  endfacet
  facet normal 0 1 0
    outer loop
      vertex 15.800 10.400 0.000
      vertex 15.800 10.400 2.200
      vertex 16.400 10.400 2.200
    endloop
  endfacet
  facet normal 0 1 0
    outer loop
      vertex 15.800 10.400 0.000
      vertex 16.400 10.400 2.200
      vertex 16.400 10.400 0.000
    endloop
  endfacet
  facet normal 0 0 -1
    outer loop
      vertex 15.800 9.200 0.000
      vertex 15.800 10.400 0.000
      vertex 16.400 10.400 0.000
    endloop
  endfacet
  facet normal 0 0 -1
    outer loop
      vertex 15.800 9.200 0.000
      vertex 16.400 10.400 0.000
      vertex 16.400 9.200 0.000
    endloop
  endfacet
  facet normal 0 0 1
    outer loop
      vertex 15.800 9.200 2.200
      vertex 16.400 9.200 2.200
      vertex 16.400 10.400 2.200
    endloop
  endfacet
  facet normal 0 0 1
    outer loop
      vertex 15.800 9.200 2.200
      vertex 16.400 10.400 2.200
      vertex 15.800 10.400 2.200
    endloop
  endfacet
endsolid rack:F13-06:+y
solid rack:F13-07:+y
  facet normal -1 0 0
    outer loop
      vertex 16.600 9.200 0.000
      vertex 16.600 9.200 2.200
      vertex 16.600 10.400 2.200
    endloop
  endfacet
  facet normal -1 0 0
    outer loop
      vertex 16.600 9.200 0.000
      vertex 16.600 10.400 2.200
      vertex 16.600 10.400 0.000
    endloop
  endfacet
  facet normal 1 0 0
    outer loop
      vertex 17.200 9.200 0.000
      vertex 17.200 10.400 0.000
      vertex 17.200 10.400 2.200
    endloop
  endfacet
  facet normal 1 0 0
    outer loop
      vertex 17.200 9.200 0.000
      vertex 17.200 10.400 2.200
      vertex 17.200 9.200 2.200
    endloop
  endfacet
  facet normal 0 -1 0
    outer loop
      vertex 16.600 9.200 0.000
      vertex 17.200 9.200 0.000
      vertex 17.200 9.200 2.200
    endloop
  endfacet
  facet normal 0 -1 0
    outer loop
      vertex 16.600 9.200 0.000
      vertex 17.200 9.200 2.200
      vertex 16.600 9.200 2.200
    endloop
  endfacet
  facet normal 0 1 0
    outer loop
      vertex 16.600 10.400 0.000
      vertex 16.600 10.400 2.200
      vertex 17.200 10.400 2.200
    endloop
  endfacet
  facet normal 0 1 0
    outer loop
      vertex 16.600 10.400 0.000
      vertex 17.200 10.400 2.200
      vertex 17.200 10.400 0.000
    endloop
  endfacet
  facet normal 0 0 -1
    outer loop
      vertex 16.600 9.200 0.000
      vertex 16.600 10.400 0.000
      vertex 17.200 10.400 0.000
    endloop
  endfacet
  facet normal 0 0 -1
    outer loop
      vertex 16.600 9.200 0.000
      vertex 17.200 10.400 0.000
      vertex 17.200 9.200 0.000
    endloop
  endfacet
  facet normal 0 0 1
    outer loop
      vertex 16.600 9.200 2.200
      vertex 17.200 9.200 2.200
      vertex 17.200 10.400 2.200
    endloop
  endfacet
  facet normal 0 0 1
    outer loop
      vertex 16.600 9.200 2.200
      vertex 17.200 10.400 2.200
      vertex 16.600 10.400 2.200
    endloop
  endfacet
endsolid rack:F13-07:+y
solid rack:F13-08:+y
  facet normal -1 0 0
    outer loop
      vertex 17.200 9.200 0.000
      vertex 17.200 9.200 2.200
      vertex 17.200 10.400 2.200
    endloop
  endfacet
  facet normal -1 0 0
    outer loop
      vertex 17.200 9.200 0.000
      vertex 17.200 10.400 2.200
      vertex 17.200 10.400 0.000
    endloop
  endfacet
  facet normal 1 0 0
    outer loop
      vertex 18.000 9.200 0.000
      vertex 18.000 10.400 0.000
      vertex 18.000 10.400 2.200
    endloop
  endfacet
  facet normal 1 0 0
    outer loop
      vertex 18.000 9.200 0.000
      vertex 18.000 10.400 2.200
      vertex 18.000 9.200 2.200
    endloop
  endfacet
  facet normal 0 -1 0
    outer loop
      vertex 17.200 9.200 0.000
      vertex 18.000 9.200 0.000
      vertex 18.000 9.200 2.200
    endloop
  endfacet
  facet normal 0 -1 0
    outer loop
      vertex 17.200 9.200 0.000
      vertex 18.000 9.200 2.200
      vertex 17.200 9.200 2.200
    endloop
  endfacet
  facet normal 0 1 0
    outer loop
      vertex 17.200 10.400 0.000
      vertex 17.200 10.400 2.200
      vertex 18.000 10.400 2.200
    endloop
  endfacet
  facet normal 0 1 0
    outer loop
      vertex 17.200 10.400 0.000
      vertex 18.000 10.400 2.200
      vertex 18.000 10.400 0.000
    endloop
  endfacet
  facet normal 0 0 -1
    outer loop
      vertex 17.200 9.200 0.000
      vertex 17.200 10.400 0.000
      vertex 18.000 10.400 0.000
    endloop
  endfacet
  facet normal 0 0 -1
    outer loop
      vertex 17.200 9.200 0.000
      vertex 18.000 10.400 0.000
      vertex 18.000 9.200 0.000
    endloop
  endfacet
  facet normal 0 0 1
    outer loop
      vertex 17.200 9.200 2.200
      vertex 18.000 9.200 2.200
      vertex 18.000 10.400 2.200
    endloop
  endfacet
  facet normal 0 0 1
    outer loop
      vertex 17.200 9.200 2.200
      vertex 18.000 10.400 2.200
      vertex 17.200 10.400 2.200
    endloop
  endfacet
endsolid rack:F13-08:+y
solid rack:F13-09:+y
  facet normal -1 0 0
    outer loop
      vertex 18.000 9.200 0.000
      vertex 18.000 9.200 2.200
      vertex 18.000 10.400 2.200
    endloop
  endfacet
  facet normal -1 0 0
    outer loop
      vertex 18.000 9.200 0.000
      vertex 18.000 10.400 2.200
      vertex 18.000 10.400 0.000
    endloop
  endfacet
  facet normal 1 0 0
    outer loop
      vertex 18.800 9.200 0.000
      vertex 18.800 10.400 0.000
      vertex 18.800 10.400 2.200
    endloop
  endfacet
  facet normal 1 0 0
    outer loop
      vertex 18.800 9.200 0.000
      vertex 18.800 10.400 2.200
      vertex 18.800 9.200 2.200
    endloop
  endfacet
  facet normal 0 -1 0
    outer loop
      vertex 18.000 9.200 0.000
      vertex 18.800 9.200 0.000
      vertex 18.800 9.200 2.200
    endloop
  endfacet
  facet normal 0 -1 0
    outer loop
      vertex 18.000 9.200 0.000
      vertex 18.800 9.200 2.200
      vertex 18.000 9.200 2.200
    endloop
  endfacet
  facet normal 0 1 0
    outer loop
      vertex 18.000 10.400 0.000
      vertex 18.000 10.400 2.200
      vertex 18.800 10.400 2.200
    endloop
  endfacet
  facet normal 0 1 0
    outer loop
      vertex 18.000 10.400 0.000
      vertex 18.800 10.400 2.200
      vertex 18.800 10.400 0.000
    endloop
  endfacet
  facet normal 0 0 -1
    outer loop
      vertex 18.000 9.200 0.000
      vertex 18.000 10.400 0.000
      vertex 18.800 10.400 0.000
    endloop
  endfacet
  facet normal 0 0 -1
    outer loop
      vertex 18.000 9.200 0.000
      vertex 18.800 10.400 0.000
      vertex 18.800 9.200 0.000
    endloop
  endfacet
  facet normal 0 0 1
    outer loop
      vertex 18.000 9.200 2.200
      vertex 18.800 9.200 2.200
      vertex 18.800 10.400 2.200
    endloop
  endfacet
  facet normal 0 0 1
    outer loop
      vertex 18.000 9.200 2.200
      vertex 18.800 10.400 2.200
      vertex 18.000 10.400 2.200
    endloop
  endfacet
endsolid rack:F13-09:+y
solid rack:F13-10:+y
  facet normal -1 0 0
    outer loop
      vertex 18.800 9.200 0.000
      vertex 18.800 9.200 2.200
      vertex 18.800 10.400 2.200
    endloop
  endfacet
  facet normal -1 0 0
    outer loop
      vertex 18.800 9.200 0.000
      vertex 18.800 10.400 2.200
      vertex 18.800 10.400 0.000
    endloop
  endfacet
  facet normal 1 0 0
    outer loop
      vertex 19.600 9.200 0.000
      vertex 19.600 10.400 0.000
      vertex 19.600 10.400 2.200
    endloop
  endfacet
  facet normal 1 0 0
    outer loop
      vertex 19.600 9.200 0.000
      vertex 19.600 10.400 2.200
      vertex 19.600 9.200 2.200
    endloop
  endfacet
  facet normal 0 -1 0
    outer loop
      vertex 18.800 9.200 0.000
      vertex 19.600 9.200 0.000
      vertex 19.600 9.200 2.200
    endloop
  endfacet
  facet normal 0 -1 0
    outer loop
      vertex 18.800 9.200 0.000
      vertex 19.600 9.200 2.200
      vertex 18.800 9.200 2.200
    endloop
  endfacet
  facet normal 0 1 0
    outer loop
      vertex 18.800 10.400 0.000
      vertex 18.800 10.400 2.200
      vertex 19.600 10.400 2.200
    endloop
  endfacet
  facet normal 0 1 0
    outer loop
      vertex 18.800 10.400 0.000
      vertex 19.600 10.400 2.200
      vertex 19.600 10.400 0.000
    endloop
  endfacet
  facet normal 0 0 -1
    outer loop
      vertex 18.800 9.200 0.000
      vertex 18.800 10.400 0.000
      vertex 19.600 10.400 0.000
    endloop
  endfacet
  facet normal 0 0 -1
    outer loop
      vertex 18.800 9.200 0.000
      vertex 19.600 10.400 0.000
      vertex 19.600 9.200 0.000
    endloop
  endfacet
  facet normal 0 0 1
    outer loop
      vertex 18.800 9.200 2.200
      vertex 19.600 9.200 2.200
      vertex 19.600 10.400 2.200
    endloop
  endfacet
  facet normal 0 0 1
    outer loop
      vertex 18.800 9.200 2.200
      vertex 19.600 10.400 2.200
      vertex 18.800 10.400 2.200
    endloop
  endfacet
endsolid rack:F13-10:+y
solid rack:F13-11:+y
  facet normal -1 0 0
    outer loop
      vertex 19.600 9.200 0.000
      vertex 19.600 9.200 2.200
      vertex 19.600 10.400 2.200
    endloop
  endfacet
  facet normal -1 0 0
    outer loop
      vertex 19.600 9.200 0.000
      vertex 19.600 10.400 2.200
      vertex 19.600 10.400 0.000
    endloop
  endfacet
  facet normal 1 0 0
    outer loop
      vertex 20.400 9.200 0.000
      vertex 20.400 10.400 0.000
      vertex 20.400 10.400 2.200
    endloop
  endfacet
  facet normal 1 0 0
    outer loop
      vertex 20.400 9.200 0.000
      vertex 20.400 10.400 2.200
      vertex 20.400 9.200 2.200
    endloop
  endfacet
  facet normal 0 -1 0
    outer loop
      vertex 19.600 9.200 0.000
      vertex 20.400 9.200 0.000
      vertex 20.400 9.200 2.200
    endloop
  endfacet
  facet normal 0 -1 0
    outer loop
      vertex 19.600 9.200 0.000
      vertex 20.400 9.200 2.200
      vertex 19.600 9.200 2.200
    endloop
  endfacet
  facet normal 0 1 0
    outer loop
      vertex 19.600 10.400 0.000
      vertex 19.600 10.400 2.200
      vertex 20.400 10.400 2.200
    endloop
  endfacet
  facet normal 0 1 0
    outer loop
      vertex 19.600 10.400 0.000
      vertex 20.400 10.400 2.200
      vertex 20.400 10.400 0.000
    endloop
  endfacet
  facet normal 0 0 -1
    outer loop
      vertex 19.600 9.200 0.000
      vertex 19.600 10.400 0.000
      vertex 20.400 10.400 0.000
    endloop
  endfacet
  facet normal 0 0 -1
    outer loop
      vertex 19.600 9.200 0.000
      vertex 20.400 10.400 0.000
      vertex 20.400 9.200 0.000
    endloop
  endfacet
  facet normal 0 0 1
    outer loop
      vertex 19.600 9.200 2.200
      vertex 20.400 9.200 2.200
      vertex 20.400 10.400 2.200
    endloop
  endfacet
  facet normal 0 0 1
    outer loop
      vertex 19.600 9.200 2.200
      vertex 20.400 10.400 2.200
      vertex 19.600 10.400 2.200
    endloop
  endfacet
endsolid rack:F13-11:+y
solid rack:F13-12:+y
  facet normal -1 0 0
    outer loop
      vertex 21.400 9.200 0.000
      vertex 21.400 9.200 2.200
      vertex 21.400 10.400 2.200
    endloop
  endfacet
  facet normal -1 0 0
    outer loop
      vertex 21.400 9.200 0.000
      vertex 21.400 10.400 2.200
      vertex 21.400 10.400 0.000
    endloop
  endfacet
  facet normal 1 0 0
    outer loop
      vertex 22.200 9.200 0.000
      vertex 22.200 10.400 0.000
      vertex 22.200 10.400 2.200
    endloop
  endfacet
  facet normal 1 0 0
    outer loop
      vertex 22.200 9.200 0.000
      vertex 22.200 10.400 2.200
      vertex 22.200 9.200 2.200
    endloop
  endfacet
  facet normal 0 -1 0
    outer loop
      vertex 21.400 9.200 0.000
      vertex 22.200 9.200 0.000
      vertex 22.200 9.200 2.200
    endloop
  endfacet
  facet normal 0 -1 0
    outer loop
      vertex 21.400 9.200 0.000
      vertex 22.200 9.200 2.200
      vertex 21.400 9.200 2.200
    endloop
  endfacet
  facet normal 0 1 0
    outer loop
      vertex 21.400 10.400 0.000
      vertex 21.400 10.400 2.200
      vertex 22.200 10.400 2.200
    endloop
  endfacet
  facet normal 0 1 0
    outer loop
      vertex 21.400 10.400 0.000
      vertex 22.200 10.400 2.200
      vertex 22.200 10.400 0.000
    endloop
  endfacet
  facet normal 0 0 -1
    outer loop
      vertex 21.400 9.200 0.000
      vertex 21.400 10.400 0.000
      vertex 22.200 10.400 0.000
    endloop
  endfacet
  facet normal 0 0 -1
    outer loop
      vertex 21.400 9.200 0.000
      vertex 22.200 10.400 0.000
      vertex 22.200 9.200 0.000
    endloop
  endfacet
  facet normal 0 0 1
    outer loop
      vertex 21.400 9.200 2.200
      vertex 22.200 9.200 2.200
      vertex 22.200 10.400 2.200
    endloop
  endfacet
  facet normal 0 0 1
    outer loop
      vertex 21.400 9.200 2.200
      vertex 22.200 10.400 2.200
      vertex 21.400 10.400 2.200
    endloop
  endfacet
endsolid rack:F13-12:+y
solid rack:F13-13:+y
  facet normal -1 0 0
    outer loop
      vertex 22.200 9.200 0.000
      vertex 22.200 9.200 2.200
      vertex 22.200 10.400 2.200
    endloop
  endfacet
  facet normal -1 0 0
    outer loop
      vertex 22.200 9.200 0.000
      vertex 22.200 10.400 2.200
      vertex 22.200 10.400 0.000
    endloop
  endfacet
  facet normal 1 0 0
    outer loop
      vertex 23.000 9.200 0.000
      vertex 23.000 10.400 0.000
      vertex 23.000 10.400 2.200
    endloop
  endfacet
  facet normal 1 0 0
    outer loop
      vertex 23.000 9.200 0.000
      vertex 23.000 10.400 2.200
      vertex 23.000 9.200 2.200
    endloop
  endfacet
  facet normal 0 -1 0
    outer loop
      vertex 22.200 9.200 0.000
      vertex 23.000 9.200 0.000
      vertex 23.000 9.200 2.200
    endloop
  endfacet
  facet normal 0 -1 0
    outer loop
      vertex 22.200 9.200 0.000
      vertex 23.000 9.200 2.200
      vertex 22.200 9.200 2.200
    endloop
  endfacet
  facet normal 0 1 0
    outer loop
      vertex 22.200 10.400 0.000
      vertex 22.200 10.400 2.200
      vertex 23.000 10.400 2.200
    endloop
  endfacet
  facet normal 0 1 0
    outer loop
      vertex 22.200 10.400 0.000
      vertex 23.000 10.400 2.200
      vertex 23.000 10.400 0.000
    endloop
  endfacet
  facet normal 0 0 -1
    outer loop
      vertex 22.200 9.200 0.000
      vertex 22.200 10.400 0.000
      vertex 23.000 10.400 0.000
    endloop
  endfacet
  facet normal 0 0 -1
    outer loop
      vertex 22.200 9.200 0.000
      vertex 23.000 10.400 0.000
      vertex 23.000 9.200 0.000
    endloop
  endfacet
  facet normal 0 0 1
    outer loop
      vertex 22.200 9.200 2.200
      vertex 23.000 9.200 2.200
      vertex 23.000 10.400 2.200
    endloop
  endfacet
  facet normal 0 0 1
    outer loop
      vertex 22.200 9.200 2.200
      vertex 23.000 10.400 2.200
      vertex 22.200 10.400 2.200
    endloop
  endfacet
endsolid rack:F13-13:+y
solid rack:F14-01:+y
  facet normal -1 0 0
    outer loop
      vertex 26.600 9.200 0.000
      vertex 26.600 9.200 2.200
      vertex 26.600 10.400 2.200
    endloop
  endfacet
  facet normal -1 0 0
    outer loop
      vertex 26.600 9.200 0.000
      vertex 26.600 10.400 2.200
      vertex 26.600 10.400 0.000
    endloop
  endfacet
  facet normal 1 0 0
    outer loop
      vertex 27.400 9.200 0.000
      vertex 27.400 10.400 0.000
      vertex 27.400 10.400 2.200
    endloop
  endfacet
  facet normal 1 0 0
    outer loop
      vertex 27.400 9.200 0.000
      vertex 27.400 10.400 2.200
      vertex 27.400 9.200 2.200
    endloop
  endfacet
  facet normal 0 -1 0
    outer loop
      vertex 26.600 9.200 0.000
      vertex 27.400 9.200 0.000
      vertex 27.400 9.200 2.200
    endloop
  endfacet
  facet normal 0 -1 0
    outer loop
      vertex 26.600 9.200 0.000
      vertex 27.400 9.200 2.200
      vertex 26.600 9.200 2.200
    endloop
  endfacet
  facet normal 0 1 0
    outer loop
      vertex 26.600 10.400 0.000
      vertex 26.600 10.400 2.200
      vertex 27.400 10.400 2.200
    endloop
  endfacet
  facet normal 0 1 0
    outer loop
      vertex 26.600 10.400 0.000
      vertex 27.400 10.400 2.200
      vertex 27.400 10.400 0.000
    endloop
  endfacet
  facet normal 0 0 -1
    outer loop
      vertex 26.600 9.200 0.000
      vertex 26.600 10.400 0.000
      vertex 27.400 10.400 0.000
    endloop
  endfacet
  facet normal 0 0 -1
    outer loop
      vertex 26.600 9.200 0.000
      vertex 27.400 10.400 0.000
      vertex 27.400 9.200 0.000
    endloop
  endfacet
  facet normal 0 0 1
    outer loop
      vertex 26.600 9.200 2.200
      vertex 27.400 9.200 2.200
      vertex 27.400 10.400 2.200
    endloop
  endfacet
  facet normal 0 0 1
    outer loop
      vertex 26.600 9.200 2.200
      vertex 27.400 10.400 2.200
      vertex 26.600 10.400 2.200
    endloop
  endfacet
endsolid rack:F14-01:+y
solid rack:F14-02:+y
  facet normal -1 0 0
    outer loop
      vertex 27.600 9.200 0.000
      vertex 27.600 9.200 2.200
      vertex 27.600 10.400 2.200
    endloop
  endfacet
  facet normal -1 0 0
    outer loop
      vertex 27.600 9.200 0.000
      vertex 27.600 10.400 2.200
      vertex 27.600 10.400 0.000
    endloop
  endfacet
  facet normal 1 0 0
    outer loop
      vertex 28.400 9.200 0.000
      vertex 28.400 10.400 0.000
      vertex 28.400 10.400 2.200
    endloop
  endfacet
  facet normal 1 0 0
    outer loop
      vertex 28.400 9.200 0.000
      vertex 28.400 10.400 2.200
      vertex 28.400 9.200 2.200
    endloop
  endfacet
  facet normal 0 -1 0
    outer loop
      vertex 27.600 9.200 0.000
      vertex 28.400 9.200 0.000
      vertex 28.400 9.200 2.200
    endloop
  endfacet
  facet normal 0 -1 0
    outer loop
      vertex 27.600 9.200 0.000
      vertex 28.400 9.200 2.200
      vertex 27.600 9.200 2.200
    endloop
  endfacet
  facet normal 0 1 0
    outer loop
      vertex 27.600 10.400 0.000
      vertex 27.600 10.400 2.200
      vertex 28.400 10.400 2.200
    endloop
  endfacet
  facet normal 0 1 0
    outer loop
      vertex 27.600 10.400 0.000
      vertex 28.400 10.400 2.200
      vertex 28.400 10.400 0.000
    endloop
  endfacet
  facet normal 0 0 -1
    outer loop
      vertex 27.600 9.200 0.000
      vertex 27.600 10.400 0.000
      vertex 28.400 10.400 0.000
    endloop
  endfacet
  facet normal 0 0 -1
    outer loop
      vertex 27.600 9.200 0.000
      vertex 28.400 10.400 0.000
      vertex 28.400 9.200 0.000
    endloop
  endfacet
  facet normal 0 0 1
    outer loop
      vertex 27.600 9.200 2.200
      vertex 28.400 9.200 2.200
      vertex 28.400 10.400 2.200
    endloop
  endfacet
  facet normal 0 0 1
    outer loop
      vertex 27.600 9.200 2.200
      vertex 28.400 10.400 2.200
      vertex 27.600 10.400 2.200
    endloop
  endfacet
endsolid rack:F14-02:+y
solid rack:F14-03:+y
  facet normal -1 0 0
    outer loop
      vertex 28.400 9.200 0.000
      vertex 28.400 9.200 2.200
      vertex 28.400 10.400 2.200
    endloop
  endfacet
  facet normal -1 0 0
    outer loop
      vertex 28.400 9.200 0.000
      vertex 28.400 10.400 2.200
      vertex 28.400 10.400 0.000
    endloop
  endfacet
  facet normal 1 0 0
    outer loop
      vertex 29.200 9.200 0.000
      vertex 29.200 10.400 0.000
      vertex 29.200 10.400 2.200
    endloop
  endfacet
  facet normal 1 0 0
    outer loop
      vertex 29.200 9.200 0.000
      vertex 29.200 10.400 2.200
      vertex 29.200 9.200 2.200
    endloop
  endfacet
  facet normal 0 -1 0
    outer loop
      vertex 28.400 9.200 0.000
      vertex 29.200 9.200 0.000
      vertex 29.200 9.200 2.200
    endloop
  endfacet
  facet normal 0 -1 0
    outer loop
      vertex 28.400 9.200 0.000
      vertex 29.200 9.200 2.200
      vertex 28.400 9.200 2.200
    endloop
  endfacet
  facet normal 0 1 0
    outer loop
      vertex 28.400 10.400 0.000
      vertex 28.400 10.400 2.200
      vertex 29.200 10.400 2.200
    endloop
  endfacet
  facet normal 0 1 0
    outer loop
      vertex 28.400 10.400 0.000
      vertex 29.200 10.400 2.200
      vertex 29.200 10.400 0.000
    endloop
  endfacet
  facet normal 0 0 -1
    outer loop
      vertex 28.400 9.200 0.000
      vertex 28.400 10.400 0.000
      vertex 29.200 10.400 0.000
    endloop
  endfacet
  facet normal 0 0 -1
    outer loop
      vertex 28.400 9.200 0.000
      vertex 29.200 10.400 0.000
      vertex 29.200 9.200 0.000
    endloop
  endfacet
  facet normal 0 0 1
    outer loop
      vertex 28.400 9.200 2.200
      vertex 29.200 9.200 2.200
      vertex 29.200 10.400 2.200
    endloop
  endfacet
  facet normal 0 0 1
    outer loop
      vertex 28.400 9.200 2.200
      vertex 29.200 10.400 2.200
      vertex 28.400 10.400 2.200
    endloop
  endfacet
endsolid rack:F14-03:+y
solid rack:F14-04:+y
  facet normal -1 0 0
    outer loop
      vertex 29.200 9.200 0.000
      vertex 29.200 9.200 2.200
      vertex 29.200 10.400 2.200
    endloop
  endfacet
  facet normal -1 0 0
    outer loop
      vertex 29.200 9.200 0.000
      vertex 29.200 10.400 2.200
      vertex 29.200 10.400 0.000
    endloop
  endfacet
  facet normal 1 0 0
    outer loop
      vertex 30.000 9.200 0.000
      vertex 30.000 10.400 0.000
      vertex 30.000 10.400 2.200
    endloop
  endfacet
  facet normal 1 0 0
    outer loop
      vertex 30.000 9.200 0.000
      vertex 30.000 10.400 2.200
      vertex 30.000 9.200 2.200
    endloop
  endfacet
  facet normal 0 -1 0
    outer loop
      vertex 29.200 9.200 0.000
      vertex 30.000 9.200 0.000
      vertex 30.000 9.200 2.200
    endloop
  endfacet
  facet normal 0 -1 0
    outer loop
      vertex 29.200 9.200 0.000
      vertex 30.000 9.200 2.200
      vertex 29.200 9.200 2.200
    endloop
  endfacet
  facet normal 0 1 0
    outer loop
      vertex 29.200 10.400 0.000
      vertex 29.200 10.400 2.200
      vertex 30.000 10.400 2.200
    endloop
  endfacet
  facet normal 0 1 0
    outer loop
      vertex 29.200 10.400 0.000
      vertex 30.000 10.400 2.200
      vertex 30.000 10.400 0.000
    endloop
  endfacet
  facet normal 0 0 -1
    outer loop
      vertex 29.200 9.200 0.000
      vertex 29.200 10.400 0.000
      vertex 30.000 10.400 0.000
    endloop
  endfacet
  facet normal 0 0 -1
    outer loop
      vertex 29.200 9.200 0.000
      vertex 30.000 10.400 0.000
      vertex 30.000 9.200 0.000
    endloop
  endfacet
  facet normal 0 0 1
    outer loop
      vertex 29.200 9.200 2.200
      vertex 30.000 9.200 2.200
      vertex 30.000 10.400 2.200
    endloop
  endfacet
  facet normal 0 0 1
    outer loop
      vertex 29.200 9.200 2.200
      vertex 30.000 10.400 2.200
      vertex 29.200 10.400 2.200
    endloop
  endfacet
endsolid rack:F14-04:+y
solid rack:F14-05:+y
  facet normal -1 0 0
    outer loop
      vertex 30.200 9.200 0.000
      vertex 30.200 9.200 2.200
      vertex 30.200 10.400 2.200
    endloop
  endfacet
  facet normal -1 0 0
    outer loop
      vertex 30.200 9.200 0.000
      vertex 30.200 10.400 2.200
      vertex 30.200 10.400 0.000
    endloop
  endfacet
  facet normal 1 0 0
    outer loop
      vertex 30.800 9.200 0.000
      vertex 30.800 10.400 0.000
      vertex 30.800 10.400 2.200
    endloop
  endfacet
  facet normal 1 0 0
    outer loop
      vertex 30.800 9.200 0.000
      vertex 30.800 10.400 2.200
      vertex 30.800 9.200 2.200
    endloop
  endfacet
  facet normal 0 -1 0
    outer loop
      vertex 30.200 9.200 0.000
      vertex 30.800 9.200 0.000
      vertex 30.800 9.200 2.200
    endloop
  endfacet
  facet normal 0 -1 0
    outer loop
      vertex 30.200 9.200 0.000
      vertex 30.800 9.200 2.200
      vertex 30.200 9.200 2.200
    endloop
  endfacet
  facet normal 0 1 0
    outer loop
      vertex 30.200 10.400 0.000
      vertex 30.200 10.400 2.200
      vertex 30.800 10.400 2.200
    endloop
  endfacet
  facet normal 0 1 0
    outer loop
      vertex 30.200 10.400 0.000
      vertex 30.800 10.400 2.200
      vertex 30.800 10.400 0.000
    endloop
  endfacet
  facet normal 0 0 -1
    outer loop
      vertex 30.200 9.200 0.000
      vertex 30.200 10.400 0.000
      vertex 30.800 10.400 0.000
    endloop
  endfacet
  facet normal 0 0 -1
    outer loop
      vertex 30.200 9.200 0.000
      vertex 30.800 10.400 0.000
      vertex 30.800 9.200 0.000
    endloop
  endfacet
  facet normal 0 0 1
    outer loop
      vertex 30.200 9.200 2.200
      vertex 30.800 9.200 2.200
      vertex 30.800 10.400 2.200
    endloop
  endfacet
  facet normal 0 0 1
    outer loop
      vertex 30.200 9.200 2.200
      vertex 30.800 10.400 2.200
      vertex 30.200 10.400 2.200
    endloop
  endfacet
endsolid rack:F14-05:+y
solid rack:F14-06:+y
  facet normal -1 0 0
    outer loop
      vertex 30.800 9.200 0.000
      vertex 30.800 9.200 2.200
      vertex 30.800 10.400 2.200
    endloop
  endfacet
  facet normal -1 0 0
    outer loop
      vertex 30.800 9.200 0.000
      vertex 30.800 10.400 2.200
      vertex 30.800 10.400 0.000
    endloop
  endfacet
  facet normal 1 0 0
    outer loop
      vertex 31.600 9.200 0.000
      vertex 31.600 10.400 0.000
      vertex 31.600 10.400 2.200
    endloop
  endfacet
  facet normal 1 0 0
    outer loop
      vertex 31.600 9.200 0.000
      vertex 31.600 10.400 2.200
      vertex 31.600 9.200 2.200
    endloop
  endfacet
  facet normal 0 -1 0
    outer loop
      vertex 30.800 9.200 0.000
      vertex 31.600 9.200 0.000
      vertex 31.600 9.200 2.200
    endloop
  endfacet
  facet normal 0 -1 0
    outer loop
      vertex 30.800 9.200 0.000
      vertex 31.600 9.200 2.200
      vertex 30.800 9.200 2.200
    endloop
  endfacet
  facet normal 0 1 0
    outer loop
      vertex 30.800 10.400 0.000
      vertex 30.800 10.400 2.200
      vertex 31.600 10.400 2.200
    endloop
  endfacet
  facet normal 0 1 0
    outer loop
      vertex 30.800 10.400 0.000
      vertex 31.600 10.400 2.200
      vertex 31.600 10.400 0.000
    endloop
  endfacet
  facet normal 0 0 -1
    outer loop
      vertex 30.800 9.200 0.000
      vertex 30.800 10.400 0.000
      vertex 31.600 10.400 0.000
    endloop
  endfacet
  facet normal 0 0 -1
    outer loop
      vertex 30.800 9.200 0.000
      vertex 31.600 10.400 0.000
      vertex 31.600 9.200 0.000
    endloop
  endfacet
  facet normal 0 0 1
    outer loop
      vertex 30.800 9.200 2.200
      vertex 31.600 9.200 2.200
      vertex 31.600 10.400 2.200
    endloop
  endfacet
  facet normal 0 0 1
    outer loop
      vertex 30.800 9.200 2.200
      vertex 31.600 10.400 2.200
      vertex 30.800 10.400 2.200
    endloop
  endfacet
endsolid rack:F14-06:+y
solid rack:F14-07:+y
  facet normal -1 0 0
    outer loop
      vertex 31.600 9.200 0.000
      vertex 31.600 9.200 2.200
      vertex 31.600 10.400 2.200
    endloop
  endfacet
  facet normal -1 0 0
    outer loop
      vertex 31.600 9.200 0.000
      vertex 31.600 10.400 2.200
      vertex 31.600 10.400 0.000
    endloop
  endfacet
  facet normal 1 0 0
    outer loop
      vertex 32.400 9.200 0.000
      vertex 32.400 10.400 0.000
      vertex 32.400 10.400 2.200
    endloop
  endfacet
  facet normal 1 0 0
    outer loop
      vertex 32.400 9.200 0.000
      vertex 32.400 10.400 2.200
      vertex 32.400 9.200 2.200
    endloop
  endfacet
  facet normal 0 -1 0
    outer loop
      vertex 31.600 9.200 0.000
      vertex 32.400 9.200 0.000
      vertex 32.400 9.200 2.200
    endloop
  endfacet
  facet normal 0 -1 0
    outer loop
      vertex 31.600 9.200 0.000
      vertex 32.400 9.200 2.200
      vertex 31.600 9.200 2.200
    endloop
  endfacet
  facet normal 0 1 0
    outer loop
      vertex 31.600 10.400 0.000
      vertex 31.600 10.400 2.200
      vertex 32.400 10.400 2.200
    endloop
  endfacet
  facet normal 0 1 0
    outer loop
      vertex 31.600 10.400 0.000
      vertex 32.400 10.400 2.200
      vertex 32.400 10.400 0.000
    endloop
  endfacet
  facet normal 0 0 -1
    outer loop
      vertex 31.600 9.200 0.000
      vertex 31.600 10.400 0.000
      vertex 32.400 10.400 0.000
    endloop
  endfacet
  facet normal 0 0 -1
    outer loop
      vertex 31.600 9.200 0.000
      vertex 32.400 10.400 0.000
      vertex 32.400 9.200 0.000
    endloop
  endfacet
  facet normal 0 0 1
    outer loop
      vertex 31.600 9.200 2.200
      vertex 32.400 9.200 2.200
      vertex 32.400 10.400 2.200
    endloop
  endfacet
  facet normal 0 0 1
    outer loop
      vertex 31.600 9.200 2.200
      vertex 32.400 10.400 2.200
      vertex 31.600 10.400 2.200
    endloop
  endfacet
endsolid rack:F14-07:+y
solid rack:F14-08:+y
  facet normal -1 0 0
    outer loop
      vertex 33.200 9.200 0.000
      vertex 33.200 9.200 2.200
      vertex 33.200 10.400 2.200
    endloop
  endfacet
  facet normal -1 0 0
    outer loop
      vertex 33.200 9.200 0.000
      vertex 33.200 10.400 2.200
      vertex 33.200 10.400 0.000
    endloop
  endfacet
  facet normal 1 0 0
    outer loop
      vertex 33.800 9.200 0.000
      vertex 33.800 10.400 0.000
      vertex 33.800 10.400 2.200
    endloop
  endfacet
  facet normal 1 0 0
    outer loop
      vertex 33.800 9.200 0.000
      vertex 33.800 10.400 2.200
      vertex 33.800 9.200 2.200
    endloop
  endfacet
  facet normal 0 -1 0
    outer loop
      vertex 33.200 9.200 0.000
      vertex 33.800 9.200 0.000
      vertex 33.800 9.200 2.200
    endloop
  endfacet
  facet normal 0 -1 0
    outer loop
      vertex 33.200 9.200 0.000
      vertex 33.800 9.200 2.200
      vertex 33.200 9.200 2.200
    endloop
  endfacet
  facet normal 0 1 0
    outer loop
      vertex 33.200 10.400 0.000
      vertex 33.200 10.400 2.200
      vertex 33.800 10.400 2.200
    endloop
  endfacet
  facet normal 0 1 0
    outer loop
      vertex 33.200 10.400 0.000
      vertex 33.800 10.400 2.200
      vertex 33.800 10.400 0.000
    endloop
  endfacet
  facet normal 0 0 -1
    outer loop
      vertex 33.200 9.200 0.000
      vertex 33.200 10.400 0.000
      vertex 33.800 10.400 0.000
    endloop
  endfacet
  facet normal 0 0 -1
    outer loop
      vertex 33.200 9.200 0.000
      vertex 33.800 10.400 0.000
      vertex 33.800 9.200 0.000
    endloop
  endfacet
  facet normal 0 0 1
    outer loop
      vertex 33.200 9.200 2.200
      vertex 33.800 9.200 2.200
      vertex 33.800 10.400 2.200
    endloop
  endfacet
  facet normal 0 0 1
    outer loop
      vertex 33.200 9.200 2.200
      vertex 33.800 10.400 2.200
      vertex 33.200 10.400 2.200
    endloop
  endfacet
endsolid rack:F14-08:+y
solid rack:F14-09:+y
  facet normal -1 0 0
    outer loop
      vertex 33.800 9.200 0.000
      vertex 33.800 9.200 2.200
      vertex 33.800 10.400 2.200
    endloop
  endfacet
  facet normal -1 0 0
    outer loop
      vertex 33.800 9.200 0.000
      vertex 33.800 10.400 2.200
      vertex 33.800 10.400 0.000
    endloop
  endfacet
  facet normal 1 0 0
    outer loop
      vertex 34.400 9.200 0.000
      vertex 34.400 10.400 0.000
      vertex 34.400 10.400 2.200
    endloop
  endfacet
  facet normal 1 0 0
    outer loop
      vertex 34.400 9.200 0.000
      vertex 34.400 10.400 2.200
      vertex 34.400 9.200 2.200
    endloop
  endfacet
  facet normal 0 -1 0
    outer loop
      vertex 33.800 9.200 0.000
      vertex 34.400 9.200 0.000
      vertex 34.400 9.200 2.200
    endloop
  endfacet
  facet normal 0 -1 0
    outer loop
      vertex 33.800 9.200 0.000
      vertex 34.400 9.200 2.200
      vertex 33.800 9.200 2.200
    endloop
  endfacet
  facet normal 0 1 0
    outer loop
      vertex 33.800 10.400 0.000
      vertex 33.800 10.400 2.200
      vertex 34.400 10.400 2.200
    endloop
  endfacet
  facet normal 0 1 0
    outer loop
      vertex 33.800 10.400 0.000
      vertex 34.400 10.400 2.200
      vertex 34.400 10.400 0.000
    endloop
  endfacet
  facet normal 0 0 -1
    outer loop
      vertex 33.800 9.200 0.000
      vertex 33.800 10.400 0.000
      vertex 34.400 10.400 0.000
    endloop
  endfacet
  facet normal 0 0 -1
    outer loop
      vertex 33.800 9.200 0.000
      vertex 34.400 10.400 0.000
      vertex 34.400 9.200 0.000
    endloop
  endfacet
  facet normal 0 0 1
    outer loop
      vertex 33.800 9.200 2.200
      vertex 34.400 9.200 2.200
      vertex 34.400 10.400 2.200
    endloop
  endfacet
  facet normal 0 0 1
    outer loop
      vertex 33.800 9.200 2.200
      vertex 34.400 10.400 2.200
      vertex 33.800 10.400 2.200
    endloop
  endfacet
endsolid rack:F14-09:+y
solid rack:F14-10:+y
  facet normal -1 0 0
    outer loop
      vertex 34.400 9.200 0.000
      vertex 34.400 9.200 2.200
      vertex 34.400 10.400 2.200
    endloop
  endfacet
  facet normal -1 0 0
    outer loop
      vertex 34.400 9.200 0.000
      vertex 34.400 10.400 2.200
      vertex 34.400 10.400 0.000
    endloop
  endfacet
  facet normal 1 0 0
    outer loop
      vertex 35.000 9.200 0.000
      vertex 35.000 10.400 0.000
      vertex 35.000 10.400 2.200
    endloop
  endfacet
  facet normal 1 0 0
    outer loop
      vertex 35.000 9.200 0.000
      vertex 35.000 10.400 2.200
      vertex 35.000 9.200 2.200
    endloop
  endfacet
  facet normal 0 -1 0
    outer loop
      vertex 34.400 9.200 0.000
      vertex 35.000 9.200 0.000
      vertex 35.000 9.200 2.200
    endloop
  endfacet
  facet normal 0 -1 0
    outer loop
      vertex 34.400 9.200 0.000
      vertex 35.000 9.200 2.200
      vertex 34.400 9.200 2.200
    endloop
  endfacet
  facet normal 0 1 0
    outer loop
      vertex 34.400 10.400 0.000
      vertex 34.400 10.400 2.200
      vertex 35.000 10.400 2.200
    endloop
  endfacet
  facet normal 0 1 0
    outer loop
      vertex 34.400 10.400 0.000
      vertex 35.000 10.400 2.200
      vertex 35.000 10.400 0.000
    endloop
  endfacet
  facet normal 0 0 -1
    outer loop
      vertex 34.400 9.200 0.000
      vertex 34.400 10.400 0.000
      vertex 35.000 10.400 0.000
    endloop
  endfacet
  facet normal 0 0 -1
    outer loop
      vertex 34.400 9.200 0.000
      vertex 35.000 10.400 0.000
      vertex 35.000 9.200 0.000
    endloop
  endfacet
  facet normal 0 0 1
    outer loop
      vertex 34.400 9.200 2.200
      vertex 35.000 9.200 2.200
      vertex 35.000 10.400 2.200
    endloop
  endfacet
  facet normal 0 0 1
    outer loop
      vertex 34.400 9.200 2.200
      vertex 35.000 10.400 2.200
      vertex 34.400 10.400 2.200
    endloop
  endfacet
endsolid rack:F14-10:+y
solid rack:F14-11:+y
  facet normal -1 0 0
    outer loop
      vertex 35.200 9.200 0.000
      vertex 35.200 9.200 2.200
      vertex 35.200 10.400 2.200
    endloop
  endfacet
  facet normal -1 0 0
    outer loop
      vertex 35.200 9.200 0.000
      vertex 35.200 10.400 2.200
      vertex 35.200 10.400 0.000
    endloop
  endfacet
  facet normal 1 0 0
    outer loop
      vertex 35.800 9.200 0.000
      vertex 35.800 10.400 0.000
      vertex 35.800 10.400 2.200
    endloop
  endfacet
  facet normal 1 0 0
    outer loop
      vertex 35.800 9.200 0.000
      vertex 35.800 10.400 2.200
      vertex 35.800 9.200 2.200
    endloop
  endfacet
  facet normal 0 -1 0
    outer loop
      vertex 35.200 9.200 0.000
      vertex 35.800 9.200 0.000
      vertex 35.800 9.200 2.200
    endloop
  endfacet
  facet normal 0 -1 0
    outer loop
      vertex 35.200 9.200 0.000
      vertex 35.800 9.200 2.200
      vertex 35.200 9.200 2.200
    endloop
  endfacet
  facet normal 0 1 0
    outer loop
      vertex 35.200 10.400 0.000
      vertex 35.200 10.400 2.200
      vertex 35.800 10.400 2.200
    endloop
  endfacet
  facet normal 0 1 0
    outer loop
      vertex 35.200 10.400 0.000
      vertex 35.800 10.400 2.200
      vertex 35.800 10.400 0.000
    endloop
  endfacet
  facet normal 0 0 -1
    outer loop
      vertex 35.200 9.200 0.000
      vertex 35.200 10.400 0.000
      vertex 35.800 10.400 0.000
    endloop
  endfacet
  facet normal 0 0 -1
    outer loop
      vertex 35.200 9.200 0.000
      vertex 35.800 10.400 0.000
      vertex 35.800 9.200 0.000
    endloop
  endfacet
  facet normal 0 0 1
    outer loop
      vertex 35.200 9.200 2.200
      vertex 35.800 9.200 2.200
      vertex 35.800 10.400 2.200
    endloop
  endfacet
  facet normal 0 0 1
    outer loop
      vertex 35.200 9.200 2.200
      vertex 35.800 10.400 2.200
      vertex 35.200 10.400 2.200
    endloop
  endfacet
endsolid rack:F14-11:+y
solid rack:F14-12:+y
  facet normal -1 0 0
    outer loop
      vertex 35.800 9.200 0.000
      vertex 35.800 9.200 2.200
      vertex 35.800 10.400 2.200
    endloop
  endfacet
  facet normal -1 0 0
    outer loop
      vertex 35.800 9.200 0.000
      vertex 35.800 10.400 2.200
      vertex 35.800 10.400 0.000
    endloop
  endfacet
  facet normal 1 0 0
    outer loop
      vertex 36.400 9.200 0.000
      vertex 36.400 10.400 0.000
      vertex 36.400 10.400 2.200
    endloop
  endfacet
  facet normal 1 0 0
    outer loop
      vertex 36.400 9.200 0.000
      vertex 36.400 10.400 2.200
      vertex 36.400 9.200 2.200
    endloop
  endfacet
  facet normal 0 -1 0
    outer loop
      vertex 35.800 9.200 0.000
      vertex 36.400 9.200 0.000
      vertex 36.400 9.200 2.200
    endloop
  endfacet
  facet normal 0 -1 0
    outer loop
      vertex 35.800 9.200 0.000
      vertex 36.400 9.200 2.200
      vertex 35.800 9.200 2.200
    endloop
  endfacet
  facet normal 0 1 0
    outer loop
      vertex 35.800 10.400 0.000
      vertex 35.800 10.400 2.200
      vertex 36.400 10.400 2.200
    endloop
  endfacet
  facet normal 0 1 0
    outer loop
      vertex 35.800 10.400 0.000
      vertex 36.400 10.400 2.200
      vertex 36.400 10.400 0.000
    endloop
  endfacet
  facet normal 0 0 -1
    outer loop
      vertex 35.800 9.200 0.000
      vertex 35.800 10.400 0.000
      vertex 36.400 10.400 0.000
    endloop
  endfacet
  facet normal 0 0 -1
    outer loop
      vertex 35.800 9.200 0.000
      vertex 36.400 10.400 0.000
      vertex 36.400 9.200 0.000
    endloop
  endfacet
  facet normal 0 0 1
    outer loop
      vertex 35.800 9.200 2.200
      vertex 36.400 9.200 2.200
      vertex 36.400 10.400 2.200
    endloop
  endfacet
  facet normal 0 0 1
    outer loop
      vertex 35.800 9.200 2.200
      vertex 36.400 10.400 2.200
      vertex 35.800 10.400 2.200
    endloop
  endfacet
endsolid rack:F14-12:+y
solid rack:F14-13:+y
  facet normal -1 0 0
    outer loop
      vertex 36.400 9.200 0.000
      vertex 36.400 9.200 2.200
      vertex 36.400 10.400 2.200
    endloop
  endfacet
  facet normal -1 0 0
    outer loop
      vertex 36.400 9.200 0.000
      vertex 36.400 10.400 2.200
      vertex 36.400 10.400 0.000
    endloop
  endfacet
  facet normal 1 0 0
    outer loop
      vertex 37.000 9.200 0.000
      vertex 37.000 10.400 0.000
      vertex 37.000 10.400 2.200
    endloop
  endfacet
  facet normal 1 0 0
    outer loop
      vertex 37.000 9.200 0.000
      vertex 37.000 10.400 2.200
      vertex 37.000 9.200 2.200
    endloop
  endfacet
  facet normal 0 -1 0
    outer loop
      vertex 36.400 9.200 0.000
      vertex 37.000 9.200 0.000
      vertex 37.000 9.200 2.200
    endloop
  endfacet
  facet normal 0 -1 0
    outer loop
      vertex 36.400 9.200 0.000
      vertex 37.000 9.200 2.200
      vertex 36.400 9.200 2.200
    endloop
  endfacet
  facet normal 0 1 0
    outer loop
      vertex 36.400 10.400 0.000
      vertex 36.400 10.400 2.200
      vertex 37.000 10.400 2.200
    endloop
  endfacet
  facet normal 0 1 0
    outer loop
      vertex 36.400 10.400 0.000
      vertex 37.000 10.400 2.200
      vertex 37.000 10.400 0.000
    endloop
  endfacet
  facet normal 0 0 -1
    outer loop
      vertex 36.400 9.200 0.000
      vertex 36.400 10.400 0.000
      vertex 37.000 10.400 0.000
    endloop
  endfacet
  facet normal 0 0 -1
    outer loop
      vertex 36.400 9.200 0.000
      vertex 37.000 10.400 0.000
      vertex 37.000 9.200 0.000
    endloop
  endfacet
  facet normal 0 0 1
    outer loop
      vertex 36.400 9.200 2.200
      vertex 37.000 9.200 2.200
      vertex 37.000 10.400 2.200
    endloop
  endfacet
  facet normal 0 0 1
    outer loop
      vertex 36.400 9.200 2.200
      vertex 37.000 10.400 2.200
      vertex 36.400 10.400 2.200
    endloop
  endfacet
endsolid rack:F14-13:+y
solid rack:F14-14:+y
  facet normal -1 0 0
    outer loop
      vertex 37.000 9.200 0.000
      vertex 37.000 9.200 2.200
      vertex 37.000 10.400 2.200
    endloop
  endfacet
  facet normal -1 0 0
    outer loop
      vertex 37.000 9.200 0.000
      vertex 37.000 10.400 2.200
      vertex 37.000 10.400 0.000
    endloop
  endfacet
  facet normal 1 0 0
    outer loop
      vertex 37.600 9.200 0.000
      vertex 37.600 10.400 0.000
      vertex 37.600 10.400 2.200
    endloop
  endfacet
  facet normal 1 0 0
    outer loop
      vertex 37.600 9.200 0.000
      vertex 37.600 10.400 2.200
      vertex 37.600 9.200 2.200
    endloop
  endfacet
  facet normal 0 -1 0
    outer loop
      vertex 37.000 9.200 0.000
      vertex 37.600 9.200 0.000
      vertex 37.600 9.200 2.200
    endloop
  endfacet
  facet normal 0 -1 0
    outer loop
      vertex 37.000 9.200 0.000
      vertex 37.600 9.200 2.200
      vertex 37.000 9.200 2.200
    endloop
  endfacet
  facet normal 0 1 0
    outer loop
      vertex 37.000 10.400 0.000
      vertex 37.000 10.400 2.200
      vertex 37.600 10.400 2.200
    endloop
  endfacet
  facet normal 0 1 0
    outer loop
      vertex 37.000 10.400 0.000
      vertex 37.600 10.400 2.200
      vertex 37.600 10.400 0.000
    endloop
  endfacet
  facet normal 0 0 -1
    outer loop
      vertex 37.000 9.200 0.000
      vertex 37.000 10.400 0.000
      vertex 37.600 10.400 0.000
    endloop
  endfacet
  facet normal 0 0 -1
    outer loop
      vertex 37.000 9.200 0.000
      vertex 37.600 10.400 0.000
      vertex 37.600 9.200 0.000
    endloop
  endfacet
  facet normal 0 0 1
    outer loop
      vertex 37.000 9.200 2.200
      vertex 37.600 9.200 2.200
      vertex 37.600 10.400 2.200
    endloop
  endfacet
  facet normal 0 0 1
    outer loop
      vertex 37.000 9.200 2.200
      vertex 37.600 10.400 2.200
      vertex 37.000 10.400 2.200
    endloop
  endfacet
endsolid rack:F14-14:+y
solid rack:F15-01:-y
  facet normal -1 0 0
    outer loop
      vertex 11.400 5.600 0.000
      vertex 11.400 5.600 2.200
      vertex 11.400 6.800 2.200
    endloop
  endfacet
  facet normal -1 0 0
    outer loop
      vertex 11.400 5.600 0.000
      vertex 11.400 6.800 2.200
      vertex 11.400 6.800 0.000
    endloop
  endfacet
  facet normal 1 0 0
    outer loop
      vertex 12.000 5.600 0.000
      vertex 12.000 6.800 0.000
      vertex 12.000 6.800 2.200
    endloop
  endfacet
  facet normal 1 0 0
    outer loop
      vertex 12.000 5.600 0.000
      vertex 12.000 6.800 2.200
      vertex 12.000 5.600 2.200
    endloop
  endfacet
  facet normal 0 -1 0
    outer loop
      vertex 11.400 5.600 0.000
      vertex 12.000 5.600 0.000
      vertex 12.000 5.600 2.200
    endloop
  endfacet
  facet normal 0 -1 0
    outer loop
      vertex 11.400 5.600 0.000
      vertex 12.000 5.600 2.200
      vertex 11.400 5.600 2.200
    endloop
  endfacet
  facet normal 0 1 0
    outer loop
      vertex 11.400 6.800 0.000
      vertex 11.400 6.800 2.200
      vertex 12.000 6.800 2.200
    endloop
  endfacet
  facet normal 0 1 0
    outer loop
      vertex 11.400 6.800 0.000
      vertex 12.000 6.800 2.200
      vertex 12.000 6.800 0.000
    endloop
  endfacet
  facet normal 0 0 -1
    outer loop
      vertex 11.400 5.600 0.000
      vertex 11.400 6.800 0.000
      vertex 12.000 6.800 0.000
    endloop
  endfacet
  facet normal 0 0 -1
    outer loop
      vertex 11.400 5.600 0.000
      vertex 12.000 6.800 0.000
      vertex 12.000 5.600 0.000
    endloop
  endfacet
  facet normal 0 0 1
    outer loop
      vertex 11.400 5.600 2.200
      vertex 12.000 5.600 2.200
      vertex 12.000 6.800 2.200
    endloop
  endfacet
  facet normal 0 0 1
    outer loop
      vertex 11.400 5.600 2.200
      vertex 12.000 6.800 2.200
      vertex 11.400 6.800 2.200
    endloop
  endfacet
endsolid rack:F15-01:-y
solid rack:F15-02:-y
  facet normal -1 0 0
    outer loop
      vertex 12.000 5.600 0.000
      vertex 12.000 5.600 2.200
      vertex 12.000 6.800 2.200
    endloop
  endfacet
  facet normal -1 0 0
    outer loop
      vertex 12.000 5.600 0.000
      vertex 12.000 6.800 2.200
      vertex 12.000 6.800 0.000
    endloop
  endfacet
  facet normal 1 0 0
    outer loop
      vertex 12.600 5.600 0.000
      vertex 12.600 6.800 0.000
      vertex 12.600 6.800 2.200
    endloop
  endfacet
  facet normal 1 0 0
    outer loop
      vertex 12.600 5.600 0.000
      vertex 12.600 6.800 2.200
      vertex 12.600 5.600 2.200
    endloop
  endfacet
  facet normal 0 -1 0
    outer loop
      vertex 12.000 5.600 0.000
      vertex 12.600 5.600 0.000
      vertex 12.600 5.600 2.200
    endloop
  endfacet
  facet normal 0 -1 0
    outer loop
      vertex 12.000 5.600 0.000
      vertex 12.600 5.600 2.200
      vertex 12.000 5.600 2.200
    endloop
  endfacet
  facet normal 0 1 0
    outer loop
      vertex 12.000 6.800 0.000
      vertex 12.000 6.800 2.200
      vertex 12.600 6.800 2.200
    endloop
  endfacet
  facet normal 0 1 0
    outer loop
      vertex 12.000 6.800 0.000
      vertex 12.600 6.800 2.200
      vertex 12.600 6.800 0.000
    endloop
  endfacet
  facet normal 0 0 -1
    outer loop
      vertex 12.000 5.600 0.000
      vertex 12.000 6.800 0.000
      vertex 12.600 6.800 0.000
    endloop
  endfacet
  facet normal 0 0 -1
    outer loop
      vertex 12.000 5.600 0.000
      vertex 12.600 6.800 0.000
      vertex 12.600 5.600 0.000
    endloop
  endfacet
  facet normal 0 0 1
    outer loop
      vertex 12.000 5.600 2.200
      vertex 12.600 5.600 2.200
      vertex 12.600 6.800 2.200
    endloop
  endfacet
  facet normal 0 0 1
    outer loop
      vertex 12.000 5.600 2.200
      vertex 12.600 6.800 2.200
      vertex 12.000 6.800 2.200
    endloop
  endfacet
endsolid rack:F15-02:-y
solid rack:F15-03:-y
  facet normal -1 0 0
    outer loop
      vertex 12.600 5.600 0.000
      vertex 12.600 5.600 2.200
      vertex 12.600 6.800 2.200
    endloop
  endfacet
  facet normal -1 0 0
    outer loop
      vertex 12.600 5.600 0.000
      vertex 12.600 6.800 2.200
      vertex 12.600 6.800 0.000
    endloop
  endfacet
  facet normal 1 0 0
    outer loop
      vertex 13.200 5.600 0.000
      vertex 13.200 6.800 0.000
      vertex 13.200 6.800 2.200
    endloop
  endfacet
  facet normal 1 0 0
    outer loop
      vertex 13.200 5.600 0.000
      vertex 13.200 6.800 2.200
      vertex 13.200 5.600 2.200
    endloop
  endfacet
  facet normal 0 -1 0
    outer loop
      vertex 12.600 5.600 0.000
      vertex 13.200 5.600 0.000
      vertex 13.200 5.600 2.200
    endloop
  endfacet
  facet normal 0 -1 0
    outer loop
      vertex 12.600 5.600 0.000
      vertex 13.200 5.600 2.200
      vertex 12.600 5.600 2.200
    endloop
  endfacet
  facet normal 0 1 0
    outer loop
      vertex 12.600 6.800 0.000
      vertex 12.600 6.800 2.200
      vertex 13.200 6.800 2.200
    endloop
  endfacet
  facet normal 0 1 0
    outer loop
      vertex 12.600 6.800 0.000
      vertex 13.200 6.800 2.200
      vertex 13.200 6.800 0.000
    endloop
  endfacet
  facet normal 0 0 -1
    outer loop
      vertex 12.600 5.600 0.000
      vertex 12.600 6.800 0.000
      vertex 13.200 6.800 0.000
    endloop
  endfacet
  facet normal 0 0 -1
    outer loop
      vertex 12.600 5.600 0.000
      vertex 13.200 6.800 0.000
      vertex 13.200 5.600 0.000
    endloop
  endfacet
  facet normal 0 0 1
    outer loop
      vertex 12.600 5.600 2.200
      vertex 13.200 5.600 2.200
      vertex 13.200 6.800 2.200
    endloop
  endfacet
  facet normal 0 0 1
    outer loop
      vertex 12.600 5.600 2.200
      vertex 13.200 6.800 2.200
      vertex 12.600 6.800 2.200
    endloop
  endfacet
endsolid rack:F15-03:-y
solid rack:F15-04:-y
  facet normal -1 0 0
    outer loop
      vertex 13.200 5.600 0.000
      vertex 13.200 5.600 2.200
      vertex 13.200 6.800 2.200
    endloop
  endfacet
  facet normal -1 0 0
    outer loop
      vertex 13.200 5.600 0.000
      vertex 13.200 6.800 2.200
      vertex 13.200 6.800 0.000
    endloop
  endfacet
  facet normal 1 0 0
    outer loop
      vertex 13.800 5.600 0.000
      vertex 13.800 6.800 0.000
      vertex 13.800 6.800 2.200
    endloop
  endfacet
  facet normal 1 0 0
    outer loop
      vertex 13.800 5.600 0.000
      vertex 13.800 6.800 2.200
      vertex 13.800 5.600 2.200
    endloop
  endfacet
  facet normal 0 -1 0
    outer loop
      vertex 13.200 5.600 0.000
      vertex 13.800 5.600 0.000
      vertex 13.800 5.600 2.200
    endloop
  endfacet
  facet normal 0 -1 0
    outer loop
      vertex 13.200 5.600 0.000
      vertex 13.800 5.600 2.200
      vertex 13.200 5.600 2.200
    endloop
  endfacet
  facet normal 0 1 0
    outer loop
      vertex 13.200 6.800 0.000
      vertex 13.200 6.800 2.200
      vertex 13.800 6.800 2.200
    endloop
  endfacet
  facet normal 0 1 0
    outer loop
      vertex 13.200 6.800 0.000
      vertex 13.800 6.800 2.200
      vertex 13.800 6.800 0.000
    endloop
  endfacet
  facet normal 0 0 -1
    outer loop
      vertex 13.200 5.600 0.000
      vertex 13.200 6.800 0.000
      vertex 13.800 6.800 0.000
    endloop
  endfacet
  facet normal 0 0 -1
    outer loop
      vertex 13.200 5.600 0.000
      vertex 13.800 6.800 0.000
      vertex 13.800 5.600 0.000
    endloop
  endfacet
  facet normal 0 0 1
    outer loop
      vertex 13.200 5.600 2.200
      vertex 13.800 5.600 2.200
      vertex 13.800 6.800 2.200
    endloop
  endfacet
  facet normal 0 0 1
    outer loop
      vertex 13.200 5.600 2.200
      vertex 13.800 6.800 2.200
      vertex 13.200 6.800 2.200
    endloop
  endfacet
endsolid rack:F15-04:-y
solid rack:F15-05:-y
  facet normal -1 0 0
    outer loop
      vertex 14.000 5.600 0.000
      vertex 14.000 5.600 2.200
      vertex 14.000 6.800 2.200
    endloop
  endfacet
  facet normal -1 0 0
    outer loop
      vertex 14.000 5.600 0.000
      vertex 14.000 6.800 2.200
      vertex 14.000 6.800 0.000
    endloop
  endfacet
  facet normal 1 0 0
    outer loop
      vertex 14.600 5.600 0.000
      vertex 14.600 6.800 0.000
      vertex 14.600 6.800 2.200
    endloop
  endfacet
  facet normal 1 0 0
    outer loop
      vertex 14.600 5.600 0.000
      vertex 14.600 6.800 2.200
      vertex 14.600 5.600 2.200
    endloop
  endfacet
  facet normal 0 -1 0
    outer loop
      vertex 14.000 5.600 0.000
      vertex 14.600 5.600 0.000
      vertex 14.600 5.600 2.200
    endloop
  endfacet
  facet normal 0 -1 0
    outer loop
      vertex 14.000 5.600 0.000
      vertex 14.600 5.600 2.200
      vertex 14.000 5.600 2.200
    endloop
  endfacet
  facet normal 0 1 0
    outer loop
      vertex 14.000 6.800 0.000
      vertex 14.000 6.800 2.200
      vertex 14.600 6.800 2.200
    endloop
  endfacet
  facet normal 0 1 0
    outer loop
      vertex 14.000 6.800 0.000
      vertex 14.600 6.800 2.200
      vertex 14.600 6.800 0.000
    endloop
  endfacet
  facet normal 0 0 -1
    outer loop
      vertex 14.000 5.600 0.000
      vertex 14.000 6.800 0.000
      vertex 14.600 6.800 0.000
    endloop
  endfacet
  facet normal 0 0 -1
    outer loop
      vertex 14.000 5.600 0.000
      vertex 14.600 6.800 0.000
      vertex 14.600 5.600 0.000
    endloop
  endfacet
  facet normal 0 0 1
    outer loop
      vertex 14.000 5.600 2.200
      vertex 14.600 5.600 2.200
      vertex 14.600 6.800 2.200
    endloop
  endfacet
  facet normal 0 0 1
    outer loop
      vertex 14.000 5.600 2.200
      vertex 14.600 6.800 2.200
      vertex 14.000 6.800 2.200
    endloop
  endfacet
endsolid rack:F15-05:-y
solid rack:F15-06:-y
  facet normal -1 0 0
    outer loop
      vertex 14.600 5.600 0.000
      vertex 14.600 5.600 2.200
      vertex 14.600 6.800 2.200
    endloop
  endfacet
  facet normal -1 0 0
    outer loop
      vertex 14.600 5.600 0.000
      vertex 14.600 6.800 2.200
      vertex 14.600 6.800 0.000
    endloop
  endfacet
  facet normal 1 0 0
    outer loop
      vertex 15.200 5.600 0.000
      vertex 15.200 6.800 0.000
      vertex 15.200 6.800 2.200
    endloop
  endfacet
  facet normal 1 0 0
    outer loop
      vertex 15.200 5.600 0.000
      vertex 15.200 6.800 2.200
      vertex 15.200 5.600 2.200
    endloop
  endfacet
  facet normal 0 -1 0
    outer loop
      vertex 14.600 5.600 0.000
      vertex 15.200 5.600 0.000
      vertex 15.200 5.600 2.200
    endloop
  endfacet
  facet normal 0 -1 0
    outer loop
      vertex 14.600 5.600 0.000
      vertex 15.200 5.600 2.200
      vertex 14.600 5.600 2.200
    endloop
  endfacet
  facet normal 0 1 0
    outer loop
      vertex 14.600 6.800 0.000
      vertex 14.600 6.800 2.200
      vertex 15.200 6.800 2.200
    endloop
  endfacet
  facet normal 0 1 0
    outer loop
      vertex 14.600 6.800 0.000
      vertex 15.200 6.800 2.200
      vertex 15.200 6.800 0.000
    endloop
  endfacet
  facet normal 0 0 -1
    outer loop
      vertex 14.600 5.600 0.000
      vertex 14.600 6.800 0.000
      vertex 15.200 6.800 0.000
    endloop
  endfacet
  facet normal 0 0 -1
    outer loop
      vertex 14.600 5.600 0.000
      vertex 15.200 6.800 0.000
      vertex 15.200 5.600 0.000
    endloop
  endfacet
  facet normal 0 0 1
    outer loop
      vertex 14.600 5.600 2.200
      vertex 15.200 5.600 2.200
      vertex 15.200 6.800 2.200
    endloop
  endfacet
  facet normal 0 0 1
    outer loop
      vertex 14.600 5.600 2.200
      vertex 15.200 6.800 2.200
      vertex 14.600 6.800 2.200
    endloop
  endfacet
endsolid rack:F15-06:-y
solid rack:F15-07:-y
  facet normal -1 0 0
    outer loop
      vertex 15.200 5.600 0.000
      vertex 15.200 5.600 2.200
      vertex 15.200 6.800 2.200
    endloop
  endfacet
  facet normal -1 0 0
    outer loop
      vertex 15.200 5.600 0.000
      vertex 15.200 6.800 2.200
      vertex 15.200 6.800 0.000
    endloop
  endfacet
  facet normal 1 0 0
    outer loop
      vertex 15.800 5.600 0.000
      vertex 15.800 6.800 0.000
      vertex 15.800 6.800 2.200
    endloop
  endfacet
  facet normal 1 0 0
    outer loop
      vertex 15.800 5.600 0.000
      vertex 15.800 6.800 2.200
      vertex 15.800 5.600 2.200
    endloop
  endfacet
  facet normal 0 -1 0
    outer loop
      vertex 15.200 5.600 0.000
      vertex 15.800 5.600 0.000
      vertex 15.800 5.600 2.200
    endloop
  endfacet
  facet normal 0 -1 0
    outer loop
      vertex 15.200 5.600 0.000
      vertex 15.800 5.600 2.200
      vertex 15.200 5.600 2.200
    endloop
  endfacet
  facet normal 0 1 0
    outer loop
      vertex 15.200 6.800 0.000
      vertex 15.200 6.800 2.200
      vertex 15.800 6.800 2.200
    endloop
  endfacet
  facet normal 0 1 0
    outer loop
      vertex 15.200 6.800 0.000
      vertex 15.800 6.800 2.200
      vertex 15.800 6.800 0.000
    endloop
  endfacet
  facet normal 0 0 -1
    outer loop
      vertex 15.200 5.600 0.000
      vertex 15.200 6.800 0.000
      vertex 15.800 6.800 0.000
    endloop
  endfacet
  facet normal 0 0 -1
    outer loop
      vertex 15.200 5.600 0.000
      vertex 15.800 6.800 0.000
      vertex 15.800 5.600 0.000
    endloop
  endfacet
  facet normal 0 0 1
    outer loop
      vertex 15.200 5.600 2.200
      vertex 15.800 5.600 2.200
      vertex 15.800 6.800 2.200
    endloop
  endfacet
  facet normal 0 0 1
    outer loop
      vertex 15.200 5.600 2.200
      vertex 15.800 6.800 2.200
      vertex 15.200 6.800 2.200
    endloop
  endfacet
endsolid rack:F15-07:-y
solid rack:F15-08:-y
  facet normal -1 0 0
    outer loop
      vertex 15.800 5.600 0.000
      vertex 15.800 5.600 2.200
      vertex 15.800 6.800 2.200
    endloop
  endfacet
  facet normal -1 0 0
    outer loop
      vertex 15.800 5.600 0.000
      vertex 15.800 6.800 2.200
      vertex 15.800 6.800 0.000
    endloop
  endfacet
  facet normal 1 0 0
    outer loop
      vertex 16.400 5.600 0.000
      vertex 16.400 6.800 0.000
      vertex 16.400 6.800 2.200
    endloop
  endfacet
  facet normal 1 0 0
    outer loop
      vertex 16.400 5.600 0.000
      vertex 16.400 6.800 2.200
      vertex 16.400 5.600 2.200
    endloop
  endfacet
  facet normal 0 -1 0
    outer loop
      vertex 15.800 5.600 0.000
      vertex 16.400 5.600 0.000
      vertex 16.400 5.600 2.200
    endloop
  endfacet
  facet normal 0 -1 0
    outer loop
      vertex 15.800 5.600 0.000
      vertex 16.400 5.600 2.200
      vertex 15.800 5.600 2.200
    endloop
  endfacet
  facet normal 0 1 0
    outer loop
      vertex 15.800 6.800 0.000
      vertex 15.800 6.800 2.200
      vertex 16.400 6.800 2.200
    endloop
  endfacet
  facet normal 0 1 0
    outer loop
      vertex 15.800 6.800 0.000
      vertex 16.400 6.800 2.200
      vertex 16.400 6.800 0.000
    endloop
  endfacet
  facet normal 0 0 -1
    outer loop
      vertex 15.800 5.600 0.000
      vertex 15.800 6.800 0.000
      vertex 16.400 6.800 0.000
    endloop
  endfacet
  facet normal 0 0 -1
    outer loop
      vertex 15.800 5.600 0.000
      vertex 16.400 6.800 0.000
      vertex 16.400 5.600 0.000
    endloop
  endfacet
  facet normal 0 0 1
    outer loop
      vertex 15.800 5.600 2.200
      vertex 16.400 5.600 2.200
      vertex 16.400 6.800 2.200
    endloop
  endfacet
  facet normal 0 0 1
    outer loop
      vertex 15.800 5.600 2.200
      vertex 16.400 6.800 2.200
      vertex 15.800 6.800 2.200
    endloop
  endfacet
endsolid rack:F15-08:-y
solid rack:F15-09:-y
  facet normal -1 0 0
    outer loop
      vertex 16.600 5.600 0.000
      vertex 16.600 5.600 2.200
      vertex 16.600 6.800 2.200
    endloop
  endfacet
  facet normal -1 0 0
    outer loop
      vertex 16.600 5.600 0.000
      vertex 16.600 6.800 2.200
      vertex 16.600 6.800 0.000
    endloop
  endfacet
  facet normal 1 0 0
    outer loop
      vertex 17.400 5.600 0.000
      vertex 17.400 6.800 0.000
      vertex 17.400 6.800 2.200
    endloop
  endfacet
  facet normal 1 0 0
    outer loop
      vertex 17.400 5.600 0.000
      vertex 17.400 6.800 2.200
      vertex 17.400 5.600 2.200
    endloop
  endfacet
  facet normal 0 -1 0
    outer loop
      vertex 16.600 5.600 0.000
      vertex 17.400 5.600 0.000
      vertex 17.400 5.600 2.200
    endloop
  endfacet
  facet normal 0 -1 0
    outer loop
      vertex 16.600 5.600 0.000
      vertex 17.400 5.600 2.200
      vertex 16.600 5.600 2.200
    endloop
  endfacet
  facet normal 0 1 0
    outer loop
      vertex 16.600 6.800 0.000
      vertex 16.600 6.800 2.200
      vertex 17.400 6.800 2.200
    endloop
  endfacet
  facet normal 0 1 0
    outer loop
      vertex 16.600 6.800 0.000
      vertex 17.400 6.800 2.200
      vertex 17.400 6.800 0.000
    endloop
  endfacet
  facet normal 0 0 -1
    outer loop
      vertex 16.600 5.600 0.000
      vertex 16.600 6.800 0.000
      vertex 17.400 6.800 0.000
    endloop
  endfacet
  facet normal 0 0 -1
    outer loop
      vertex 16.600 5.600 0.000
      vertex 17.400 6.800 0.000
      vertex 17.400 5.600 0.000
    endloop
  endfacet
  facet normal 0 0 1
    outer loop
      vertex 16.600 5.600 2.200
      vertex 17.400 5.600 2.200
      vertex 17.400 6.800 2.200
    endloop
  endfacet
  facet normal 0 0 1
    outer loop
      vertex 16.600 5.600 2.200
      vertex 17.400 6.800 2.200
      vertex 16.600 6.800 2.200
    endloop
  endfacet
endsolid rack:F15-09:-y
solid rack:F15-10:-y
  facet normal -1 0 0
    outer loop
      vertex 17.400 5.600 0.000
      vertex 17.400 5.600 2.200
      vertex 17.400 6.800 2.200
    endloop
  endfacet
  facet normal -1 0 0
    outer loop
      vertex 17.400 5.600 0.000
      vertex 17.400 6.800 2.200
      vertex 17.400 6.800 0.000
    endloop
  endfacet
  facet normal 1 0 0
    outer loop
      vertex 18.200 5.600 0.000
      vertex 18.200 6.800 0.000
      vertex 18.200 6.800 2.200
    endloop
  endfacet
  facet normal 1 0 0
    outer loop
      vertex 18.200 5.600 0.000
      vertex 18.200 6.800 2.200
      vertex 18.200 5.600 2.200
    endloop
  endfacet
  facet normal 0 -1 0
    outer loop
      vertex 17.400 5.600 0.000
      vertex 18.200 5.600 0.000
      vertex 18.200 5.600 2.200
    endloop
  endfacet
  facet normal 0 -1 0
    outer loop
      vertex 17.400 5.600 0.000
      vertex 18.200 5.600 2.200
      vertex 17.400 5.600 2.200
    endloop
  endfacet
  facet normal 0 1 0
    outer loop
      vertex 17.400 6.800 0.000
      vertex 17.400 6.800 2.200
      vertex 18.200 6.800 2.200
    endloop
  endfacet
  facet normal 0 1 0
    outer loop
      vertex 17.400 6.800 0.000
      vertex 18.200 6.800 2.200
      vertex 18.200 6.800 0.000
    endloop
  endfacet
  facet normal 0 0 -1
    outer loop
      vertex 17.400 5.600 0.000
      vertex 17.400 6.800 0.000
      vertex 18.200 6.800 0.000
    endloop
  endfacet
  facet normal 0 0 -1
    outer loop
      vertex 17.400 5.600 0.000
      vertex 18.200 6.800 0.000
      vertex 18.200 5.600 0.000
    endloop
  endfacet
  facet normal 0 0 1
    outer loop
      vertex 17.400 5.600 2.200
      vertex 18.200 5.600 2.200
      vertex 18.200 6.800 2.200
    endloop
  endfacet
  facet normal 0 0 1
    outer loop
      vertex 17.400 5.600 2.200
      vertex 18.200 6.800 2.200
      vertex 17.400 6.800 2.200
    endloop
  endfacet
endsolid rack:F15-10:-y
solid rack:F15-11:-y
  facet normal -1 0 0
    outer loop
      vertex 18.200 5.600 0.000
      vertex 18.200 5.600 2.200
      vertex 18.200 6.800 2.200
    endloop
  endfacet
  facet normal -1 0 0
    outer loop
      vertex 18.200 5.600 0.000
      vertex 18.200 6.800 2.200
      vertex 18.200 6.800 0.000
    endloop
  endfacet
  facet normal 1 0 0
    outer loop
      vertex 18.800 5.600 0.000
      vertex 18.800 6.800 0.000
      vertex 18.800 6.800 2.200
    endloop
  endfacet
  facet normal 1 0 0
    outer loop
      vertex 18.800 5.600 0.000
      vertex 18.800 6.800 2.200
      vertex 18.800 5.600 2.200
    endloop
  endfacet
  facet normal 0 -1 0
    outer loop
      vertex 18.200 5.600 0.000
      vertex 18.800 5.600 0.000
      vertex 18.800 5.600 2.200
    endloop
  endfacet
  facet normal 0 -1 0
    outer loop
      vertex 18.200 5.600 0.000
      vertex 18.800 5.600 2.200
      vertex 18.200 5.600 2.200
    endloop
  endfacet
  facet normal 0 1 0
    outer loop
      vertex 18.200 6.800 0.000
      vertex 18.200 6.800 2.200
      vertex 18.800 6.800 2.200
    endloop
  endfacet
  facet normal 0 1 0
    outer loop
      vertex 18.200 6.800 0.000
      vertex 18.800 6.800 2.200
      vertex 18.800 6.800 0.000
    endloop
  endfacet
  facet normal 0 0 -1
    outer loop
      vertex 18.200 5.600 0.000
      vertex 18.200 6.800 0.000
      vertex 18.800 6.800 0.000
    endloop
  endfacet
  facet normal 0 0 -1
    outer loop
      vertex 18.200 5.600 0.000
      vertex 18.800 6.800 0.000
      vertex 18.800 5.600 0.000
    endloop
  endfacet
  facet normal 0 0 1
    outer loop
      vertex 18.200 5.600 2.200
      vertex 18.800 5.600 2.200
      vertex 18.800 6.800 2.200
    endloop
  endfacet
  facet normal 0 0 1
    outer loop
      vertex 18.200 5.600 2.200
      vertex 18.800 6.800 2.200
      vertex 18.200 6.800 2.200
    endloop
  endfacet
endsolid rack:F15-11:-y
solid rack:F15-12:-y
  facet normal -1 0 0
    outer loop
      vertex 19.000 5.600 0.000
      vertex 19.000 5.600 2.200
      vertex 19.000 6.800 2.200
    endloop
  endfacet
  facet normal -1 0 0
    outer loop
      vertex 19.000 5.600 0.000
      vertex 19.000 6.800 2.200
      vertex 19.000 6.800 0.000
    endloop
  endfacet
  facet normal 1 0 0
    outer loop
      vertex 19.800 5.600 0.000
      vertex 19.800 6.800 0.000
      vertex 19.800 6.800 2.200
    endloop
  endfacet
  facet normal 1 0 0
    outer loop
      vertex 19.800 5.600 0.000
      vertex 19.800 6.800 2.200
      vertex 19.800 5.600 2.200
    endloop
  endfacet
  facet normal 0 -1 0
    outer loop
      vertex 19.000 5.600 0.000
      vertex 19.800 5.600 0.000
      vertex 19.800 5.600 2.200
    endloop
  endfacet
  facet normal 0 -1 0
    outer loop
      vertex 19.000 5.600 0.000
      vertex 19.800 5.600 2.200
      vertex 19.000 5.600 2.200
    endloop
  endfacet
  facet normal 0 1 0
    outer loop
      vertex 19.000 6.800 0.000
      vertex 19.000 6.800 2.200
      vertex 19.800 6.800 2.200
    endloop
  endfacet
  facet normal 0 1 0
    outer loop
      vertex 19.000 6.800 0.000
      vertex 19.800 6.800 2.200
      vertex 19.800 6.800 0.000
    endloop
  endfacet
  facet normal 0 0 -1
    outer loop
      vertex 19.000 5.600 0.000
      vertex 19.000 6.800 0.000
      vertex 19.800 6.800 0.000
    endloop
  endfacet
  facet normal 0 0 -1
    outer loop
      vertex 19.000 5.600 0.000
      vertex 19.800 6.800 0.000
      vertex 19.800 5.600 0.000
    endloop
  endfacet
  facet normal 0 0 1
    outer loop
      vertex 19.000 5.600 2.200
      vertex 19.800 5.600 2.200
      vertex 19.800 6.800 2.200
    endloop
  endfacet
  facet normal 0 0 1
    outer loop
      vertex 19.000 5.600 2.200
      vertex 19.800 6.800 2.200
      vertex 19.000 6.800 2.200
    endloop
  endfacet
endsolid rack:F15-12:-y
solid rack:F15-13:-y
  facet normal -1 0 0
    outer loop
      vertex 19.800 5.600 0.000
      vertex 19.800 5.600 2.200
      vertex 19.800 6.800 2.200
    endloop
  endfacet
  facet normal -1 0 0
    outer loop
      vertex 19.800 5.600 0.000
      vertex 19.800 6.800 2.200
      vertex 19.800 6.800 0.000
    endloop
  endfacet
  facet normal 1 0 0
    outer loop
      vertex 20.600 5.600 0.000
      vertex 20.600 6.800 0.000
      vertex 20.600 6.800 2.200
    endloop
  endfacet
  facet normal 1 0 0
    outer loop
      vertex 20.600 5.600 0.000
      vertex 20.600 6.800 2.200
      vertex 20.600 5.600 2.200
    endloop
  endfacet
  facet normal 0 -1 0
    outer loop
      vertex 19.800 5.600 0.000
      vertex 20.600 5.600 0.000
      vertex 20.600 5.600 2.200
    endloop
  endfacet
  facet normal 0 -1 0
    outer loop
      vertex 19.800 5.600 0.000
      vertex 20.600 5.600 2.200
      vertex 19.800 5.600 2.200
    endloop
  endfacet
  facet normal 0 1 0
    outer loop
      vertex 19.800 6.800 0.000
      vertex 19.800 6.800 2.200
      vertex 20.600 6.800 2.200
    endloop
  endfacet
  facet normal 0 1 0
    outer loop
      vertex 19.800 6.800 0.000
      vertex 20.600 6.800 2.200
      vertex 20.600 6.800 0.000
    endloop
  endfacet
  facet normal 0 0 -1
    outer loop
      vertex 19.800 5.600 0.000
      vertex 19.800 6.800 0.000
      vertex 20.600 6.800 0.000
    endloop
  endfacet
  facet normal 0 0 -1
    outer loop
      vertex 19.800 5.600 0.000
      vertex 20.600 6.800 0.000
      vertex 20.600 5.600 0.000
    endloop
  endfacet
  facet normal 0 0 1
    outer loop
      vertex 19.800 5.600 2.200
      vertex 20.600 5.600 2.200
      vertex 20.600 6.800 2.200
    endloop
  endfacet
  facet normal 0 0 1
    outer loop
      vertex 19.800 5.600 2.200
      vertex 20.600 6.800 2.200
      vertex 19.800 6.800 2.200
    endloop
  endfacet
endsolid rack:F15-13:-y
solid rack:F15-14:-y
  facet normal -1 0 0
    outer loop
      vertex 21.600 5.600 0.000
      vertex 21.600 5.600 2.200
      vertex 21.600 6.800 2.200
    endloop
  endfacet
  facet normal -1 0 0
    outer loop
      vertex 21.600 5.600 0.000
      vertex 21.600 6.800 2.200
      vertex 21.600 6.800 0.000
    endloop
  endfacet
  facet normal 1 0 0
    outer loop
      vertex 22.400 5.600 0.000
      vertex 22.400 6.800 0.000
      vertex 22.400 6.800 2.200
    endloop
  endfacet
  facet normal 1 0 0
    outer loop
      vertex 22.400 5.600 0.000
      vertex 22.400 6.800 2.200
      vertex 22.400 5.600 2.200
    endloop
  endfacet
  facet normal 0 -1 0
    outer loop
      vertex 21.600 5.600 0.000
      vertex 22.400 5.600 0.000
      vertex 22.400 5.600 2.200
    endloop
  endfacet
  facet normal 0 -1 0
    outer loop
      vertex 21.600 5.600 0.000
      vertex 22.400 5.600 2.200
      vertex 21.600 5.600 2.200
    endloop
  endfacet
  facet normal 0 1 0
    outer loop
      vertex 21.600 6.800 0.000
      vertex 21.600 6.800 2.200
      vertex 22.400 6.800 2.200
    endloop
  endfacet
  facet normal 0 1 0
    outer loop
      vertex 21.600 6.800 0.000
      vertex 22.400 6.800 2.200
      vertex 22.400 6.800 0.000
    endloop
  endfacet
  facet normal 0 0 -1
    outer loop
      vertex 21.600 5.600 0.000
      vertex 21.600 6.800 0.000
      vertex 22.400 6.800 0.000
    endloop
  endfacet
  facet normal 0 0 -1
    outer loop
      vertex 21.600 5.600 0.000
      vertex 22.400 6.800 0.000
      vertex 22.400 5.600 0.000
    endloop
  endfacet
  facet normal 0 0 1
    outer loop
      vertex 21.600 5.600 2.200
      vertex 22.400 5.600 2.200
      vertex 22.400 6.800 2.200
    endloop
  endfacet
  facet normal 0 0 1
    outer loop
      vertex 21.600 5.600 2.200
      vertex 22.400 6.800 2.200
      vertex 21.600 6.800 2.200
    endloop
  endfacet
endsolid rack:F15-14:-y
solid rack:F16-01:-y
  facet normal -1 0 0
    outer loop
      vertex 25.800 5.600 0.000
      vertex 25.800 5.600 2.200
      vertex 25.800 6.800 2.200
    endloop
  endfacet
  facet normal -1 0 0
    outer loop
      vertex 25.800 5.600 0.000
      vertex 25.800 6.800 2.200
      vertex 25.800 6.800 0.000
    endloop
  endfacet
  facet normal 1 0 0
    outer loop
      vertex 26.400 5.600 0.000
      vertex 26.400 6.800 0.000
      vertex 26.400 6.800 2.200
    endloop
  endfacet
  facet normal 1 0 0
    outer loop
      vertex 26.400 5.600 0.000
      vertex 26.400 6.800 2.200
      vertex 26.400 5.600 2.200
    endloop
  endfacet
  facet normal 0 -1 0
    outer loop
      vertex 25.800 5.600 0.000
      vertex 26.400 5.600 0.000
      vertex 26.400 5.600 2.200
    endloop
  endfacet
  facet normal 0 -1 0
    outer loop
      vertex 25.800 5.600 0.000
      vertex 26.400 5.600 2.200
      vertex 25.800 5.600 2.200
    endloop
  endfacet
  facet normal 0 1 0
    outer loop
      vertex 25.800 6.800 0.000
      vertex 25.800 6.800 2.200
      vertex 26.400 6.800 2.200
    endloop
  endfacet
  facet normal 0 1 0
    outer loop
      vertex 25.800 6.800 0.000
      vertex 26.400 6.800 2.200
      vertex 26.400 6.800 0.000
    endloop
  endfacet
  facet normal 0 0 -1
    outer loop
      vertex 25.800 5.600 0.000
      vertex 25.800 6.800 0.000
      vertex 26.400 6.800 0.000
    endloop
  endfacet
  facet normal 0 0 -1
    outer loop
      vertex 25.800 5.600 0.000
      vertex 26.400 6.800 0.000
      vertex 26.400 5.600 0.000
    endloop
  endfacet
  facet normal 0 0 1
    outer loop
      vertex 25.800 5.600 2.200
      vertex 26.400 5.600 2.200
      vertex 26.400 6.800 2.200
    endloop
  endfacet
  facet normal 0 0 1
    outer loop
      vertex 25.800 5.600 2.200
      vertex 26.400 6.800 2.200
      vertex 25.800 6.800 2.200
    endloop
  endfacet
endsolid rack:F16-01:-y
solid rack:F16-02:-y
  facet normal -1 0 0
    outer loop
      vertex 26.400 5.600 0.000
      vertex 26.400 5.600 2.200
      vertex 26.400 6.800 2.200
    endloop
  endfacet
  facet normal -1 0 0
    outer loop
      vertex 26.400 5.600 0.000
      vertex 26.400 6.800 2.200
      vertex 26.400 6.800 0.000
    endloop
  endfacet
  facet normal 1 0 0
    outer loop
      vertex 27.000 5.600 0.000
      vertex 27.000 6.800 0.000
      vertex 27.000 6.800 2.200
    endloop
  endfacet
  facet normal 1 0 0
    outer loop
      vertex 27.000 5.600 0.000
      vertex 27.000 6.800 2.200
      vertex 27.000 5.600 2.200
    endloop
  endfacet
  facet normal 0 -1 0
    outer loop
      vertex 26.400 5.600 0.000
      vertex 27.000 5.600 0.000
      vertex 27.000 5.600 2.200
    endloop
  endfacet
  facet normal 0 -1 0
    outer loop
      vertex 26.400 5.600 0.000
      vertex 27.000 5.600 2.200
      vertex 26.400 5.600 2.200
    endloop
  endfacet
  facet normal 0 1 0
    outer loop
      vertex 26.400 6.800 0.000
      vertex 26.400 6.800 2.200
      vertex 27.000 6.800 2.200
    endloop
  endfacet
  facet normal 0 1 0
    outer loop
      vertex 26.400 6.800 0.000
      vertex 27.000 6.800 2.200
      vertex 27.000 6.800 0.000
    endloop
  endfacet
  facet normal 0 0 -1
    outer loop
      vertex 26.400 5.600 0.000
      vertex 26.400 6.800 0.000
      vertex 27.000 6.800 0.000
    endloop
  endfacet
  facet normal 0 0 -1
    outer loop
      vertex 26.400 5.600 0.000
      vertex 27.000 6.800 0.000
      vertex 27.000 5.600 0.000
    endloop
  endfacet
  facet normal 0 0 1
    outer loop
      vertex 26.400 5.600 2.200
      vertex 27.000 5.600 2.200
      vertex 27.000 6.800 2.200
    endloop
  endfacet
  facet normal 0 0 1
    outer loop
      vertex 26.400 5.600 2.200
      vertex 27.000 6.800 2.200
      vertex 26.400 6.800 2.200
    endloop
  endfacet
endsolid rack:F16-02:-y
solid rack:F16-03:-y
  facet normal -1 0 0
    outer loop
      vertex 27.600 5.600 0.000
      vertex 27.600 5.600 2.200
      vertex 27.600 6.800 2.200
    endloop
  endfacet
  facet normal -1 0 0
    outer loop
      vertex 27.600 5.600 0.000
      vertex 27.600 6.800 2.200
      vertex 27.600 6.800 0.000
    endloop
  endfacet
  facet normal 1 0 0
    outer loop
      vertex 28.400 5.600 0.000
      vertex 28.400 6.800 0.000
      vertex 28.400 6.800 2.200
    endloop
  endfacet
  facet normal 1 0 0
    outer loop
      vertex 28.400 5.600 0.000
      vertex 28.400 6.800 2.200
      vertex 28.400 5.600 2.200
    endloop
  endfacet
  facet normal 0 -1 0
    outer loop
      vertex 27.600 5.600 0.000
      vertex 28.400 5.600 0.000
      vertex 28.400 5.600 2.200
    endloop
  endfacet
  facet normal 0 -1 0
    outer loop
      vertex 27.600 5.600 0.000
      vertex 28.400 5.600 2.200
      vertex 27.600 5.600 2.200
    endloop
  endfacet
  facet normal 0 1 0
    outer loop
      vertex 27.600 6.800 0.000
      vertex 27.600 6.800 2.200
      vertex 28.400 6.800 2.200
    endloop
  endfacet
  facet normal 0 1 0
    outer loop
      vertex 27.600 6.800 0.000
      vertex 28.400 6.800 2.200
      vertex 28.400 6.800 0.000
    endloop
  endfacet
  facet normal 0 0 -1
    outer loop
      vertex 27.600 5.600 0.000
      vertex 27.600 6.800 0.000
      vertex 28.400 6.800 0.000
    endloop
  endfacet
  facet normal 0 0 -1
    outer loop
      vertex 27.600 5.600 0.000
      vertex 28.400 6.800 0.000
      vertex 28.400 5.600 0.000
    endloop
  endfacet
  facet normal 0 0 1
    outer loop
      vertex 27.600 5.600 2.200
      vertex 28.400 5.600 2.200
      vertex 28.400 6.800 2.200
    endloop
  endfacet
  facet normal 0 0 1
    outer loop
      vertex 27.600 5.600 2.200
      vertex 28.400 6.800 2.200
      vertex 27.600 6.800 2.200
    endloop
  endfacet
endsolid rack:F16-03:-y
solid rack:F16-04:-y
  facet normal -1 0 0
    outer loop
      vertex 28.400 5.600 0.000
      vertex 28.400 5.600 2.200
      vertex 28.400 6.800 2.200
    endloop
  endfacet
  facet normal -1 0 0
    outer loop
      vertex 28.400 5.600 0.000
      vertex 28.400 6.800 2.200
      vertex 28.400 6.800 0.000
    endloop
  endfacet
  facet normal 1 0 0
    outer loop
      vertex 29.200 5.600 0.000
      vertex 29.200 6.800 0.000
      vertex 29.200 6.800 2.200
    endloop
  endfacet
  facet normal 1 0 0
    outer loop
      vertex 29.200 5.600 0.000
      vertex 29.200 6.800 2.200
      vertex 29.200 5.600 2.200
    endloop
  endfacet
  facet normal 0 -1 0
    outer loop
      vertex 28.400 5.600 0.000
      vertex 29.200 5.600 0.000
      vertex 29.200 5.600 2.200
    endloop
  endfacet
  facet normal 0 -1 0
    outer loop
      vertex 28.400 5.600 0.000
      vertex 29.200 5.600 2.200
      vertex 28.400 5.600 2.200
    endloop
  endfacet
  facet normal 0 1 0
    outer loop
      vertex 28.400 6.800 0.000
      vertex 28.400 6.800 2.200
      vertex 29.200 6.800 2.200
    endloop
  endfacet
  facet normal 0 1 0
    outer loop
      vertex 28.400 6.800 0.000
      vertex 29.200 6.800 2.200
      vertex 29.200 6.800 0.000
    endloop
  endfacet
  facet normal 0 0 -1
    outer loop
      vertex 28.400 5.600 0.000
      vertex 28.400 6.800 0.000
      vertex 29.200 6.800 0.000
    endloop
  endfacet
  facet normal 0 0 -1
    outer loop
      vertex 28.400 5.600 0.000
      vertex 29.200 6.800 0.000
      vertex 29.200 5.600 0.000
    endloop
  endfacet
  facet normal 0 0 1
    outer loop
      vertex 28.400 5.600 2.200
      vertex 29.200 5.600 2.200
      vertex 29.200 6.800 2.200
    endloop
  endfacet
  facet normal 0 0 1
    outer loop
      vertex 28.400 5.600 2.200
      vertex 29.200 6.800 2.200
      vertex 28.400 6.800 2.200
    endloop
  endfacet
endsolid rack:F16-04:-y
solid rack:F16-05:-y
  facet normal -1 0 0
    outer loop
      vertex 29.200 5.600 0.000
      vertex 29.200 5.600 2.200
      vertex 29.200 6.800 2.200
    endloop
  endfacet
  facet normal -1 0 0
    outer loop
      vertex 29.200 5.600 0.000
      vertex 29.200 6.800 2.200
      vertex 29.200 6.800 0.000
    endloop
  endfacet
  facet normal 1 0 0
    outer loop
      vertex 30.000 5.600 0.000
      vertex 30.000 6.800 0.000
      vertex 30.000 6.800 2.200
    endloop
  endfacet
  facet normal 1 0 0
    outer loop
      vertex 30.000 5.600 0.000
      vertex 30.000 6.800 2.200
      vertex 30.000 5.600 2.200
    endloop
  endfacet
  facet normal 0 -1 0
    outer loop
      vertex 29.200 5.600 0.000
      vertex 30.000 5.600 0.000
      vertex 30.000 5.600 2.200
    endloop
  endfacet
  facet normal 0 -1 0
    outer loop
      vertex 29.200 5.600 0.000
      vertex 30.000 5.600 2.200
      vertex 29.200 5.600 2.200
    endloop
  endfacet
  facet normal 0 1 0
    outer loop
      vertex 29.200 6.800 0.000
      vertex 29.200 6.800 2.200
      vertex 30.000 6.800 2.200
    endloop
  endfacet
  facet normal 0 1 0
    outer loop
      vertex 29.200 6.800 0.000
      vertex 30.000 6.800 2.200
      vertex 30.000 6.800 0.000
    endloop
  endfacet
  facet normal 0 0 -1
    outer loop
      vertex 29.200 5.600 0.000
      vertex 29.200 6.800 0.000
      vertex 30.000 6.800 0.000
    endloop
  endfacet
  facet normal 0 0 -1
    outer loop
      vertex 29.200 5.600 0.000
      vertex 30.000 6.800 0.000
      vertex 30.000 5.600 0.000
    endloop
  endfacet
  facet normal 0 0 1
    outer loop
      vertex 29.200 5.600 2.200
      vertex 30.000 5.600 2.200
      vertex 30.000 6.800 2.200
    endloop
  endfacet
  facet normal 0 0 1
    outer loop
      vertex 29.200 5.600 2.200
      vertex 30.000 6.800 2.200
      vertex 29.200 6.800 2.200
    endloop
  endfacet
endsolid rack:F16-05:-y
solid rack:F16-06:-y
  facet normal -1 0 0
    outer loop
      vertex 30.800 5.600 0.000
      vertex 30.800 5.600 2.200
      vertex 30.800 6.800 2.200
    endloop
  endfacet
  facet normal -1 0 0
    outer loop
      vertex 30.800 5.600 0.000
      vertex 30.800 6.800 2.200
      vertex 30.800 6.800 0.000
    endloop
  endfacet
  facet normal 1 0 0
    outer loop
      vertex 31.600 5.600 0.000
      vertex 31.600 6.800 0.000
      vertex 31.600 6.800 2.200
    endloop
  endfacet
  facet normal 1 0 0
    outer loop
      vertex 31.600 5.600 0.000
      vertex 31.600 6.800 2.200
      vertex 31.600 5.600 2.200
    endloop
  endfacet
  facet normal 0 -1 0
    outer loop
      vertex 30.800 5.600 0.000
      vertex 31.600 5.600 0.000
      vertex 31.600 5.600 2.200
    endloop
  endfacet
  facet normal 0 -1 0
    outer loop
      vertex 30.800 5.600 0.000
      vertex 31.600 5.600 2.200
      vertex 30.800 5.600 2.200
    endloop
  endfacet
  facet normal 0 1 0
    outer loop
      vertex 30.800 6.800 0.000
      vertex 30.800 6.800 2.200
      vertex 31.600 6.800 2.200
    endloop
  endfacet
  facet normal 0 1 0
    outer loop
      vertex 30.800 6.800 0.000
      vertex 31.600 6.800 2.200
      vertex 31.600 6.800 0.000
    endloop
  endfacet
  facet normal 0 0 -1
    outer loop
      vertex 30.800 5.600 0.000
      vertex 30.800 6.800 0.000
      vertex 31.600 6.800 0.000
    endloop
  endfacet
  facet normal 0 0 -1
    outer loop
      vertex 30.800 5.600 0.000
      vertex 31.600 6.800 0.000
      vertex 31.600 5.600 0.000
    endloop
  endfacet
  facet normal 0 0 1
    outer loop
      vertex 30.800 5.600 2.200
      vertex 31.600 5.600 2.200
      vertex 31.600 6.800 2.200
    endloop
  endfacet
  facet normal 0 0 1
    outer loop
      vertex 30.800 5.600 2.200
      vertex 31.600 6.800 2.200
      vertex 30.800 6.800 2.200
    endloop
  endfacet
endsolid rack:F16-06:-y
solid rack:F16-07:-y
  facet normal -1 0 0
    outer loop
      vertex 31.600 5.600 0.000
      vertex 31.600 5.600 2.200
      vertex 31.600 6.800 2.200
    endloop
  endfacet
  facet normal -1 0 0
    outer loop
      vertex 31.600 5.600 0.000
      vertex 31.600 6.800 2.200
      vertex 31.600 6.800 0.000
    endloop
  endfacet
  facet normal 1 0 0
    outer loop
      vertex 32.400 5.600 0.000
      vertex 32.400 6.800 0.000
      vertex 32.400 6.800 2.200
    endloop
  endfacet
  facet normal 1 0 0
    outer loop
      vertex 32.400 5.600 0.000
      vertex 32.400 6.800 2.200
      vertex 32.400 5.600 2.200
    endloop
  endfacet
  facet normal 0 -1 0
    outer loop
      vertex 31.600 5.600 0.000
      vertex 32.400 5.600 0.000
      vertex 32.400 5.600 2.200
    endloop
  endfacet
  facet normal 0 -1 0
    outer loop
      vertex 31.600 5.600 0.000
      vertex 32.400 5.600 2.200
      vertex 31.600 5.600 2.200
    endloop
  endfacet
  facet normal 0 1 0
    outer loop
      vertex 31.600 6.800 0.000
      vertex 31.600 6.800 2.200
      vertex 32.400 6.800 2.200
    endloop
  endfacet
  facet normal 0 1 0
    outer loop
      vertex 31.600 6.800 0.000
      vertex 32.400 6.800 2.200
      vertex 32.400 6.800 0.000
    endloop
  endfacet
  facet normal 0 0 -1
    outer loop
      vertex 31.600 5.600 0.000
      vertex 31.600 6.800 0.000
      vertex 32.400 6.800 0.000
    endloop
  endfacet
  facet normal 0 0 -1
    outer loop
      vertex 31.600 5.600 0.000
      vertex 32.400 6.800 0.000
      vertex 32.400 5.600 0.000
    endloop
  endfacet
  facet normal 0 0 1
    outer loop
      vertex 31.600 5.600 2.200
      vertex 32.400 5.600 2.200
      vertex 32.400 6.800 2.200
    endloop
  endfacet
  facet normal 0 0 1
    outer loop
      vertex 31.600 5.600 2.200
      vertex 32.400 6.800 2.200
      vertex 31.600 6.800 2.200
    endloop
  endfacet
endsolid rack:F16-07:-y
solid rack:F16-08:-y
  facet normal -1 0 0
    outer loop
      vertex 33.200 5.600 0.000
      vertex 33.200 5.600 2.200
      vertex 33.200 6.800 2.200
    endloop
  endfacet
  facet normal -1 0 0
    outer loop
      vertex 33.200 5.600 0.000
      vertex 33.200 6.800 2.200
      vertex 33.200 6.800 0.000
    endloop
  endfacet
  facet normal 1 0 0
    outer loop
      vertex 33.800 5.600 0.000
      vertex 33.800 6.800 0.000
      vertex 33.800 6.800 2.200
    endloop
  endfacet
  facet normal 1 0 0
    outer loop
      vertex 33.800 5.600 0.000
      vertex 33.800 6.800 2.200
      vertex 33.800 5.600 2.200
    endloop
  endfacet
  facet normal 0 -1 0
    outer loop
      vertex 33.200 5.600 0.000
      vertex 33.800 5.600 0.000
      vertex 33.800 5.600 2.200
    endloop
  endfacet
  facet normal 0 -1 0
    outer loop
      vertex 33.200 5.600 0.000
      vertex 33.800 5.600 2.200
      vertex 33.200 5.600 2.200
    endloop
  endfacet
  facet normal 0 1 0
    outer loop
      vertex 33.200 6.800 0.000
      vertex 33.200 6.800 2.200
      vertex 33.800 6.800 2.200
    endloop
  endfacet
  facet normal 0 1 0
    outer loop
      vertex 33.200 6.800 0.000
      vertex 33.800 6.800 2.200
      vertex 33.800 6.800 0.000
    endloop
  endfacet
  facet normal 0 0 -1
    outer loop
      vertex 33.200 5.600 0.000
      vertex 33.200 6.800 0.000
      vertex 33.800 6.800 0.000
    endloop
  endfacet
  facet normal 0 0 -1
    outer loop
      vertex 33.200 5.600 0.000
      vertex 33.800 6.800 0.000
      vertex 33.800 5.600 0.000
    endloop
  endfacet
  facet normal 0 0 1
    outer loop
      vertex 33.200 5.600 2.200
      vertex 33.800 5.600 2.200
      vertex 33.800 6.800 2.200
    endloop
  endfacet
  facet normal 0 0 1
    outer loop
      vertex 33.200 5.600 2.200
      vertex 33.800 6.800 2.200
      vertex 33.200 6.800 2.200
    endloop
  endfacet
endsolid rack:F16-08:-y
solid rack:F16-09:-y
  facet normal -1 0 0
    outer loop
      vertex 33.800 5.600 0.000
      vertex 33.800 5.600 2.200
      vertex 33.800 6.800 2.200
    endloop
  endfacet
  facet normal -1 0 0
    outer loop
      vertex 33.800 5.600 0.000
      vertex 33.800 6.800 2.200
      vertex 33.800 6.800 0.000
    endloop
  endfacet
  facet normal 1 0 0
    outer loop
      vertex 34.400 5.600 0.000
      vertex 34.400 6.800 0.000
      vertex 34.400 6.800 2.200
    endloop
  endfacet
  facet normal 1 0 0
    outer loop
      vertex 34.400 5.600 0.000
      vertex 34.400 6.800 2.200
      vertex 34.400 5.600 2.200
    endloop
  endfacet
  facet normal 0 -1 0
    outer loop
      vertex 33.800 5.600 0.000
      vertex 34.400 5.600 0.000
      vertex 34.400 5.600 2.200
    endloop
  endfacet
  facet normal 0 -1 0
    outer loop
      vertex 33.800 5.600 0.000
      vertex 34.400 5.600 2.200
      vertex 33.800 5.600 2.200
    endloop
  endfacet
  facet normal 0 1 0
    outer loop
      vertex 33.800 6.800 0.000
      vertex 33.800 6.800 2.200
      vertex 34.400 6.800 2.200
    endloop
  endfacet
  facet normal 0 1 0
    outer loop
      vertex 33.800 6.800 0.000
      vertex 34.400 6.800 2.200
      vertex 34.400 6.800 0.000
    endloop
  endfacet
  facet normal 0 0 -1
    outer loop
      vertex 33.800 5.600 0.000
      vertex 33.800 6.800 0.000
      vertex 34.400 6.800 0.000
    endloop
  endfacet
  facet normal 0 0 -1
    outer loop
      vertex 33.800 5.600 0.000
      vertex 34.400 6.800 0.000
      vertex 34.400 5.600 0.000
    endloop
  endfacet
  facet normal 0 0 1
    outer loop
      vertex 33.800 5.600 2.200
      vertex 34.400 5.600 2.200
      vertex 34.400 6.800 2.200
    endloop
  endfacet
  facet normal 0 0 1
    outer loop
      vertex 33.800 5.600 2.200
      vertex 34.400 6.800 2.200
      vertex 33.800 6.800 2.200
    endloop
  endfacet
endsolid rack:F16-09:-y
solid rack:F16-10:-y
  facet normal -1 0 0
    outer loop
      vertex 34.400 5.600 0.000
      vertex 34.400 5.600 2.200
      vertex 34.400 6.800 2.200
    endloop
  endfacet
  facet normal -1 0 0
    outer loop
      vertex 34.400 5.600 0.000
      vertex 34.400 6.800 2.200
      vertex 34.400 6.800 0.000
    endloop
  endfacet
  facet normal 1 0 0
    outer loop
      vertex 35.000 5.600 0.000
      vertex 35.000 6.800 0.000
      vertex 35.000 6.800 2.200
    endloop
  endfacet
  facet normal 1 0 0
    outer loop
      vertex 35.000 5.600 0.000
      vertex 35.000 6.800 2.200
      vertex 35.000 5.600 2.200
    endloop
  endfacet
  facet normal 0 -1 0
    outer loop
      vertex 34.400 5.600 0.000
      vertex 35.000 5.600 0.000
      vertex 35.000 5.600 2.200
    endloop
  endfacet
  facet normal 0 -1 0
    outer loop
      vertex 34.400 5.600 0.000
      vertex 35.000 5.600 2.200
      vertex 34.400 5.600 2.200
    endloop
  endfacet
  facet normal 0 1 0
    outer loop
      vertex 34.400 6.800 0.000
      vertex 34.400 6.800 2.200
      vertex 35.000 6.800 2.200
    endloop
  endfacet
  facet normal 0 1 0
    outer loop
      vertex 34.400 6.800 0.000
      vertex 35.000 6.800 2.200
      vertex 35.000 6.800 0.000
    endloop
  endfacet
  facet normal 0 0 -1
    outer loop
      vertex 34.400 5.600 0.000
      vertex 34.400 6.800 0.000
      vertex 35.000 6.800 0.000
    endloop
  endfacet
  facet normal 0 0 -1
    outer loop
      vertex 34.400 5.600 0.000
      vertex 35.000 6.800 0.000
      vertex 35.000 5.600 0.000
    endloop
  endfacet
  facet normal 0 0 1
    outer loop
      vertex 34.400 5.600 2.200
      vertex 35.000 5.600 2.200
      vertex 35.000 6.800 2.200
    endloop
  endfacet
  facet normal 0 0 1
    outer loop
      vertex 34.400 5.600 2.200
      vertex 35.000 6.800 2.200
      vertex 34.400 6.800 2.200
    endloop
  endfacet
endsolid rack:F16-10:-y
solid rack:F16-11:-y
  facet normal -1 0 0
    outer loop
      vertex 35.200 5.600 0.000
      vertex 35.200 5.600 2.200
      vertex 35.200 6.800 2.200
    endloop
  endfacet
  facet normal -1 0 0
    outer loop
      vertex 35.200 5.600 0.000
      vertex 35.200 6.800 2.200
      vertex 35.200 6.800 0.000
    endloop
  endfacet
  facet normal 1 0 0
    outer loop
      vertex 35.800 5.600 0.000
      vertex 35.800 6.800 0.000
      vertex 35.800 6.800 2.200
    endloop
  endfacet
  facet normal 1 0 0
    outer loop
      vertex 35.800 5.600 0.000
      vertex 35.800 6.800 2.200
      vertex 35.800 5.600 2.200
    endloop
  endfacet
  facet normal 0 -1 0
    outer loop
      vertex 35.200 5.600 0.000
      vertex 35.800 5.600 0.000
      vertex 35.800 5.600 2.200
    endloop
  endfacet
  facet normal 0 -1 0
    outer loop
      vertex 35.200 5.600 0.000
      vertex 35.800 5.600 2.200
      vertex 35.200 5.600 2.200
    endloop
  endfacet
  facet normal 0 1 0
    outer loop
      vertex 35.200 6.800 0.000
      vertex 35.200 6.800 2.200
      vertex 35.800 6.800 2.200
    endloop
  endfacet
  facet normal 0 1 0
    outer loop
      vertex 35.200 6.800 0.000
      vertex 35.800 6.800 2.200
      vertex 35.800 6.800 0.000
    endloop
  endfacet
  facet normal 0 0 -1
    outer loop
      vertex 35.200 5.600 0.000
      vertex 35.200 6.800 0.000
      vertex 35.800 6.800 0.000
    endloop
  endfacet
  facet normal 0 0 -1
    outer loop
      vertex 35.200 5.600 0.000
      vertex 35.800 6.800 0.000
      vertex 35.800 5.600 0.000
    endloop
  endfacet
  facet normal 0 0 1
    outer loop
      vertex 35.200 5.600 2.200
      vertex 35.800 5.600 2.200
      vertex 35.800 6.800 2.200
    endloop
  endfacet
  facet normal 0 0 1
    outer loop
      vertex 35.200 5.600 2.200
      vertex 35.800 6.800 2.200
      vertex 35.200 6.800 2.200
    endloop
  endfacet
endsolid rack:F16-11:-y
solid rack:F16-12:-y
  facet normal -1 0 0
    outer loop
      vertex 35.800 5.600 0.000
      vertex 35.800 5.600 2.200
      vertex 35.800 6.800 2.200
    endloop
  endfacet
  facet normal -1 0 0
    outer loop
      vertex 35.800 5.600 0.000
      vertex 35.800 6.800 2.200
      vertex 35.800 6.800 0.000
    endloop
  endfacet
  facet normal 1 0 0
    outer loop
      vertex 36.400 5.600 0.000
      vertex 36.400 6.800 0.000
      vertex 36.400 6.800 2.200
    endloop
  endfacet
  facet normal 1 0 0
    outer loop
      vertex 36.400 5.600 0.000
      vertex 36.400 6.800 2.200
      vertex 36.400 5.600 2.200
    endloop
  endfacet
  facet normal 0 -1 0
    outer loop
      vertex 35.800 5.600 0.000
      vertex 36.400 5.600 0.000
      vertex 36.400 5.600 2.200
    endloop
  endfacet
  facet normal 0 -1 0
    outer loop
      vertex 35.800 5.600 0.000
      vertex 36.400 5.600 2.200
      vertex 35.800 5.600 2.200
    endloop
  endfacet
  facet normal 0 1 0
    outer loop
      vertex 35.800 6.800 0.000
      vertex 35.800 6.800 2.200
      vertex 36.400 6.800 2.200
    endloop
  endfacet
  facet normal 0 1 0
    outer loop
      vertex 35.800 6.800 0.000
      vertex 36.400 6.800 2.200
      vertex 36.400 6.800 0.000
    endloop
  endfacet
  facet normal 0 0 -1
    outer loop
      vertex 35.800 5.600 0.000
      vertex 35.800 6.800 0.000
      vertex 36.400 6.800 0.000
    endloop
  endfacet
  facet normal 0 0 -1
    outer loop
      vertex 35.800 5.600 0.000
      vertex 36.400 6.800 0.000
      vertex 36.400 5.600 0.000
    endloop
  endfacet
  facet normal 0 0 1
    outer loop
      vertex 35.800 5.600 2.200
      vertex 36.400 5.600 2.200
      vertex 36.400 6.800 2.200
    endloop
  endfacet
  facet normal 0 0 1
    outer loop
      vertex 35.800 5.600 2.200
      vertex 36.400 6.800 2.200
      vertex 35.800 6.800 2.200
    endloop
  endfacet
endsolid rack:F16-12:-y
solid rack:F16-13:-y
  facet normal -1 0 0
    outer loop
      vertex 36.400 5.600 0.000
      vertex 36.400 5.600 2.200
      vertex 36.400 6.800 2.200
    endloop
  endfacet
  facet normal -1 0 0
    outer loop
      vertex 36.400 5.600 0.000
      vertex 36.400 6.800 2.200
      vertex 36.400 6.800 0.000
    endloop
  endfacet
  facet normal 1 0 0
    outer loop
      vertex 37.000 5.600 0.000
      vertex 37.000 6.800 0.000
      vertex 37.000 6.800 2.200
    endloop
  endfacet
  facet normal 1 0 0
    outer loop
      vertex 37.000 5.600 0.000
      vertex 37.000 6.800 2.200
      vertex 37.000 5.600 2.200
    endloop
  endfacet
  facet normal 0 -1 0
    outer loop
      vertex 36.400 5.600 0.000
      vertex 37.000 5.600 0.000
      vertex 37.000 5.600 2.200
    endloop
  endfacet
  facet normal 0 -1 0
    outer loop
      vertex 36.400 5.600 0.000
      vertex 37.000 5.600 2.200
      vertex 36.400 5.600 2.200
    endloop
  endfacet
  facet normal 0 1 0
    outer loop
      vertex 36.400 6.800 0.000
      vertex 36.400 6.800 2.200
      vertex 37.000 6.800 2.200
    endloop
  endfacet
  facet normal 0 1 0
    outer loop
      vertex 36.400 6.800 0.000
      vertex 37.000 6.800 2.200
      vertex 37.000 6.800 0.000
    endloop
  endfacet
  facet normal 0 0 -1
    outer loop
      vertex 36.400 5.600 0.000
      vertex 36.400 6.800 0.000
      vertex 37.000 6.800 0.000
    endloop
  endfacet
  facet normal 0 0 -1
    outer loop
      vertex 36.400 5.600 0.000
      vertex 37.000 6.800 0.000
      vertex 37.000 5.600 0.000
    endloop
  endfacet
  facet normal 0 0 1
    outer loop
      vertex 36.400 5.600 2.200
      vertex 37.000 5.600 2.200
      vertex 37.000 6.800 2.200
    endloop
  endfacet
  facet normal 0 0 1
    outer loop
      vertex 36.400 5.600 2.200
      vertex 37.000 6.800 2.200
      vertex 36.400 6.800 2.200
    endloop
  endfacet
endsolid rack:F16-13:-y
solid rack:F16-14:-y
  facet normal -1 0 0
    outer loop
      vertex 37.000 5.600 0.000
      vertex 37.000 5.600 2.200
      vertex 37.000 6.800 2.200
    endloop
  endfacet
  facet normal -1 0 0
    outer loop
      vertex 37.000 5.600 0.000
      vertex 37.000 6.800 2.200
      vertex 37.000 6.800 0.000
    endloop
  endfacet
  facet normal 1 0 0
    outer loop
      vertex 37.600 5.600 0.000
      vertex 37.600 6.800 0.000
      vertex 37.600 6.800 2.200
    endloop
  endfacet
  facet normal 1 0 0
    outer loop
      vertex 37.600 5.600 0.000
      vertex 37.600 6.800 2.200
      vertex 37.600 5.600 2.200
    endloop
  endfacet
  facet normal 0 -1 0
    outer loop
      vertex 37.000 5.600 0.000
      vertex 37.600 5.600 0.000
      vertex 37.600 5.600 2.200
    endloop
  endfacet
  facet normal 0 -1 0
    outer loop
      vertex 37.000 5.600 0.000
      vertex 37.600 5.600 2.200
      vertex 37.000 5.600 2.200
    endloop
  endfacet
  facet normal 0 1 0
    outer loop
      vertex 37.000 6.800 0.000
      vertex 37.000 6.800 2.200
      vertex 37.600 6.800 2.200
    endloop
  endfacet
  facet normal 0 1 0
    outer loop
      vertex 37.000 6.800 0.000
      vertex 37.600 6.800 2.200
      vertex 37.600 6.800 0.000
    endloop
  endfacet
  facet normal 0 0 -1
    outer loop
      vertex 37.000 5.600 0.000
      vertex 37.000 6.800 0.000
      vertex 37.600 6.800 0.000
    endloop
  endfacet
  facet normal 0 0 -1
    outer loop
      vertex 37.000 5.600 0.000
      vertex 37.600 6.800 0.000
      vertex 37.600 5.600 0.000
    endloop
  endfacet
  facet normal 0 0 1
    outer loop
      vertex 37.000 5.600 2.200
      vertex 37.600 5.600 2.200
      vertex 37.600 6.800 2.200
    endloop
  endfacet
  facet normal 0 0 1
    outer loop
      vertex 37.000 5.600 2.200
      vertex 37.600 6.800 2.200
      vertex 37.000 6.800 2.200
    endloop
  endfacet
endsolid rack:F16-14:-y
solid unit:U01:+x
  facet normal -1 0 0
    outer loop
      vertex 5.400 4.200 0.000
      vertex 5.400 4.200 3.600
      vertex 5.400 8.200 3.600
    endloop
  endfacet
  facet normal -1 0 0
    outer loop
      vertex 5.400 4.200 0.000
      vertex 5.400 8.200 3.600
      vertex 5.400 8.200 0.000
    endloop
  endfacet
  facet normal 1 0 0
    outer loop
      vertex 7.200 4.200 0.000
      vertex 7.200 8.200 0.000
      vertex 7.200 8.200 3.600
    endloop
  endfacet
  facet normal 1 0 0
    outer loop
      vertex 7.200 4.200 0.000
      vertex 7.200 8.200 3.600
      vertex 7.200 4.200 3.600
    endloop
  endfacet
  facet normal 0 -1 0
    outer loop
      vertex 5.400 4.200 0.000
      vertex 7.200 4.200 0.000
      vertex 7.200 4.200 3.600
    endloop
  endfacet
  facet normal 0 -1 0
    outer loop
      vertex 5.400 4.200 0.000
      vertex 7.200 4.200 3.600
      vertex 5.400 4.200 3.600
    endloop
  endfacet
  facet normal 0 1 0
    outer loop
      vertex 5.400 8.200 0.000
      vertex 5.400 8.200 3.600
      vertex 7.200 8.200 3.600
    endloop
  endfacet
  facet normal 0 1 0
    outer loop
      vertex 5.400 8.200 0.000
      vertex 7.200 8.200 3.600
      vertex 7.200 8.200 0.000
    endloop
  endfacet
  facet normal 0 0 -1
    outer loop
      vertex 5.400 4.200 0.000
      vertex 5.400 8.200 0.000
      vertex 7.200 8.200 0.000
    endloop
  endfacet
  facet normal 0 0 -1
    outer loop
      vertex 5.400 4.200 0.000
      vertex 7.200 8.200 0.000
      vertex 7.200 4.200 0.000
    endloop
  endfacet
  facet normal 0 0 1
    outer loop
      vertex 5.400 4.200 3.600
      vertex 7.200 4.200 3.600
      vertex 7.200 8.200 3.600
    endloop
  endfacet
  facet normal 0 0 1
    outer loop
      vertex 5.400 4.200 3.600
      vertex 7.200 8.200 3.600
      vertex 5.400 8.200 3.600
    endloop
  endfacet
endsolid unit:U01:+x
solid unit:U02:+x
  facet normal -1 0 0
    outer loop
      vertex 5.400 13.000 0.000
      vertex 5.400 13.000 3.600
      vertex 5.400 17.000 3.600
    endloop
  endfacet
  facet normal -1 0 0
    outer loop
      vertex 5.400 13.000 0.000
      vertex 5.400 17.000 3.600
      vertex 5.400 17.000 0.000
    endloop
  endfacet
  facet normal 1 0 0
    outer loop
      vertex 7.200 13.000 0.000
      vertex 7.200 17.000 0.000
      vertex 7.200 17.000 3.600
    endloop
  endfacet
  facet normal 1 0 0
    outer loop
      vertex 7.200 13.000 0.000
      vertex 7.200 17.000 3.600
      vertex 7.200 13.000 3.600
    endloop
  endfacet
  facet normal 0 -1 0
    outer loop
      vertex 5.400 13.000 0.000
      vertex 7.200 13.000 0.000
      vertex 7.200 13.000 3.600
    endloop
  endfacet
  facet normal 0 -1 0
    outer loop
      vertex 5.400 13.000 0.000
      vertex 7.200 13.000 3.600
      vertex 5.400 13.000 3.600
    endloop
  endfacet
  facet normal 0 1 0
    outer loop
      vertex 5.400 17.000 0.000
      vertex 5.400 17.000 3.600
      vertex 7.200 17.000 3.600
    endloop
  endfacet
  facet normal 0 1 0
    outer loop
      vertex 5.400 17.000 0.000
      vertex 7.200 17.000 3.600
      vertex 7.200 17.000 0.000
    endloop
  endfacet
  facet normal 0 0 -1
    outer loop
      vertex 5.400 13.000 0.000
      vertex 5.400 17.000 0.000
      vertex 7.200 17.000 0.000
    endloop
  endfacet
  facet normal 0 0 -1
    outer loop
      vertex 5.400 13.000 0.000
      vertex 7.200 17.000 0.000
      vertex 7.200 13.000 0.000
    endloop
  endfacet
  facet normal 0 0 1
    outer loop
      vertex 5.400 13.000 3.600
      vertex 7.200 13.000 3.600
      vertex 7.200 17.000 3.600
    endloop
  endfacet
  facet normal 0 0 1
    outer loop
      vertex 5.400 13.000 3.600
      vertex 7.200 17.000 3.600
      vertex 5.400 17.000 3.600
    endloop
  endfacet
endsolid unit:U02:+x
solid unit:U03:+x
  facet normal -1 0 0
    outer loop
      vertex 5.400 21.600 0.000
      vertex 5.400 21.600 3.600
      vertex 5.400 25.600 3.600
    endloop
  endfacet
  facet normal -1 0 0
    outer loop
      vertex 5.400 21.600 0.000
      vertex 5.400 25.600 3.600
      vertex 5.400 25.600 0.000
    endloop
  endfacet
  facet normal 1 0 0
    outer loop
      vertex 7.200 21.600 0.000
      vertex 7.200 25.600 0.000
      vertex 7.200 25.600 3.600
    endloop
  endfacet
  facet normal 1 0 0
    outer loop
      vertex 7.200 21.600 0.000
      vertex 7.200 25.600 3.600
      vertex 7.200 21.600 3.600
    endloop
  endfacet
  facet normal 0 -1 0
    outer loop
      vertex 5.400 21.600 0.000
      vertex 7.200 21.600 0.000
      vertex 7.200 21.600 3.600
    endloop
  endfacet
  facet normal 0 -1 0
    outer loop
      vertex 5.400 21.600 0.000
      vertex 7.200 21.600 3.600
      vertex 5.400 21.600 3.600
    endloop
  endfacet
  facet normal 0 1 0
    outer loop
      vertex 5.400 25.600 0.000
      vertex 5.400 25.600 3.600
      vertex 7.200 25.600 3.600
    endloop
  endfacet
  facet normal 0 1 0
    outer loop
      vertex 5.400 25.600 0.000
      vertex 7.200 25.600 3.600
      vertex 7.200 25.600 0.000
    endloop
  endfacet
  facet normal 0 0 -1
    outer loop
      vertex 5.400 21.600 0.000
      vertex 5.400 25.600 0.000
      vertex 7.200 25.600 0.000
    endloop
  endfacet
  facet normal 0 0 -1
    outer loop
      vertex 5.400 21.600 0.000
      vertex 7.200 25.600 0.000
      vertex 7.200 21.600 0.000
    endloop
  endfacet
  facet normal 0 0 1
    outer loop
      vertex 5.400 21.600 3.600
      vertex 7.200 21.600 3.600
      vertex 7.200 25.600 3.600
    endloop
  endfacet
  facet normal 0 0 1
    outer loop
      vertex 5.400 21.600 3.600
      vertex 7.200 25.600 3.600
      vertex 5.400 25.600 3.600
    endloop
  endfacet
endsolid unit:U03:+x
solid unit:U04:+x
  facet normal -1 0 0
    outer loop
      vertex 5.400 30.000 0.000
      vertex 5.400 30.000 3.600
      vertex 5.400 34.000 3.600
    endloop
  endfacet
  facet normal -1 0 0
    outer loop
      vertex 5.400 30.000 0.000
      vertex 5.400 34.000 3.600
      vertex 5.400 34.000 0.000
    endloop
  endfacet
  facet normal 1 0 0
    outer loop
      vertex 7.200 30.000 0.000
      vertex 7.200 34.000 0.000
      vertex 7.200 34.000 3.600
    endloop
  endfacet
  facet normal 1 0 0
    outer loop
      vertex 7.200 30.000 0.000
      vertex 7.200 34.000 3.600
      vertex 7.200 30.000 3.600
    endloop
  endfacet
  facet normal 0 -1 0
    outer loop
      vertex 5.400 30.000 0.000
      vertex 7.200 30.000 0.000
      vertex 7.200 30.000 3.600
    endloop
  endfacet
  facet normal 0 -1 0
    outer loop
      vertex 5.400 30.000 0.000
      vertex 7.200 30.000 3.600
      vertex 5.400 30.000 3.600
    endloop
  endfacet
  facet normal 0 1 0
    outer loop
      vertex 5.400 34.000 0.000
      vertex 5.400 34.000 3.600
      vertex 7.200 34.000 3.600
    endloop
  endfacet
  facet normal 0 1 0
    outer loop
      vertex 5.400 34.000 0.000
      vertex 7.200 34.000 3.600
      vertex 7.200 34.000 0.000
    endloop
  endfacet
  facet normal 0 0 -1
    outer loop
      vertex 5.400 30.000 0.000
      vertex 5.400 34.000 0.000
      vertex 7.200 34.000 0.000
    endloop
  endfacet
  facet normal 0 0 -1
    outer loop
      vertex 5.400 30.000 0.000
      vertex 7.200 34.000 0.000
      vertex 7.200 30.000 0.000
    endloop
  endfacet
  facet normal 0 0 1
    outer loop
      vertex 5.400 30.000 3.600
      vertex 7.200 30.000 3.600
      vertex 7.200 34.000 3.600
    endloop
  endfacet
  facet normal 0 0 1
    outer loop
      vertex 5.400 30.000 3.600
      vertex 7.200 34.000 3.600
      vertex 5.400 34.000 3.600
    endloop
  endfacet
endsolid unit:U04:+x
solid unit:U05:-x
  facet normal -1 0 0
    outer loop
      vertex 41.200 4.200 0.000
      vertex 41.200 4.200 3.600
      vertex 41.200 8.200 3.600
    endloop
  endfacet
  facet normal -1 0 0
    outer loop
      vertex 41.200 4.200 0.000
      vertex 41.200 8.200 3.600
      vertex 41.200 8.200 0.000
    endloop
  endfacet
  facet normal 1 0 0
    outer loop
      vertex 43.000 4.200 0.000
      vertex 43.000 8.200 0.000
      vertex 43.000 8.200 3.600
    endloop
  endfacet
  facet normal 1 0 0
    outer loop
      vertex 43.000 4.200 0.000
      vertex 43.000 8.200 3.600
      vertex 43.000 4.200 3.600
    endloop
  endfacet
  facet normal 0 -1 0
    outer loop
      vertex 41.200 4.200 0.000
      vertex 43.000 4.200 0.000
      vertex 43.000 4.200 3.600
    endloop
  endfacet
  facet normal 0 -1 0
    outer loop
      vertex 41.200 4.200 0.000
      vertex 43.000 4.200 3.600
      vertex 41.200 4.200 3.600
    endloop
  endfacet
  facet normal 0 1 0
    outer loop
      vertex 41.200 8.200 0.000
      vertex 41.200 8.200 3.600
      vertex 43.000 8.200 3.600
    endloop
  endfacet
  facet normal 0 1 0
    outer loop
      vertex 41.200 8.200 0.000
      vertex 43.000 8.200 3.600
      vertex 43.000 8.200 0.000
    endloop
  endfacet
  facet normal 0 0 -1
    outer loop
      vertex 41.200 4.200 0.000
      vertex 41.200 8.200 0.000
      vertex 43.000 8.200 0.000
    endloop
  endfacet
  facet normal 0 0 -1
    outer loop
      vertex 41.200 4.200 0.000
      vertex 43.000 8.200 0.000
      vertex 43.000 4.200 0.000
    endloop
  endfacet
  facet normal 0 0 1
    outer loop
      vertex 41.200 4.200 3.600
      vertex 43.000 4.200 3.600
      vertex 43.000 8.200 3.600
    endloop
  endfacet
  facet normal 0 0 1
    outer loop
      vertex 41.200 4.200 3.600
      vertex 43.000 8.200 3.600
      vertex 41.200 8.200 3.600
    endloop
  endfacet
endsolid unit:U05:-x
solid unit:U06:-x
  facet normal -1 0 0
    outer loop
      vertex 41.200 13.000 0.000
      vertex 41.200 13.000 3.600
      vertex 41.200 17.000 3.600
    endloop
  endfacet
  facet normal -1 0 0
    outer loop
      vertex 41.200 13.000 0.000
      vertex 41.200 17.000 3.600
      vertex 41.200 17.000 0.000
    endloop
  endfacet
  facet normal 1 0 0
    outer loop
      vertex 43.000 13.000 0.000
      vertex 43.000 17.000 0.000
      vertex 43.000 17.000 3.600
    endloop
  endfacet
  facet normal 1 0 0
    outer loop
      vertex 43.000 13.000 0.000
      vertex 43.000 17.000 3.600
      vertex 43.000 13.000 3.600
    endloop
  endfacet
  facet normal 0 -1 0
    outer loop
      vertex 41.200 13.000 0.000
      vertex 43.000 13.000 0.000
      vertex 43.000 13.000 3.600
    endloop
  endfacet
  facet normal 0 -1 0
    outer loop
      vertex 41.200 13.000 0.000
      vertex 43.000 13.000 3.600
      vertex 41.200 13.000 3.600
    endloop
  endfacet
  facet normal 0 1 0
    outer loop
      vertex 41.200 17.000 0.000
      vertex 41.200 17.000 3.600
      vertex 43.000 17.000 3.600
    endloop
  endfacet
  facet normal 0 1 0
    outer loop
      vertex 41.200 17.000 0.000
      vertex 43.000 17.000 3.600
      vertex 43.000 17.000 0.000
    endloop
  endfacet
  facet normal 0 0 -1
    outer loop
      vertex 41.200 13.000 0.000
      vertex 41.200 17.000 0.000
      vertex 43.000 17.000 0.000
    endloop
  endfacet
  facet normal 0 0 -1
    outer loop
      vertex 41.200 13.000 0.000
      vertex 43.000 17.000 0.000
      vertex 43.000 13.000 0.000
    endloop
  endfacet
  facet normal 0 0 1
    outer loop
      vertex 41.200 13.000 3.600
      vertex 43.000 13.000 3.600
      vertex 43.000 17.000 3.600
    endloop
  endfacet
  facet normal 0 0 1
    outer loop
      vertex 41.200 13.000 3.600
      vertex 43.000 17.000 3.600
      vertex 41.200 17.000 3.600
    endloop
  endfacet
endsolid unit:U06:-x
solid unit:U07:-x
  facet normal -1 0 0
    outer loop
      vertex 41.200 21.600 0.000
      vertex 41.200 21.600 3.600
      vertex 41.200 25.600 3.600
    endloop
  endfacet
  facet normal -1 0 0
    outer loop
      vertex 41.200 21.600 0.000
      vertex 41.200 25.600 3.600
      vertex 41.200 25.600 0.000
    endloop
  endfacet
  facet normal 1 0 0
    outer loop
      vertex 43.000 21.600 0.000
      vertex 43.000 25.600 0.000
      vertex 43.000 25.600 3.600
    endloop
  endfacet
  facet normal 1 0 0
    outer loop
      vertex 43.000 21.600 0.000
      vertex 43.000 25.600 3.600
      vertex 43.000 21.600 3.600
    endloop
  endfacet
  facet normal 0 -1 0
    outer loop
      vertex 41.200 21.600 0.000
      vertex 43.000 21.600 0.000
      vertex 43.000 21.600 3.600
    endloop
  endfacet
  facet normal 0 -1 0
    outer loop
      vertex 41.200 21.600 0.000
      vertex 43.000 21.600 3.600
      vertex 41.200 21.600 3.600
    endloop
  endfacet
  facet normal 0 1 0
    outer loop
      vertex 41.200 25.600 0.000
      vertex 41.200 25.600 3.600
      vertex 43.000 25.600 3.600
    endloop
  endfacet
  facet normal 0 1 0
    outer loop
      vertex 41.200 25.600 0.000
      vertex 43.000 25.600 3.600
      vertex 43.000 25.600 0.000
    endloop
  endfacet
  facet normal 0 0 -1
    outer loop
      vertex 41.200 21.600 0.000
      vertex 41.200 25.600 0.000
      vertex 43.000 25.600 0.000
    endloop
  endfacet
  facet normal 0 0 -1
    outer loop
      vertex 41.200 21.600 0.000
      vertex 43.000 25.600 0.000
      vertex 43.000 21.600 0.000
    endloop
  endfacet
  facet normal 0 0 1
    outer loop
      vertex 41.200 21.600 3.600
      vertex 43.000 21.600 3.600
      vertex 43.000 25.600 3.600
    endloop
  endfacet
  facet normal 0 0 1
    outer loop
      vertex 41.200 21.600 3.600
      vertex 43.000 25.600 3.600
      vertex 41.200 25.600 3.600
    endloop
  endfacet
endsolid unit:U07:-x
solid unit:U08:-x
  facet normal -1 0 0
    outer loop
      vertex 41.200 30.000 0.000
      vertex 41.200 30.000 3.600
      vertex 41.200 34.000 3.600
    endloop
  endfacet
  facet normal -1 0 0
    outer loop
      vertex 41.200 30.000 0.000
      vertex 41.200 34.000 3.600
      vertex 41.200 34.000 0.000
    endloop
  endfacet
  facet normal 1 0 0
    outer loop
      vertex 43.000 30.000 0.000
      vertex 43.000 34.000 0.000
      vertex 43.000 34.000 3.600
    endloop
  endfacet
  facet normal 1 0 0
    outer loop
      vertex 43.000 30.000 0.000
      vertex 43.000 34.000 3.600
      vertex 43.000 30.000 3.600
    endloop
  endfacet
  facet normal 0 -1 0
    outer loop
      vertex 41.200 30.000 0.000
      vertex 43.000 30.000 0.000
      vertex 43.000 30.000 3.600
    endloop
  endfacet
  facet normal 0 -1 0
    outer loop
      vertex 41.200 30.000 0.000
      vertex 43.000 30.000 3.600
      vertex 41.200 30.000 3.600
    endloop
  endfacet
  facet normal 0 1 0
    outer loop
      vertex 41.200 34.000 0.000
      vertex 41.200 34.000 3.600
      vertex 43.000 34.000 3.600
    endloop
  endfacet
  facet normal 0 1 0
    outer loop
      vertex 41.200 34.000 0.000
      vertex 43.000 34.000 3.600
      vertex 43.000 34.000 0.000
    endloop
  endfacet
  facet normal 0 0 -1
    outer loop
      vertex 41.200 30.000 0.000
      vertex 41.200 34.000 0.000
      vertex 43.000 34.000 0.000
    endloop
  endfacet
  facet normal 0 0 -1
    outer loop
      vertex 41.200 30.000 0.000
      vertex 43.000 34.000 0.000
      vertex 43.000 30.000 0.000
    endloop
  endfacet
  facet normal 0 0 1
    outer loop
      vertex 41.200 30.000 3.600
      vertex 43.000 30.000 3.600
      vertex 43.000 34.000 3.600
    endloop
  endfacet
  facet normal 0 0 1
    outer loop
      vertex 41.200 30.000 3.600
      vertex 43.000 34.000 3.600
      vertex 41.200 34.000 3.600
    endloop
  endfacet
endsolid unit:U08:-x
solid wall:h1_s
  facet normal 0 1 0
    outer loop
      vertex 25.800 6.800 2.200
      vertex 25.800 6.800 6.000
      vertex 37.600 6.800 6.000
    endloop
  endfacet
  facet normal 0 1 0
    outer loop
      vertex 25.800 6.800 2.200
      vertex 37.600 6.800 6.000
      vertex 37.600 6.800 2.200
    endloop
  endfacet
endsolid wall:h1_s
solid wall:h1_n
  facet normal 0 1 0
    outer loop
      vertex 25.800 9.200 2.200
      vertex 25.800 9.200 6.000
      vertex 37.600 9.200 6.000
    endloop
  endfacet
  facet normal 0 1 0
    outer loop
      vertex 25.800 9.200 2.200
      vertex 37.600 9.200 6.000
      vertex 37.600 9.200 2.200
    endloop
  endfacet
endsolid wall:h1_n
solid wall:h2_s
  facet normal 0 1 0
    outer loop
      vertex 26.600 14.600 2.200
      vertex 26.600 14.600 6.000
      vertex 37.600 14.600 6.000
    endloop
  endfacet
  facet normal 0 1 0
    outer loop
      vertex 26.600 14.600 2.200
      vertex 37.600 14.600 6.000
      vertex 37.600 14.600 2.200
    endloop
  endfacet
endsolid wall:h2_s
solid wall:h2_n
  facet normal 0 1 0
    outer loop
      vertex 26.600 17.000 2.200
      vertex 26.600 17.000 6.000
      vertex 37.600 17.000 6.000
    endloop
  endfacet
  facet normal 0 1 0
    outer loop
      vertex 26.600 17.000 2.200
      vertex 37.600 17.000 6.000
      vertex 37.600 17.000 2.200
    endloop
  endfacet
endsolid wall:h2_n
solid wall:h3_s
  facet normal 0 1 0
    outer loop
      vertex 25.800 23.000 2.200
      vertex 25.800 23.000 6.000
      vertex 37.600 23.000 6.000
    endloop
  endfacet
  facet normal 0 1 0
    outer loop
      vertex 25.800 23.000 2.200
      vertex 37.600 23.000 6.000
      vertex 37.600 23.000 2.200
    endloop
  endfacet
endsolid wall:h3_s
solid wall:h3_n
  facet normal 0 1 0
    outer loop
      vertex 25.800 25.400 2.200
      vertex 25.800 25.400 6.000
      vertex 37.600 25.400 6.000
    endloop
  endfacet
  facet normal 0 1 0
    outer loop
      vertex 25.800 25.400 2.200
      vertex 37.600 25.400 6.000
      vertex 37.600 25.400 2.200
    endloop
  endfacet
endsolid wall:h3_n
solid wall:h4_s
  facet normal 0 1 0
    outer loop
      vertex 25.800 30.800 2.200
      vertex 25.800 30.800 6.000
      vertex 37.600 30.800 6.000
    endloop
  endfacet
  facet normal 0 1 0
    outer loop
      vertex 25.800 30.800 2.200
      vertex 37.600 30.800 6.000
      vertex 37.600 30.800 2.200
    endloop
  endfacet
endsolid wall:h4_s
solid wall:h4_n
  facet normal 0 1 0
    outer loop
      vertex 25.800 33.200 2.200
      vertex 25.800 33.200 6.000
      vertex 37.600 33.200 6.000
    endloop
  endfacet
  facet normal 0 1 0
    outer loop
      vertex 25.800 33.200 2.200
      vertex 37.600 33.200 6.000
      vertex 37.600 33.200 2.200
    endloop
  endfacet
endsolid wall:h4_n
solid wall:h5_s
  facet normal 0 1 0
    outer loop
      vertex 11.400 6.800 2.200
      vertex 11.400 6.800 6.000
      vertex 23.000 6.800 6.000
    endloop
  endfacet
  facet normal 0 1 0
    outer loop
      vertex 11.400 6.800 2.200
      vertex 23.000 6.800 6.000
      vertex 23.000 6.800 2.200
    endloop
  endfacet
endsolid wall:h5_s
solid wall:h5_n
  facet normal 0 1 0
    outer loop
      vertex 11.400 9.200 2.200
      vertex 11.400 9.200 6.000
      vertex 23.000 9.200 6.000
    endloop
  endfacet
  facet normal 0 1 0
    outer loop
      vertex 11.400 9.200 2.200
      vertex 23.000 9.200 6.000
      vertex 23.000 9.200 2.200
    endloop
  endfacet
endsolid wall:h5_n
solid wall:h6_s
  facet normal 0 1 0
    outer loop
      vertex 11.400 14.600 2.200
      vertex 11.400 14.600 6.000
      vertex 22.400 14.600 6.000
    endloop
  endfacet
  facet normal 0 1 0
    outer loop
      vertex 11.400 14.600 2.200
      vertex 22.400 14.600 6.000
      vertex 22.400 14.600 2.200
    endloop
  endfacet
endsolid wall:h6_s
solid wall:h6_n
  facet normal 0 1 0
    outer loop
      vertex 11.400 17.000 2.200
      vertex 11.400 17.000 6.000
      vertex 22.400 17.000 6.000
    endloop
  endfacet
  facet normal 0 1 0
    outer loop
      vertex 11.400 17.000 2.200
      vertex 22.400 17.000 6.000
      vertex 22.400 17.000 2.200
    endloop
  endfacet
endsolid wall:h6_n
solid wall:h7_s
  facet normal 0 1 0
    outer loop
      vertex 11.400 23.000 2.200
      vertex 11.400 23.000 6.000
      vertex 23.200 23.000 6.000
    endloop
  endfacet
  facet normal 0 1 0
    outer loop
      vertex 11.400 23.000 2.200
      vertex 23.200 23.000 6.000
      vertex 23.200 23.000 2.200
    endloop
  endfacet
endsolid wall:h7_s
solid wall:h7_n
  facet normal 0 1 0
    outer loop
      vertex 11.400 25.400 2.200
      vertex 11.400 25.400 6.000
      vertex 23.200 25.400 6.000
    endloop
  endfacet
  facet normal 0 1 0
    outer loop
      vertex 11.400 25.400 2.200
      vertex 23.200 25.400 6.000
      vertex 23.200 25.400 2.200
    endloop
  endfacet
endsolid wall:h7_n
solid wall:h8_s
  facet normal 0 1 0
    outer loop
      vertex 11.400 30.800 2.200
      vertex 11.400 30.800 6.000
      vertex 23.000 30.800 6.000
    endloop
  endfacet
  facet normal 0 1 0
    outer loop
      vertex 11.400 30.800 2.200
      vertex 23.000 30.800 6.000
      vertex 23.000 30.800 2.200
    endloop
  endfacet
endsolid wall:h8_s
solid wall:h8_n
  facet normal 0 1 0
    outer loop
      vertex 11.400 33.200 2.200
      vertex 11.400 33.200 6.000
      vertex 23.000 33.200 6.000
    endloop
  endfacet
  facet normal 0 1 0
    outer loop
      vertex 11.400 33.200 2.200
      vertex 23.000 33.200 6.000
      vertex 23.000 33.200 2.200
    endloop
  endfacet
endsolid wall:h8_n
solid door:h1_w
  facet normal 1 0 0
    outer loop
      vertex 25.800 6.800 0.000
      vertex 25.800 9.200 0.000
      vertex 25.800 9.200 6.000
    endloop
  endfacet
  facet normal 1 0 0
    outer loop
      vertex 25.800 6.800 0.000
      vertex 25.800 9.200 6.000
      vertex 25.800 6.800 6.000
    endloop
  endfacet
endsolid door:h1_w
solid door:h1_e
  facet normal 1 0 0
    outer loop
      vertex 37.600 6.800 0.000
      vertex 37.600 9.200 0.000
      vertex 37.600 9.200 6.000
    endloop
  endfacet
  facet normal 1 0 0
    outer loop
      vertex 37.600 6.800 0.000
      vertex 37.600 9.200 6.000
      vertex 37.600 6.800 6.000
    endloop
  endfacet
endsolid door:h1_e
solid door:h2_w
  facet normal 1 0 0
    outer loop
      vertex 26.600 14.600 0.000
      vertex 26.600 17.000 0.000
      vertex 26.600 17.000 6.000
    endloop
  endfacet
  facet normal 1 0 0
    outer loop
      vertex 26.600 14.600 0.000
      vertex 26.600 17.000 6.000
      vertex 26.600 14.600 6.000
    endloop
  endfacet
endsolid door:h2_w
solid door:h2_e
  facet normal 1 0 0
    outer loop
      vertex 37.600 14.600 0.000
      vertex 37.600 17.000 0.000
      vertex 37.600 17.000 6.000
    endloop
  endfacet
  facet normal 1 0 0
    outer loop
      vertex 37.600 14.600 0.000
      vertex 37.600 17.000 6.000
      vertex 37.600 14.600 6.000
    endloop
  endfacet
endsolid door:h2_e
solid door:h3_w
  facet normal 1 0 0
    outer loop
      vertex 25.800 23.000 0.000
      vertex 25.800 25.400 0.000
      vertex 25.800 25.400 6.000
    endloop
  endfacet
  facet normal 1 0 0
    outer loop
      vertex 25.800 23.000 0.000
      vertex 25.800 25.400 6.000
      vertex 25.800 23.000 6.000
    endloop
  endfacet
endsolid door:h3_w
solid door:h3_e
  facet normal 1 0 0
    outer loop
      vertex 37.600 23.000 0.000
      vertex 37.600 25.400 0.000
      vertex 37.600 25.400 6.000
    endloop
  endfacet
  facet normal 1 0 0
    outer loop
      vertex 37.600 23.000 0.000
      vertex 37.600 25.400 6.000
      vertex 37.600 23.000 6.000
    endloop
  endfacet
endsolid door:h3_e
solid door:h4_w
  facet normal 1 0 0
    outer loop
      vertex 25.800 30.800 0.000
      vertex 25.800 33.200 0.000
      vertex 25.800 33.200 6.000
    endloop
  endfacet
  facet normal 1 0 0
    outer loop
      vertex 25.800 30.800 0.000
      vertex 25.800 33.200 6.000
      vertex 25.800 30.800 6.000
    endloop
  endfacet
endsolid door:h4_w
solid door:h4_e
  facet normal 1 0 0
    outer loop
      vertex 37.600 30.800 0.000
      vertex 37.600 33.200 0.000
      vertex 37.600 33.200 6.000
    endloop
  endfacet
  facet normal 1 0 0
    outer loop
      vertex 37.600 30.800 0.000
      vertex 37.600 33.200 6.000
      vertex 37.600 30.800 6.000
    endloop
  endfacet
endsolid door:h4_e
solid door:h5_w
  facet normal 1 0 0
    outer loop
      vertex 11.400 6.800 0.000
      vertex 11.400 9.200 0.000
      vertex 11.400 9.200 6.000
    endloop
  endfacet
  facet normal 1 0 0
    outer loop
      vertex 11.400 6.800 0.000
      vertex 11.400 9.200 6.000
      vertex 11.400 6.800 6.000
    endloop
  endfacet
endsolid door:h5_w
solid door:h5_e
  facet normal 1 0 0
    outer loop
      vertex 23.000 6.800 0.000
      vertex 23.000 9.200 0.000
      vertex 23.000 9.200 6.000
    endloop
  endfacet
  facet normal 1 0 0
    outer loop
      vertex 23.000 6.800 0.000
      vertex 23.000 9.200 6.000
      vertex 23.000 6.800 6.000
    endloop
  endfacet
endsolid door:h5_e
solid door:h6_w
  facet normal 1 0 0
    outer loop
      vertex 11.400 14.600 0.000
      vertex 11.400 17.000 0.000
      vertex 11.400 17.000 6.000
    endloop
  endfacet
  facet normal 1 0 0
    outer loop
      vertex 11.400 14.600 0.000
      vertex 11.400 17.000 6.000
      vertex 11.400 14.600 6.000
    endloop
  endfacet
endsolid door:h6_w
solid door:h6_e
  facet normal 1 0 0
    outer loop
      vertex 22.400 14.600 0.000
      vertex 22.400 17.000 0.000
      vertex 22.400 17.000 6.000
    endloop
  endfacet
  facet normal 1 0 0
    outer loop
      vertex 22.400 14.600 0.000
      vertex 22.400 17.000 6.000
      vertex 22.400 14.600 6.000
    endloop
  endfacet
endsolid door:h6_e
solid door:h7_w
  facet normal 1 0 0
    outer loop
      vertex 11.400 23.000 0.000
      vertex 11.400 25.400 0.000
      vertex 11.400 25.400 6.000
    endloop
  endfacet
  facet normal 1 0 0
    outer loop
      vertex 11.400 23.000 0.000
      vertex 11.400 25.400 6.000
      vertex 11.400 23.000 6.000
    endloop
  endfacet
endsolid door:h7_w
solid door:h7_e
  facet normal 1 0 0
    outer loop
      vertex 23.200 23.000 0.000
      vertex 23.200 25.400 0.000
      vertex 23.200 25.400 6.000
    endloop
  endfacet
  facet normal 1 0 0
    outer loop
      vertex 23.200 23.000 0.000
      vertex 23.200 25.400 6.000
      vertex 23.200 23.000 6.000
    endloop
  endfacet
endsolid door:h7_e
solid door:h8_w
  facet normal 1 0 0
    outer loop
      vertex 11.400 30.800 0.000
      vertex 11.400 33.200 0.000
      vertex 11.400 33.200 6.000
    endloop
  endfacet
  facet normal 1 0 0
    outer loop
      vertex 11.400 30.800 0.000
      vertex 11.400 33.200 6.000
      vertex 11.400 30.800 6.000
    endloop
  endfacet
endsolid door:h8_w
solid door:h8_e
  facet normal 1 0 0
    outer loop
      vertex 23.000 30.800 0.000
      vertex 23.000 33.200 0.000
      vertex 23.000 33.200 6.000
    endloop
  endfacet
  facet normal 1 0 0
    outer loop
      vertex 23.000 30.800 0.000
      vertex 23.000 33.200 6.000
      vertex 23.000 30.800 6.000
    endloop
  endfacet
endsolid door:h8_e
solid blank:F16_1
  facet normal 0 1 0
    outer loop
      vertex 27.000 6.800 0.000
      vertex 27.000 6.800 2.200
      vertex 27.600 6.800 2.200
    endloop
  endfacet
  facet normal 0 1 0
    outer loop
      vertex 27.000 6.800 0.000
      vertex 27.600 6.800 2.200
      vertex 27.600 6.800 0.000
    endloop
  endfacet
endsolid blank:F16_1
solid blank:F16_2
  facet normal 0 1 0
    outer loop
      vertex 30.000 6.800 0.000
      vertex 30.000 6.800 2.200
      vertex 30.800 6.800 2.200
    endloop
  endfacet
  facet normal 0 1 0
    outer loop
      vertex 30.000 6.800 0.000
      vertex 30.800 6.800 2.200
      vertex 30.800 6.800 0.000
    endloop
  endfacet
endsolid blank:F16_2
solid blank:F16_3
  facet normal 0 1 0
    outer loop
      vertex 32.400 6.800 0.000
      vertex 32.400 6.800 2.200
      vertex 33.200 6.800 2.200
    endloop
  endfacet
  facet normal 0 1 0
    outer loop
      vertex 32.400 6.800 0.000
      vertex 33.200 6.800 2.200
      vertex 33.200 6.800 0.000
    endloop
  endfacet
endsolid blank:F16_3
solid blank:F16_4
  facet normal 0 1 0
    outer loop
      vertex 35.000 6.800 0.000
      vertex 35.000 6.800 2.200
      vertex 35.200 6.800 2.200
    endloop
  endfacet
  facet normal 0 1 0
    outer loop
      vertex 35.000 6.800 0.000
      vertex 35.200 6.800 2.200
      vertex 35.200 6.800 0.000
    endloop
  endfacet
endsolid blank:F16_4
solid blank:F14_1
  facet normal 0 1 0
    outer loop
      vertex 25.800 9.200 0.000
      vertex 25.800 9.200 2.200
      vertex 26.600 9.200 2.200
    endloop
  endfacet
  facet normal 0 1 0
    outer loop
      vertex 25.800 9.200 0.000
      vertex 26.600 9.200 2.200
      vertex 26.600 9.200 0.000
    endloop
  endfacet
endsolid blank:F14_1
solid blank:F14_2
  facet normal 0 1 0
    outer loop
      vertex 27.400 9.200 0.000
      vertex 27.400 9.200 2.200
      vertex 27.600 9.200 2.200
    endloop
  endfacet
  facet normal 0 1 0
    outer loop
      vertex 27.400 9.200 0.000
      vertex 27.600 9.200 2.200
      vertex 27.600 9.200 0.000
    endloop
  endfacet
endsolid blank:F14_2
solid blank:F14_3
  facet normal 0 1 0
    outer loop
      vertex 30.000 9.200 0.000
      vertex 30.000 9.200 2.200
      vertex 30.200 9.200 2.200
    endloop
  endfacet
  facet normal 0 1 0
    outer loop
      vertex 30.000 9.200 0.000
      vertex 30.200 9.200 2.200
      vertex 30.200 9.200 0.000
    endloop
  endfacet
endsolid blank:F14_3
solid blank:F14_4
  facet normal 0 1 0
    outer loop
      vertex 32.400 9.200 0.000
      vertex 32.400 9.200 2.200
      vertex 33.200 9.200 2.200
    endloop
  endfacet
  facet normal 0 1 0
    outer loop
      vertex 32.400 9.200 0.000
      vertex 33.200 9.200 2.200
      vertex 33.200 9.200 0.000
    endloop
  endfacet
endsolid blank:F14_4
solid blank:F14_5
  facet normal 0 1 0
    outer loop
      vertex 35.000 9.200 0.000
      vertex 35.000 9.200 2.200
      vertex 35.200 9.200 2.200
    endloop
  endfacet
  facet normal 0 1 0
    outer loop
      vertex 35.000 9.200 0.000
      vertex 35.200 9.200 2.200
      vertex 35.200 9.200 0.000
    endloop
  endfacet
endsolid blank:F14_5
solid blank:F12_1
  facet normal 0 1 0
    outer loop
      vertex 27.400 14.600 0.000
      vertex 27.400 14.600 2.200
      vertex 27.600 14.600 2.200
    endloop
  endfacet
  facet normal 0 1 0
    outer loop
      vertex 27.400 14.600 0.000
      vertex 27.600 14.600 2.200
      vertex 27.600 14.600 0.000
    endloop
  endfacet
endsolid blank:F12_1
solid blank:F12_2
  facet normal 0 1 0
    outer loop
      vertex 30.000 14.600 0.000
      vertex 30.000 14.600 2.200
      vertex 30.800 14.600 2.200
    endloop
  endfacet
  facet normal 0 1 0
    outer loop
      vertex 30.000 14.600 0.000
      vertex 30.800 14.600 2.200
      vertex 30.800 14.600 0.000
    endloop
  endfacet
endsolid blank:F12_2
solid blank:F12_3
  facet normal 0 1 0
    outer loop
      vertex 32.400 14.600 0.000
      vertex 32.400 14.600 2.200
      vertex 32.600 14.600 2.200
    endloop
  endfacet
  facet normal 0 1 0
    outer loop
      vertex 32.400 14.600 0.000
      vertex 32.600 14.600 2.200
      vertex 32.600 14.600 0.000
    endloop
  endfacet
endsolid blank:F12_3
solid blank:F12_4
  facet normal 0 1 0
    outer loop
      vertex 35.000 14.600 0.000
      vertex 35.000 14.600 2.200
      vertex 35.200 14.600 2.200
    endloop
  endfacet
  facet normal 0 1 0
    outer loop
      vertex 35.000 14.600 0.000
      vertex 35.200 14.600 2.200
      vertex 35.200 14.600 0.000
    endloop
  endfacet
endsolid blank:F12_4
solid blank:F10_1
  facet normal 0 1 0
    outer loop
      vertex 27.400 17.000 0.000
      vertex 27.400 17.000 2.200
      vertex 27.600 17.000 2.200
    endloop
  endfacet
  facet normal 0 1 0
    outer loop
      vertex 27.400 17.000 0.000
      vertex 27.600 17.000 2.200
      vertex 27.600 17.000 0.000
    endloop
  endfacet
endsolid blank:F10_1
solid blank:F10_2
  facet normal 0 1 0
    outer loop
      vertex 30.000 17.000 0.000
      vertex 30.000 17.000 2.200
      vertex 30.200 17.000 2.200
    endloop
  endfacet
  facet normal 0 1 0
    outer loop
      vertex 30.000 17.000 0.000
      vertex 30.200 17.000 2.200
      vertex 30.200 17.000 0.000
    endloop
  endfacet
endsolid blank:F10_2
solid blank:F10_3
  facet normal 0 1 0
    outer loop
      vertex 32.400 17.000 0.000
      vertex 32.400 17.000 2.200
      vertex 33.200 17.000 2.200
    endloop
  endfacet
  facet normal 0 1 0
    outer loop
      vertex 32.400 17.000 0.000
      vertex 33.200 17.000 2.200
      vertex 33.200 17.000 0.000
    endloop
  endfacet
endsolid blank:F10_3
solid blank:F10_4
  facet normal 0 1 0
    outer loop
      vertex 35.000 17.000 0.000
      vertex 35.000 17.000 2.200
      vertex 35.200 17.000 2.200
    endloop
  endfacet
  facet normal 0 1 0
    outer loop
      vertex 35.000 17.000 0.000
      vertex 35.200 17.000 2.200
      vertex 35.200 17.000 0.000
    endloop
  endfacet
endsolid blank:F10_4
solid blank:F8_1
  facet normal 0 1 0
    outer loop
      vertex 27.400 23.000 0.000
      vertex 27.400 23.000 2.200
      vertex 27.600 23.000 2.200
    endloop
  endfacet
  facet normal 0 1 0
    outer loop
      vertex 27.400 23.000 0.000
      vertex 27.600 23.000 2.200
      vertex 27.600 23.000 0.000
    endloop
  endfacet
endsolid blank:F8_1
solid blank:F8_2
  facet normal 0 1 0
    outer loop
      vertex 30.000 23.000 0.000
      vertex 30.000 23.000 2.200
      vertex 30.800 23.000 2.200
    endloop
  endfacet
  facet normal 0 1 0
    outer loop
      vertex 30.000 23.000 0.000
      vertex 30.800 23.000 2.200
      vertex 30.800 23.000 0.000
    endloop
  endfacet
endsolid blank:F8_2
solid blank:F8_3
  facet normal 0 1 0
    outer loop
      vertex 32.400 23.000 0.000
      vertex 32.400 23.000 2.200
      vertex 33.200 23.000 2.200
    endloop
  endfacet
  facet normal 0 1 0
    outer loop
      vertex 32.400 23.000 0.000
      vertex 33.200 23.000 2.200
      vertex 33.200 23.000 0.000
    endloop
  endfacet
endsolid blank:F8_3
solid blank:F8_4
  facet normal 0 1 0
    outer loop
      vertex 35.000 23.000 0.000
      vertex 35.000 23.000 2.200
      vertex 35.200 23.000 2.200
    endloop
  endfacet
  facet normal 0 1 0
    outer loop
      vertex 35.000 23.000 0.000
      vertex 35.200 23.000 2.200
      vertex 35.200 23.000 0.000
    endloop
  endfacet
endsolid blank:F8_4
solid blank:F6_1
  facet normal 0 1 0
    outer loop
      vertex 25.800 25.400 0.000
      vertex 25.800 25.400 2.200
      vertex 26.600 25.400 2.200
    endloop
  endfacet
  facet normal 0 1 0
    outer loop
      vertex 25.800 25.400 0.000
      vertex 26.600 25.400 2.200
      vertex 26.600 25.400 0.000
    endloop
  endfacet
endsolid blank:F6_1
solid blank:F6_2
  facet normal 0 1 0
    outer loop
      vertex 27.400 25.400 0.000
      vertex 27.400 25.400 2.200
      vertex 27.600 25.400 2.200
    endloop
  endfacet
  facet normal 0 1 0
    outer loop
      vertex 27.400 25.400 0.000
      vertex 27.600 25.400 2.200
      vertex 27.600 25.400 0.000
    endloop
  endfacet
endsolid blank:F6_2
solid blank:F6_3
  facet normal 0 1 0
    outer loop
      vertex 30.000 25.400 0.000
      vertex 30.000 25.400 2.200
      vertex 30.200 25.400 2.200
    endloop
  endfacet
  facet normal 0 1 0
    outer loop
      vertex 30.000 25.400 0.000
      vertex 30.200 25.400 2.200
      vertex 30.200 25.400 0.000
    endloop
  endfacet
endsolid blank:F6_3
solid blank:F6_4
  facet normal 0 1 0
    outer loop
      vertex 32.400 25.400 0.000
      vertex 32.400 25.400 2.200
      vertex 33.800 25.400 2.200
    endloop
  endfacet
  facet normal 0 1 0
    outer loop
      vertex 32.400 25.400 0.000
      vertex 33.800 25.400 2.200
      vertex 33.800 25.400 0.000
    endloop
  endfacet
endsolid blank:F6_4
solid blank:F6_5
  facet normal 0 1 0
    outer loop
      vertex 35.000 25.400 0.000
      vertex 35.000 25.400 2.200
      vertex 35.200 25.400 2.200
    endloop
  endfacet
  facet normal 0 1 0
    outer loop
      vertex 35.000 25.400 0.000
      vertex 35.200 25.400 2.200
      vertex 35.200 25.400 0.000
    endloop
  endfacet
endsolid blank:F6_5
solid blank:F4_1
  facet normal 0 1 0
    outer loop
      vertex 27.400 30.800 0.000
      vertex 27.400 30.800 2.200
      vertex 27.600 30.800 2.200
    endloop
  endfacet
  facet normal 0 1 0
    outer loop
      vertex 27.400 30.800 0.000
      vertex 27.600 30.800 2.200
      vertex 27.600 30.800 0.000
    endloop
  endfacet
endsolid blank:F4_1
solid blank:F4_2
  facet normal 0 1 0
    outer loop
      vertex 30.000 30.800 0.000
      vertex 30.000 30.800 2.200
      vertex 30.800 30.800 2.200
    endloop
  endfacet
  facet normal 0 1 0
    outer loop
      vertex 30.000 30.800 0.000
      vertex 30.800 30.800 2.200
      vertex 30.800 30.800 0.000
    endloop
  endfacet
endsolid blank:F4_2
solid blank:F4_3
  facet normal 0 1 0
    outer loop
      vertex 32.400 30.800 0.000
      vertex 32.400 30.800 2.200
      vertex 32.600 30.800 2.200
    endloop
  endfacet
  facet normal 0 1 0
    outer loop
      vertex 32.400 30.800 0.000
      vertex 32.600 30.800 2.200
      vertex 32.600 30.800 0.000
    endloop
  endfacet
endsolid blank:F4_3
solid blank:F4_4
  facet normal 0 1 0
    outer loop
      vertex 35.000 30.800 0.000
      vertex 35.000 30.800 2.200
      vertex 35.200 30.800 2.200
    endloop
  endfacet
  facet normal 0 1 0
    outer loop
      vertex 35.000 30.800 0.000
      vertex 35.200 30.800 2.200
      vertex 35.200 30.800 0.000
    endloop
  endfacet
endsolid blank:F4_4
solid blank:F2_1
  facet normal 0 1 0
    outer loop
      vertex 25.800 33.200 0.000
      vertex 25.800 33.200 2.200
      vertex 26.600 33.200 2.200
    endloop
  endfacet
  facet normal 0 1 0
    outer loop
      vertex 25.800 33.200 0.000
      vertex 26.600 33.200 2.200
      vertex 26.600 33.200 0.000
    endloop
  endfacet
endsolid blank:F2_1
solid blank:F2_2
  facet normal 0 1 0
    outer loop
      vertex 27.400 33.200 0.000
      vertex 27.400 33.200 2.200
      vertex 27.800 33.200 2.200
    endloop
  endfacet
  facet normal 0 1 0
    outer loop
      vertex 27.400 33.200 0.000
      vertex 27.800 33.200 2.200
      vertex 27.800 33.200 0.000
    endloop
  endfacet
endsolid blank:F2_2
solid blank:F2_3
  facet normal 0 1 0
    outer loop
      vertex 30.000 33.200 0.000
      vertex 30.000 33.200 2.200
      vertex 30.200 33.200 2.200
    endloop
  endfacet
  facet normal 0 1 0
    outer loop
      vertex 30.000 33.200 0.000
      vertex 30.200 33.200 2.200
      vertex 30.200 33.200 0.000
    endloop
  endfacet
endsolid blank:F2_3
solid blank:F2_4
  facet normal 0 1 0
    outer loop
      vertex 32.400 33.200 0.000
      vertex 32.400 33.200 2.200
      vertex 33.200 33.200 2.200
    endloop
  endfacet
  facet normal 0 1 0
    outer loop
      vertex 32.400 33.200 0.000
      vertex 33.200 33.200 2.200
      vertex 33.200 33.200 0.000
    endloop
  endfacet
endsolid blank:F2_4
solid blank:F2_5
  facet normal 0 1 0
    outer loop
      vertex 35.000 33.200 0.000
      vertex 35.000 33.200 2.200
      vertex 35.200 33.200 2.200
    endloop
  endfacet
  facet normal 0 1 0
    outer loop
      vertex 35.000 33.200 0.000
      vertex 35.200 33.200 2.200
      vertex 35.200 33.200 0.000
    endloop
  endfacet
endsolid blank:F2_5
solid blank:F15_1
  facet normal 0 1 0
    outer loop
      vertex 13.800 6.800 0.000
      vertex 13.800 6.800 2.200
      vertex 14.000 6.800 2.200
    endloop
  endfacet
  facet normal 0 1 0
    outer loop
      vertex 13.800 6.800 0.000
      vertex 14.000 6.800 2.200
      vertex 14.000 6.800 0.000
    endloop
  endfacet
endsolid blank:F15_1
solid blank:F15_2
  facet normal 0 1 0
    outer loop
      vertex 16.400 6.800 0.000
      vertex 16.400 6.800 2.200
      vertex 16.600 6.800 2.200
    endloop
  endfacet
  facet normal 0 1 0
    outer loop
      vertex 16.400 6.800 0.000
      vertex 16.600 6.800 2.200
      vertex 16.600 6.800 0.000
    endloop
  endfacet
endsolid blank:F15_2
solid blank:F15_3
  facet normal 0 1 0
    outer loop
      vertex 18.800 6.800 0.000
      vertex 18.800 6.800 2.200
      vertex 19.000 6.800 2.200
    endloop
  endfacet
  facet normal 0 1 0
    outer loop
      vertex 18.800 6.800 0.000
      vertex 19.000 6.800 2.200
      vertex 19.000 6.800 0.000
    endloop
  endfacet
endsolid blank:F15_3
solid blank:F15_4
  facet normal 0 1 0
    outer loop
      vertex 20.600 6.800 0.000
      vertex 20.600 6.800 2.200
      vertex 21.600 6.800 2.200
    endloop
  endfacet
  facet normal 0 1 0
    outer loop
      vertex 20.600 6.800 0.000
      vertex 21.600 6.800 2.200
      vertex 21.600 6.800 0.000
    endloop
  endfacet
endsolid blank:F15_4
solid blank:F15_5
  facet normal 0 1 0
    outer loop
      vertex 22.400 6.800 0.000
      vertex 22.400 6.800 2.200
      vertex 23.000 6.800 2.200
    endloop
  endfacet
  facet normal 0 1 0
    outer loop
      vertex 22.400 6.800 0.000
      vertex 23.000 6.800 2.200
      vertex 23.000 6.800 0.000
    endloop
  endfacet
endsolid blank:F15_5
solid blank:F13_1
  facet normal 0 1 0
    outer loop
      vertex 13.200 9.200 0.000
      vertex 13.200 9.200 2.200
      vertex 14.600 9.200 2.200
    endloop
  endfacet
  facet normal 0 1 0
    outer loop
      vertex 13.200 9.200 0.000
      vertex 14.600 9.200 2.200
      vertex 14.600 9.200 0.000
    endloop
  endfacet
endsolid blank:F13_1
solid blank:F13_2
  facet normal 0 1 0
    outer loop
      vertex 16.400 9.200 0.000
      vertex 16.400 9.200 2.200
      vertex 16.600 9.200 2.200
    endloop
  endfacet
  facet normal 0 1 0
    outer loop
      vertex 16.400 9.200 0.000
      vertex 16.600 9.200 2.200
      vertex 16.600 9.200 0.000
    endloop
  endfacet
endsolid blank:F13_2
solid blank:F13_3
  facet normal 0 1 0
    outer loop
      vertex 20.400 9.200 0.000
      vertex 20.400 9.200 2.200
      vertex 21.400 9.200 2.200
    endloop
  endfacet
  facet normal 0 1 0
    outer loop
      vertex 20.400 9.200 0.000
      vertex 21.400 9.200 2.200
      vertex 21.400 9.200 0.000
    endloop
  endfacet
endsolid blank:F13_3
solid blank:F11_1
  facet normal 0 1 0
    outer loop
      vertex 13.800 14.600 0.000
      vertex 13.800 14.600 2.200
      vertex 14.000 14.600 2.200
    endloop
  endfacet
  facet normal 0 1 0
    outer loop
      vertex 13.800 14.600 0.000
      vertex 14.000 14.600 2.200
      vertex 14.000 14.600 0.000
    endloop
  endfacet
endsolid blank:F11_1
solid blank:F11_2
  facet normal 0 1 0
    outer loop
      vertex 16.400 14.600 0.000
      vertex 16.400 14.600 2.200
      vertex 16.600 14.600 2.200
    endloop
  endfacet
  facet normal 0 1 0
    outer loop
      vertex 16.400 14.600 0.000
      vertex 16.600 14.600 2.200
      vertex 16.600 14.600 0.000
    endloop
  endfacet
endsolid blank:F11_2
solid blank:F11_3
  facet normal 0 1 0
    outer loop
      vertex 18.800 14.600 0.000
      vertex 18.800 14.600 2.200
      vertex 19.000 14.600 2.200
    endloop
  endfacet
  facet normal 0 1 0
    outer loop
      vertex 18.800 14.600 0.000
      vertex 19.000 14.600 2.200
      vertex 19.000 14.600 0.000
    endloop
  endfacet
endsolid blank:F11_3
solid blank:F11_4
  facet normal 0 1 0
    outer loop
      vertex 21.400 14.600 0.000
      vertex 21.400 14.600 2.200
      vertex 21.600 14.600 2.200
    endloop
  endfacet
  facet normal 0 1 0
    outer loop
      vertex 21.400 14.600 0.000
      vertex 21.600 14.600 2.200
      vertex 21.600 14.600 0.000
    endloop
  endfacet
endsolid blank:F11_4
solid blank:F9_1
  facet normal 0 1 0
    outer loop
      vertex 13.200 17.000 0.000
      vertex 13.200 17.000 2.200
      vertex 14.600 17.000 2.200
    endloop
  endfacet
  facet normal 0 1 0
    outer loop
      vertex 13.200 17.000 0.000
      vertex 14.600 17.000 2.200
      vertex 14.600 17.000 0.000
    endloop
  endfacet
endsolid blank:F9_1
solid blank:F9_2
  facet normal 0 1 0
    outer loop
      vertex 16.400 17.000 0.000
      vertex 16.400 17.000 2.200
      vertex 16.600 17.000 2.200
    endloop
  endfacet
  facet normal 0 1 0
    outer loop
      vertex 16.400 17.000 0.000
      vertex 16.600 17.000 2.200
      vertex 16.600 17.000 0.000
    endloop
  endfacet
endsolid blank:F9_2
solid blank:F9_3
  facet normal 0 1 0
    outer loop
      vertex 18.800 17.000 0.000
      vertex 18.800 17.000 2.200
      vertex 19.000 17.000 2.200
    endloop
  endfacet
  facet normal 0 1 0
    outer loop
      vertex 18.800 17.000 0.000
      vertex 19.000 17.000 2.200
      vertex 19.000 17.000 0.000
    endloop
  endfacet
endsolid blank:F9_3
solid blank:F9_4
  facet normal 0 1 0
    outer loop
      vertex 20.600 17.000 0.000
      vertex 20.600 17.000 2.200
      vertex 21.600 17.000 2.200
    endloop
  endfacet
  facet normal 0 1 0
    outer loop
      vertex 20.600 17.000 0.000
      vertex 21.600 17.000 2.200
      vertex 21.600 17.000 0.000
    endloop
  endfacet
endsolid blank:F9_4
solid blank:F7_1
  facet normal 0 1 0
    outer loop
      vertex 13.200 23.000 0.000
      vertex 13.200 23.000 2.200
      vertex 14.000 23.000 2.200
    endloop
  endfacet
  facet normal 0 1 0
    outer loop
      vertex 13.200 23.000 0.000
      vertex 14.000 23.000 2.200
      vertex 14.000 23.000 0.000
    endloop
  endfacet
endsolid blank:F7_1
solid blank:F7_2
  facet normal 0 1 0
    outer loop
      vertex 16.400 23.000 0.000
      vertex 16.400 23.000 2.200
      vertex 17.200 23.000 2.200
    endloop
  endfacet
  facet normal 0 1 0
    outer loop
      vertex 16.400 23.000 0.000
      vertex 17.200 23.000 2.200
      vertex 17.200 23.000 0.000
    endloop
  endfacet
endsolid blank:F7_2
solid blank:F7_3
  facet normal 0 1 0
    outer loop
      vertex 18.800 23.000 0.000
      vertex 18.800 23.000 2.200
      vertex 19.000 23.000 2.200
    endloop
  endfacet
  facet normal 0 1 0
    outer loop
      vertex 18.800 23.000 0.000
      vertex 19.000 23.000 2.200
      vertex 19.000 23.000 0.000
    endloop
  endfacet
endsolid blank:F7_3
solid blank:F7_4
  facet normal 0 1 0
    outer loop
      vertex 21.400 23.000 0.000
      vertex 21.400 23.000 2.200
      vertex 21.600 23.000 2.200
    endloop
  endfacet
  facet normal 0 1 0
    outer loop
      vertex 21.400 23.000 0.000
      vertex 21.600 23.000 2.200
      vertex 21.600 23.000 0.000
    endloop
  endfacet
endsolid blank:F7_4
solid blank:F5_1
  facet normal 0 1 0
    outer loop
      vertex 13.800 25.400 0.000
      vertex 13.800 25.400 2.200
      vertex 14.400 25.400 2.200
    endloop
  endfacet
  facet normal 0 1 0
    outer loop
      vertex 13.800 25.400 0.000
      vertex 14.400 25.400 2.200
      vertex 14.400 25.400 0.000
    endloop
  endfacet
endsolid blank:F5_1
solid blank:F5_2
  facet normal 0 1 0
    outer loop
      vertex 15.600 25.400 0.000
      vertex 15.600 25.400 2.200
      vertex 16.400 25.400 2.200
    endloop
  endfacet
  facet normal 0 1 0
    outer loop
      vertex 15.600 25.400 0.000
      vertex 16.400 25.400 2.200
      vertex 16.400 25.400 0.000
    endloop
  endfacet
endsolid blank:F5_2
solid blank:F5_3
  facet normal 0 1 0
    outer loop
      vertex 18.600 25.400 0.000
      vertex 18.600 25.400 2.200
      vertex 18.800 25.400 2.200
    endloop
  endfacet
  facet normal 0 1 0
    outer loop
      vertex 18.600 25.400 0.000
      vertex 18.800 25.400 2.200
      vertex 18.800 25.400 0.000
    endloop
  endfacet
endsolid blank:F5_3
solid blank:F5_4
  facet normal 0 1 0
    outer loop
      vertex 20.400 25.400 0.000
      vertex 20.400 25.400 2.200
      vertex 21.400 25.400 2.200
    endloop
  endfacet
  facet normal 0 1 0
    outer loop
      vertex 20.400 25.400 0.000
      vertex 21.400 25.400 2.200
      vertex 21.400 25.400 0.000
    endloop
  endfacet
endsolid blank:F5_4
solid blank:F5_5
  facet normal 0 1 0
    outer loop
      vertex 22.200 25.400 0.000
      vertex 22.200 25.400 2.200
      vertex 23.200 25.400 2.200
    endloop
  endfacet
  facet normal 0 1 0
    outer loop
      vertex 22.200 25.400 0.000
      vertex 23.200 25.400 2.200
      vertex 23.200 25.400 0.000
    endloop
  endfacet
endsolid blank:F5_5
solid blank:F3_1
  facet normal 0 1 0
    outer loop
      vertex 13.800 30.800 0.000
      vertex 13.800 30.800 2.200
      vertex 14.000 30.800 2.200
    endloop
  endfacet
  facet normal 0 1 0
    outer loop
      vertex 13.800 30.800 0.000
      vertex 14.000 30.800 2.200
      vertex 14.000 30.800 0.000
    endloop
  endfacet
endsolid blank:F3_1
solid blank:F3_2
  facet normal 0 1 0
    outer loop
      vertex 16.400 30.800 0.000
      vertex 16.400 30.800 2.200
      vertex 16.600 30.800 2.200
    endloop
  endfacet
  facet normal 0 1 0
    outer loop
      vertex 16.400 30.800 0.000
      vertex 16.600 30.800 2.200
      vertex 16.600 30.800 0.000
    endloop
  endfacet
endsolid blank:F3_2
solid blank:F3_3
  facet normal 0 1 0
    outer loop
      vertex 18.800 30.800 0.000
      vertex 18.800 30.800 2.200
      vertex 19.000 30.800 2.200
    endloop
  endfacet
  facet normal 0 1 0
    outer loop
      vertex 18.800 30.800 0.000
      vertex 19.000 30.800 2.200
      vertex 19.000 30.800 0.000
    endloop
  endfacet
endsolid blank:F3_3
solid blank:F3_4
  facet normal 0 1 0
    outer loop
      vertex 20.600 30.800 0.000
      vertex 20.600 30.800 2.200
      vertex 23.000 30.800 2.200
    endloop
  endfacet
  facet normal 0 1 0
    outer loop
      vertex 20.600 30.800 0.000
      vertex 23.000 30.800 2.200
      vertex 23.000 30.800 0.000
    endloop
  endfacet
endsolid blank:F3_4
solid blank:F1_1
  facet normal 0 1 0
    outer loop
      vertex 13.200 33.200 0.000
      vertex 13.200 33.200 2.200
      vertex 14.400 33.200 2.200
    endloop
  endfacet
  facet normal 0 1 0
    outer loop
      vertex 13.200 33.200 0.000
      vertex 14.400 33.200 2.200
      vertex 14.400 33.200 0.000
    endloop
  endfacet
endsolid blank:F1_1
solid blank:F1_2
  facet normal 0 1 0
    outer loop
      vertex 16.200 33.200 0.000
      vertex 16.200 33.200 2.200
      vertex 16.400 33.200 2.200
    endloop
  endfacet
  facet normal 0 1 0
    outer loop
      vertex 16.200 33.200 0.000
      vertex 16.400 33.200 2.200
      vertex 16.400 33.200 0.000
    endloop
  endfacet
endsolid blank:F1_2
solid blank:F1_3
  facet normal 0 1 0
    outer loop
      vertex 18.600 33.200 0.000
      vertex 18.600 33.200 2.200
      vertex 18.800 33.200 2.200
    endloop
  endfacet
  facet normal 0 1 0
    outer loop
      vertex 18.600 33.200 0.000
      vertex 18.800 33.200 2.200
      vertex 18.800 33.200 0.000
    endloop
  endfacet
endsolid blank:F1_3
solid blank:F1_4
  facet normal 0 1 0
    outer loop
      vertex 20.400 33.200 0.000
      vertex 20.400 33.200 2.200
      vertex 21.400 33.200 2.200
    endloop
  endfacet
  facet normal 0 1 0
    outer loop
      vertex 20.400 33.200 0.000
      vertex 21.400 33.200 2.200
      vertex 21.400 33.200 0.000
    endloop
  endfacet
endsolid blank:F1_4
solid grille:h1-01-1
  facet normal 0 0 1
    outer loop
      vertex 25.800 6.800 6.000
      vertex 26.400 6.800 6.000
      vertex 26.400 7.400 6.000
    endloop
  endfacet
  facet normal 0 0 1
    outer loop
      vertex 25.800 6.800 6.000
      vertex 26.400 7.400 6.000
      vertex 25.800 7.400 6.000
    endloop
  endfacet
endsolid grille:h1-01-1
solid grille:h1-01-2
  facet normal 0 0 1
    outer loop
      vertex 25.800 7.400 6.000
      vertex 26.400 7.400 6.000
      vertex 26.400 8.000 6.000
    endloop
  endfacet
  facet normal 0 0 1
    outer loop
      vertex 25.800 7.400 6.000
      vertex 26.400 8.000 6.000
      vertex 25.800 8.000 6.000
    endloop
  endfacet
endsolid grille:h1-01-2
solid grille:h1-01-3
  facet normal 0 0 1
    outer loop
      vertex 25.800 8.000 6.000
      vertex 26.400 8.000 6.000
      vertex 26.400 8.600 6.000
    endloop
  endfacet
  facet normal 0 0 1
    outer loop
      vertex 25.800 8.000 6.000
      vertex 26.400 8.600 6.000
      vertex 25.800 8.600 6.000
    endloop
  endfacet
endsolid grille:h1-01-3
solid grille:h1-01-4
  facet normal 0 0 1
    outer loop
      vertex 25.800 8.600 6.000
      vertex 26.400 8.600 6.000
      vertex 26.400 9.200 6.000
    endloop
  endfacet
  facet normal 0 0 1
    outer loop
      vertex 25.800 8.600 6.000
      vertex 26.400 9.200 6.000
      vertex 25.800 9.200 6.000
    endloop
  endfacet
endsolid grille:h1-01-4
solid grille:h1-02-1
  facet normal 0 0 1
    outer loop
      vertex 26.400 6.800 6.000
      vertex 27.000 6.800 6.000
      vertex 27.000 7.400 6.000
    endloop
  endfacet
  facet normal 0 0 1
    outer loop
      vertex 26.400 6.800 6.000
      vertex 27.000 7.400 6.000
      vertex 26.400 7.400 6.000
    endloop
  endfacet
endsolid grille:h1-02-1
solid grille:h1-02-2
  facet normal 0 0 1
    outer loop
      vertex 26.400 7.400 6.000
      vertex 27.000 7.400 6.000
      vertex 27.000 8.000 6.000
    endloop
  endfacet
  facet normal 0 0 1
    outer loop
      vertex 26.400 7.400 6.000
      vertex 27.000 8.000 6.000
      vertex 26.400 8.000 6.000
    endloop
  endfacet
endsolid grille:h1-02-2
solid grille:h1-02-3
  facet normal 0 0 1
    outer loop
      vertex 26.400 8.000 6.000
      vertex 27.000 8.000 6.000
      vertex 27.000 8.600 6.000
    endloop
  endfacet
  facet normal 0 0 1
    outer loop
      vertex 26.400 8.000 6.000
      vertex 27.000 8.600 6.000
      vertex 26.400 8.600 6.000
    endloop
  endfacet
endsolid grille:h1-02-3
solid grille:h1-02-4
  facet normal 0 0 1
    outer loop
      vertex 26.400 8.600 6.000
      vertex 27.000 8.600 6.000
      vertex 27.000 9.200 6.000
    endloop
  endfacet
  facet normal 0 0 1
    outer loop
      vertex 26.400 8.600 6.000
      vertex 27.000 9.200 6.000
      vertex 26.400 9.200 6.000
    endloop
  endfacet
endsolid grille:h1-02-4
solid grille:h1-03-1
  facet normal 0 0 1
    outer loop
      vertex 27.000 6.800 6.000
      vertex 27.600 6.800 6.000
      vertex 27.600 7.400 6.000
    endloop
  endfacet
  facet normal 0 0 1
    outer loop
      vertex 27.000 6.800 6.000
      vertex 27.600 7.400 6.000
      vertex 27.000 7.400 6.000
    endloop
  endfacet
endsolid grille:h1-03-1
solid grille:h1-03-2
  facet normal 0 0 1
    outer loop
      vertex 27.000 7.400 6.000
      vertex 27.600 7.400 6.000
      vertex 27.600 8.000 6.000
    endloop
  endfacet
  facet normal 0 0 1
    outer loop
      vertex 27.000 7.400 6.000
      vertex 27.600 8.000 6.000
      vertex 27.000 8.000 6.000
    endloop
  endfacet
endsolid grille:h1-03-2
solid grille:h1-03-3
  facet normal 0 0 1
    outer loop
      vertex 27.000 8.000 6.000
      vertex 27.600 8.000 6.000
      vertex 27.600 8.600 6.000
    endloop
  endfacet
  facet normal 0 0 1
    outer loop
      vertex 27.000 8.000 6.000
      vertex 27.600 8.600 6.000
      vertex 27.000 8.600 6.000
    endloop
  endfacet
endsolid grille:h1-03-3
solid grille:h1-03-4
  facet normal 0 0 1
    outer loop
      vertex 27.000 8.600 6.000
      vertex 27.600 8.600 6.000
      vertex 27.600 9.200 6.000
    endloop
  endfacet
  facet normal 0 0 1
    outer loop
      vertex 27.000 8.600 6.000
      vertex 27.600 9.200 6.000
      vertex 27.000 9.200 6.000
    endloop
  endfacet
endsolid grille:h1-03-4
solid grille:h1-04-1
  facet normal 0 0 1
    outer loop
      vertex 27.600 6.800 6.000
      vertex 28.200 6.800 6.000
      vertex 28.200 7.400 6.000
    endloop
  endfacet
  facet normal 0 0 1
    outer loop
      vertex 27.600 6.800 6.000
      vertex 28.200 7.400 6.000
      vertex 27.600 7.400 6.000
    endloop
  endfacet
endsolid grille:h1-04-1
solid grille:h1-04-2
  facet normal 0 0 1
    outer loop
      vertex 27.600 7.400 6.000
      vertex 28.200 7.400 6.000
      vertex 28.200 8.000 6.000
    endloop
  endfacet
  facet normal 0 0 1
    outer loop
      vertex 27.600 7.400 6.000
      vertex 28.200 8.000 6.000
      vertex 27.600 8.000 6.000
    endloop
  endfacet
endsolid grille:h1-04-2
solid grille:h1-04-3
  facet normal 0 0 1
    outer loop
      vertex 27.600 8.000 6.000
      vertex 28.200 8.000 6.000
      vertex 28.200 8.600 6.000
    endloop
  endfacet
  facet normal 0 0 1
    outer loop
      vertex 27.600 8.000 6.000
      vertex 28.200 8.600 6.000
      vertex 27.600 8.600 6.000
    endloop
  endfacet
endsolid grille:h1-04-3
solid grille:h1-04-4
  facet normal 0 0 1
    outer loop
      vertex 27.600 8.600 6.000
      vertex 28.200 8.600 6.000
      vertex 28.200 9.200 6.000
    endloop
  endfacet
  facet normal 0 0 1
    outer loop
      vertex 27.600 8.600 6.000
      vertex 28.200 9.200 6.000
      vertex 27.600 9.200 6.000
    endloop
  endfacet
endsolid grille:h1-04-4
solid grille:h1-05-1
  facet normal 0 0 1
    outer loop
      vertex 28.200 6.800 6.000
      vertex 28.800 6.800 6.000
      vertex 28.800 7.400 6.000
    endloop
  endfacet
  facet normal 0 0 1
    outer loop
      vertex 28.200 6.800 6.000
      vertex 28.800 7.400 6.000
      vertex 28.200 7.400 6.000
    endloop
  endfacet
endsolid grille:h1-05-1
solid grille:h1-05-2
  facet normal 0 0 1
    outer loop
      vertex 28.200 7.400 6.000
      vertex 28.800 7.400 6.000
      vertex 28.800 8.000 6.000
    endloop
  endfacet
  facet normal 0 0 1
    outer loop
      vertex 28.200 7.400 6.000
      vertex 28.800 8.000 6.000
      vertex 28.200 8.000 6.000
    endloop
  endfacet
endsolid grille:h1-05-2
solid grille:h1-05-3
  facet normal 0 0 1
    outer loop
      vertex 28.200 8.000 6.000
      vertex 28.800 8.000 6.000
      vertex 28.800 8.600 6.000
    endloop
  endfacet
  facet normal 0 0 1
    outer loop
      vertex 28.200 8.000 6.000
      vertex 28.800 8.600 6.000
      vertex 28.200 8.600 6.000
    endloop
  endfacet
endsolid grille:h1-05-3
solid grille:h1-05-4
  facet normal 0 0 1
    outer loop
      vertex 28.200 8.600 6.000
      vertex 28.800 8.600 6.000
      vertex 28.800 9.200 6.000
    endloop
  endfacet
  facet normal 0 0 1
    outer loop
      vertex 28.200 8.600 6.000
      vertex 28.800 9.200 6.000
      vertex 28.200 9.200 6.000
    endloop
  endfacet
endsolid grille:h1-05-4
solid grille:h1-06-1
  facet normal 0 0 1
    outer loop
      vertex 28.800 6.800 6.000
      vertex 29.400 6.800 6.000
      vertex 29.400 7.400 6.000
    endloop
  endfacet
  facet normal 0 0 1
    outer loop
      vertex 28.800 6.800 6.000
      vertex 29.400 7.400 6.000
      vertex 28.800 7.400 6.000
    endloop
  endfacet
endsolid grille:h1-06-1
solid grille:h1-06-2
  facet normal 0 0 1
    outer loop
      vertex 28.800 7.400 6.000
      vertex 29.400 7.400 6.000
      vertex 29.400 8.000 6.000
    endloop
  endfacet
  facet normal 0 0 1
    outer loop
      vertex 28.800 7.400 6.000
      vertex 29.400 8.000 6.000
      vertex 28.800 8.000 6.000
    endloop
  endfacet
endsolid grille:h1-06-2
solid grille:h1-06-3
  facet normal 0 0 1
    outer loop
      vertex 28.800 8.000 6.000
      vertex 29.400 8.000 6.000
      vertex 29.400 8.600 6.000
    endloop
  endfacet
  facet normal 0 0 1
    outer loop
      vertex 28.800 8.000 6.000
      vertex 29.400 8.600 6.000
      vertex 28.800 8.600 6.000
    endloop
  endfacet
endsolid grille:h1-06-3
solid grille:h1-06-4
  facet normal 0 0 1
    outer loop
      vertex 28.800 8.600 6.000
      vertex 29.400 8.600 6.000
      vertex 29.400 9.200 6.000
    endloop
  endfacet
  facet normal 0 0 1
    outer loop
      vertex 28.800 8.600 6.000
      vertex 29.400 9.200 6.000
      vertex 28.800 9.200 6.000
    endloop
  endfacet
endsolid grille:h1-06-4
solid grille:h1-07-1
  facet normal 0 0 1
    outer loop
      vertex 29.400 6.800 6.000
      vertex 30.000 6.800 6.000
      vertex 30.000 7.400 6.000
    endloop
  endfacet
  facet normal 0 0 1
    outer loop
      vertex 29.400 6.800 6.000
      vertex 30.000 7.400 6.000
      vertex 29.400 7.400 6.000
    endloop
  endfacet
endsolid grille:h1-07-1
solid grille:h1-07-2
  facet normal 0 0 1
    outer loop
      vertex 29.400 7.400 6.000
      vertex 30.000 7.400 6.000
      vertex 30.000 8.000 6.000
    endloop
  endfacet
  facet normal 0 0 1
    outer loop
      vertex 29.400 7.400 6.000
      vertex 30.000 8.000 6.000
      vertex 29.400 8.000 6.000
    endloop
  endfacet
endsolid grille:h1-07-2
solid grille:h1-07-3
  facet normal 0 0 1
    outer loop
      vertex 29.400 8.000 6.000
      vertex 30.000 8.000 6.000
      vertex 30.000 8.600 6.000
    endloop
  endfacet
  facet normal 0 0 1
    outer loop
      vertex 29.400 8.000 6.000
      vertex 30.000 8.600 6.000
      vertex 29.400 8.600 6.000
    endloop
  endfacet
endsolid grille:h1-07-3
solid grille:h1-07-4
  facet normal 0 0 1
    outer loop
      vertex 29.400 8.600 6.000
      vertex 30.000 8.600 6.000
      vertex 30.000 9.200 6.000
    endloop
  endfacet
  facet normal 0 0 1
    outer loop
      vertex 29.400 8.600 6.000
      vertex 30.000 9.200 6.000
      vertex 29.400 9.200 6.000
    endloop
  endfacet
endsolid grille:h1-07-4
solid grille:h1-08-1
  facet normal 0 0 1
    outer loop
      vertex 30.000 6.800 6.000
      vertex 30.600 6.800 6.000
      vertex 30.600 7.400 6.000
    endloop
  endfacet
  facet normal 0 0 1
    outer loop
      vertex 30.000 6.800 6.000
      vertex 30.600 7.400 6.000
      vertex 30.000 7.400 6.000
    endloop
  endfacet
endsolid grille:h1-08-1
solid grille:h1-08-2
  facet normal 0 0 1
    outer loop
      vertex 30.000 7.400 6.000
      vertex 30.600 7.400 6.000
      vertex 30.600 8.000 6.000
    endloop
  endfacet
  facet normal 0 0 1
    outer loop
      vertex 30.000 7.400 6.000
      vertex 30.600 8.000 6.000
      vertex 30.000 8.000 6.000
    endloop
  endfacet
endsolid grille:h1-08-2
solid grille:h1-08-3
  facet normal 0 0 1
    outer loop
      vertex 30.000 8.000 6.000
      vertex 30.600 8.000 6.000
      vertex 30.600 8.600 6.000
    endloop
  endfacet
  facet normal 0 0 1
    outer loop
      vertex 30.000 8.000 6.000
      vertex 30.600 8.600 6.000
      vertex 30.000 8.600 6.000
    endloop
  endfacet
endsolid grille:h1-08-3
solid grille:h1-08-4
  facet normal 0 0 1
    outer loop
      vertex 30.000 8.600 6.000
      vertex 30.600 8.600 6.000
      vertex 30.600 9.200 6.000
    endloop
  endfacet
  facet normal 0 0 1
    outer loop
      vertex 30.000 8.600 6.000
      vertex 30.600 9.200 6.000
      vertex 30.000 9.200 6.000
    endloop
  endfacet
endsolid grille:h1-08-4
solid grille:h1-09-1
  facet normal 0 0 1
    outer loop
      vertex 30.600 6.800 6.000
      vertex 31.200 6.800 6.000
      vertex 31.200 7.400 6.000
    endloop
  endfacet
  facet normal 0 0 1
    outer loop
      vertex 30.600 6.800 6.000
      vertex 31.200 7.400 6.000
      vertex 30.600 7.400 6.000
    endloop
  endfacet
endsolid grille:h1-09-1
solid grille:h1-09-2
  facet normal 0 0 1
    outer loop
      vertex 30.600 7.400 6.000
      vertex 31.200 7.400 6.000
      vertex 31.200 8.000 6.000
    endloop
  endfacet
  facet normal 0 0 1
    outer loop
      vertex 30.600 7.400 6.000
      vertex 31.200 8.000 6.000
      vertex 30.600 8.000 6.000
    endloop
  endfacet
endsolid grille:h1-09-2
solid grille:h1-09-3
  facet normal 0 0 1
    outer loop
      vertex 30.600 8.000 6.000
      vertex 31.200 8.000 6.000
      vertex 31.200 8.600 6.000
    endloop
  endfacet
  facet normal 0 0 1
    outer loop
      vertex 30.600 8.000 6.000
      vertex 31.200 8.600 6.000
      vertex 30.600 8.600 6.000
    endloop
  endfacet
endsolid grille:h1-09-3
solid grille:h1-09-4
  facet normal 0 0 1
    outer loop
      vertex 30.600 8.600 6.000
      vertex 31.200 8.600 6.000
      vertex 31.200 9.200 6.000
    endloop
  endfacet
  facet normal 0 0 1
    outer loop
      vertex 30.600 8.600 6.000
      vertex 31.200 9.200 6.000
      vertex 30.600 9.200 6.000
    endloop
  endfacet
endsolid grille:h1-09-4
solid grille:h1-10-1
  facet normal 0 0 1
    outer loop
      vertex 31.200 6.800 6.000
      vertex 31.800 6.800 6.000
      vertex 31.800 7.400 6.000
    endloop
  endfacet
  facet normal 0 0 1
    outer loop
      vertex 31.200 6.800 6.000
      vertex 31.800 7.400 6.000
      vertex 31.200 7.400 6.000
    endloop
  endfacet
endsolid grille:h1-10-1
solid grille:h1-10-2
  facet normal 0 0 1
    outer loop
      vertex 31.200 7.400 6.000
      vertex 31.800 7.400 6.000
      vertex 31.800 8.000 6.000
    endloop
  endfacet
  facet normal 0 0 1
    outer loop
      vertex 31.200 7.400 6.000
      vertex 31.800 8.000 6.000
      vertex 31.200 8.000 6.000
    endloop
  endfacet
endsolid grille:h1-10-2
solid grille:h1-10-3
  facet normal 0 0 1
    outer loop
      vertex 31.200 8.000 6.000
      vertex 31.800 8.000 6.000
      vertex 31.800 8.600 6.000
    endloop
  endfacet
  facet normal 0 0 1
    outer loop
      vertex 31.200 8.000 6.000
      vertex 31.800 8.600 6.000
      vertex 31.200 8.600 6.000
    endloop
  endfacet
endsolid grille:h1-10-3
solid grille:h1-10-4
  facet normal 0 0 1
    outer loop
      vertex 31.200 8.600 6.000
      vertex 31.800 8.600 6.000
      vertex 31.800 9.200 6.000
    endloop
  endfacet
  facet normal 0 0 1
    outer loop
      vertex 31.200 8.600 6.000
      vertex 31.800 9.200 6.000
      vertex 31.200 9.200 6.000
    endloop
  endfacet
endsolid grille:h1-10-4
solid grille:h1-11-1
  facet normal 0 0 1
    outer loop
      vertex 31.800 6.800 6.000
      vertex 32.400 6.800 6.000
      vertex 32.400 7.400 6.000
    endloop
  endfacet
  facet normal 0 0 1
    outer loop
      vertex 31.800 6.800 6.000
      vertex 32.400 7.400 6.000
      vertex 31.800 7.400 6.000
    endloop
  endfacet
endsolid grille:h1-11-1
solid grille:h1-11-2
  facet normal 0 0 1
    outer loop
      vertex 31.800 7.400 6.000
      vertex 32.400 7.400 6.000
      vertex 32.400 8.000 6.000
    endloop
  endfacet
  facet normal 0 0 1
    outer loop
      vertex 31.800 7.400 6.000
      vertex 32.400 8.000 6.000
      vertex 31.800 8.000 6.000
    endloop
  endfacet
endsolid grille:h1-11-2
solid grille:h1-11-3
  facet normal 0 0 1
    outer loop
      vertex 31.800 8.000 6.000
      vertex 32.400 8.000 6.000
      vertex 32.400 8.600 6.000
    endloop
  endfacet
  facet normal 0 0 1
    outer loop
      vertex 31.800 8.000 6.000
      vertex 32.400 8.600 6.000
      vertex 31.800 8.600 6.000
    endloop
  endfacet
endsolid grille:h1-11-3
solid grille:h1-11-4
  facet normal 0 0 1
    outer loop
      vertex 31.800 8.600 6.000
      vertex 32.400 8.600 6.000
      vertex 32.400 9.200 6.000
    endloop
  endfacet
  facet normal 0 0 1
    outer loop
      vertex 31.800 8.600 6.000
      vertex 32.400 9.200 6.000
      vertex 31.800 9.200 6.000
    endloop
  endfacet
endsolid grille:h1-11-4
solid grille:h1-12-1
  facet normal 0 0 1
    outer loop
      vertex 32.400 6.800 6.000
      vertex 33.000 6.800 6.000
      vertex 33.000 7.400 6.000
    endloop
  endfacet
  facet normal 0 0 1
    outer loop
      vertex 32.400 6.800 6.000
      vertex 33.000 7.400 6.000
      vertex 32.400 7.400 6.000
    endloop
  endfacet
endsolid grille:h1-12-1
solid grille:h1-12-2
  facet normal 0 0 1
    outer loop
      vertex 32.400 7.400 6.000
      vertex 33.000 7.400 6.000
      vertex 33.000 8.000 6.000
    endloop
  endfacet
  facet normal 0 0 1
    outer loop
      vertex 32.400 7.400 6.000
      vertex 33.000 8.000 6.000
      vertex 32.400 8.000 6.000
    endloop
  endfacet
endsolid grille:h1-12-2
solid grille:h1-12-3
  facet normal 0 0 1
    outer loop
      vertex 32.400 8.000 6.000
      vertex 33.000 8.000 6.000
      vertex 33.000 8.600 6.000
    endloop
  endfacet
  facet normal 0 0 1
    outer loop
      vertex 32.400 8.000 6.000
      vertex 33.000 8.600 6.000
      vertex 32.400 8.600 6.000
    endloop
  endfacet
endsolid grille:h1-12-3
solid grille:h1-12-4
  facet normal 0 0 1
    outer loop
      vertex 32.400 8.600 6.000
      vertex 33.000 8.600 6.000
      vertex 33.000 9.200 6.000
    endloop
  endfacet
  facet normal 0 0 1
    outer loop
      vertex 32.400 8.600 6.000
      vertex 33.000 9.200 6.000
      vertex 32.400 9.200 6.000
    endloop
  endfacet
endsolid grille:h1-12-4
solid grille:h1-13-1
  facet normal 0 0 1
    outer loop
      vertex 33.000 6.800 6.000
      vertex 33.600 6.800 6.000
      vertex 33.600 7.400 6.000
    endloop
  endfacet
  facet normal 0 0 1
    outer loop
      vertex 33.000 6.800 6.000
      vertex 33.600 7.400 6.000
      vertex 33.000 7.400 6.000
    endloop
  endfacet
endsolid grille:h1-13-1
solid grille:h1-13-2
  facet normal 0 0 1
    outer loop
      vertex 33.000 7.400 6.000
      vertex 33.600 7.400 6.000
      vertex 33.600 8.000 6.000
    endloop
  endfacet
  facet normal 0 0 1
    outer loop
      vertex 33.000 7.400 6.000
      vertex 33.600 8.000 6.000
      vertex 33.000 8.000 6.000
    endloop
  endfacet
endsolid grille:h1-13-2
solid grille:h1-13-3
  facet normal 0 0 1
    outer loop
      vertex 33.000 8.000 6.000
      vertex 33.600 8.000 6.000
      vertex 33.600 8.600 6.000
    endloop
  endfacet
  facet normal 0 0 1
    outer loop
      vertex 33.000 8.000 6.000
      vertex 33.600 8.600 6.000
      vertex 33.000 8.600 6.000
    endloop
  endfacet
endsolid grille:h1-13-3
solid grille:h1-13-4
  facet normal 0 0 1
    outer loop
      vertex 33.000 8.600 6.000
      vertex 33.600 8.600 6.000
      vertex 33.600 9.200 6.000
    endloop
  endfacet
  facet normal 0 0 1
    outer loop
      vertex 33.000 8.600 6.000
      vertex 33.600 9.200 6.000
      vertex 33.000 9.200 6.000
    endloop
  endfacet
endsolid grille:h1-13-4
solid grille:h1-14-1
  facet normal 0 0 1
    outer loop
      vertex 33.600 6.800 6.000
      vertex 34.200 6.800 6.000
      vertex 34.200 7.400 6.000
    endloop
  endfacet
  facet normal 0 0 1
    outer loop
      vertex 33.600 6.800 6.000
      vertex 34.200 7.400 6.000
      vertex 33.600 7.400 6.000
    endloop
  endfacet
endsolid grille:h1-14-1
solid grille:h1-14-2
  facet normal 0 0 1
    outer loop
      vertex 33.600 7.400 6.000
      vertex 34.200 7.400 6.000
      vertex 34.200 8.000 6.000
    endloop
  endfacet
  facet normal 0 0 1
    outer loop
      vertex 33.600 7.400 6.000
      vertex 34.200 8.000 6.000
      vertex 33.600 8.000 6.000
    endloop
  endfacet
endsolid grille:h1-14-2
solid grille:h1-14-3
  facet normal 0 0 1
    outer loop
      vertex 33.600 8.000 6.000
      vertex 34.200 8.000 6.000
      vertex 34.200 8.600 6.000
    endloop
  endfacet
  facet normal 0 0 1
    outer loop
      vertex 33.600 8.000 6.000
      vertex 34.200 8.600 6.000
      vertex 33.600 8.600 6.000
    endloop
  endfacet
endsolid grille:h1-14-3
solid grille:h1-14-4
  facet normal 0 0 1
    outer loop
      vertex 33.600 8.600 6.000
      vertex 34.200 8.600 6.000
      vertex 34.200 9.200 6.000
    endloop
  endfacet
  facet normal 0 0 1
    outer loop
      vertex 33.600 8.600 6.000
      vertex 34.200 9.200 6.000
      vertex 33.600 9.200 6.000
    endloop
  endfacet
endsolid grille:h1-14-4
solid grille:h1-15-1
  facet normal 0 0 1
    outer loop
      vertex 34.200 6.800 6.000
      vertex 34.800 6.800 6.000
      vertex 34.800 7.400 6.000
    endloop
  endfacet
  facet normal 0 0 1
    outer loop
      vertex 34.200 6.800 6.000
      vertex 34.800 7.400 6.000
      vertex 34.200 7.400 6.000
    endloop
  endfacet
endsolid grille:h1-15-1
solid grille:h1-15-2
  facet normal 0 0 1
    outer loop
      vertex 34.200 7.400 6.000
      vertex 34.800 7.400 6.000
      vertex 34.800 8.000 6.000
    endloop
  endfacet
  facet normal 0 0 1
    outer loop
      vertex 34.200 7.400 6.000
      vertex 34.800 8.000 6.000
      vertex 34.200 8.000 6.000
    endloop
  endfacet
endsolid grille:h1-15-2
solid grille:h1-15-3
  facet normal 0 0 1
    outer loop
      vertex 34.200 8.000 6.000
      vertex 34.800 8.000 6.000
      vertex 34.800 8.600 6.000
    endloop
  endfacet
  facet normal 0 0 1
    outer loop
      vertex 34.200 8.000 6.000
      vertex 34.800 8.600 6.000
      vertex 34.200 8.600 6.000
    endloop
  endfacet
endsolid grille:h1-15-3
solid grille:h1-15-4
  facet normal 0 0 1
    outer loop
      vertex 34.200 8.600 6.000
      vertex 34.800 8.600 6.000
      vertex 34.800 9.200 6.000
    endloop
  endfacet
  facet normal 0 0 1
    outer loop
      vertex 34.200 8.600 6.000
      vertex 34.800 9.200 6.000
      vertex 34.200 9.200 6.000
    endloop
  endfacet
endsolid grille:h1-15-4
solid grille:h1-16-1
  facet normal 0 0 1
    outer loop
      vertex 34.800 6.800 6.000
      vertex 35.400 6.800 6.000
      vertex 35.400 7.400 6.000
    endloop
  endfacet
  facet normal 0 0 1
    outer loop
      vertex 34.800 6.800 6.000
      vertex 35.400 7.400 6.000
      vertex 34.800 7.400 6.000
    endloop
  endfacet
endsolid grille:h1-16-1
solid grille:h1-16-2
  facet normal 0 0 1
    outer loop
      vertex 34.800 7.400 6.000
      vertex 35.400 7.400 6.000
      vertex 35.400 8.000 6.000
    endloop
  endfacet
  facet normal 0 0 1
    outer loop
      vertex 34.800 7.400 6.000
      vertex 35.400 8.000 6.000
      vertex 34.800 8.000 6.000
    endloop
  endfacet
endsolid grille:h1-16-2
solid grille:h1-16-3
  facet normal 0 0 1
    outer loop
      vertex 34.800 8.000 6.000
      vertex 35.400 8.000 6.000
      vertex 35.400 8.600 6.000
    endloop
  endfacet
  facet normal 0 0 1
    outer loop
      vertex 34.800 8.000 6.000
      vertex 35.400 8.600 6.000
      vertex 34.800 8.600 6.000
    endloop
  endfacet
endsolid grille:h1-16-3
solid grille:h1-16-4
  facet normal 0 0 1
    outer loop
      vertex 34.800 8.600 6.000
      vertex 35.400 8.600 6.000
      vertex 35.400 9.200 6.000
    endloop
  endfacet
  facet normal 0 0 1
    outer loop
      vertex 34.800 8.600 6.000
      vertex 35.400 9.200 6.000
      vertex 34.800 9.200 6.000
    endloop
  endfacet
endsolid grille:h1-16-4
solid grille:h1-17-1
  facet normal 0 0 1
    outer loop
      vertex 35.400 6.800 6.000
      vertex 36.000 6.800 6.000
      vertex 36.000 7.400 6.000
    endloop
  endfacet
  facet normal 0 0 1
    outer loop
      vertex 35.400 6.800 6.000
      vertex 36.000 7.400 6.000
      vertex 35.400 7.400 6.000
    endloop
  endfacet
endsolid grille:h1-17-1
solid grille:h1-17-2
  facet normal 0 0 1
    outer loop
      vertex 35.400 7.400 6.000
      vertex 36.000 7.400 6.000
      vertex 36.000 8.000 6.000
    endloop
  endfacet
  facet normal 0 0 1
    outer loop
      vertex 35.400 7.400 6.000
      vertex 36.000 8.000 6.000
      vertex 35.400 8.000 6.000
    endloop
  endfacet
endsolid grille:h1-17-2
solid grille:h1-17-3
  facet normal 0 0 1
    outer loop
      vertex 35.400 8.000 6.000
      vertex 36.000 8.000 6.000
      vertex 36.000 8.600 6.000
    endloop
  endfacet
  facet normal 0 0 1
    outer loop
      vertex 35.400 8.000 6.000
      vertex 36.000 8.600 6.000
      vertex 35.400 8.600 6.000
    endloop
  endfacet
endsolid grille:h1-17-3
solid grille:h1-17-4
  facet normal 0 0 1
    outer loop
      vertex 35.400 8.600 6.000
      vertex 36.000 8.600 6.000
      vertex 36.000 9.200 6.000
    endloop
  endfacet
  facet normal 0 0 1
    outer loop
      vertex 35.400 8.600 6.000
      vertex 36.000 9.200 6.000
      vertex 35.400 9.200 6.000
    endloop
  endfacet
endsolid grille:h1-17-4
solid grille:h1-18-1
  facet normal 0 0 1
    outer loop
      vertex 36.000 6.800 6.000
      vertex 36.600 6.800 6.000
      vertex 36.600 7.400 6.000
    endloop
  endfacet
  facet normal 0 0 1
    outer loop
      vertex 36.000 6.800 6.000
      vertex 36.600 7.400 6.000
      vertex 36.000 7.400 6.000
    endloop
  endfacet
endsolid grille:h1-18-1
solid grille:h1-18-2
  facet normal 0 0 1
    outer loop
      vertex 36.000 7.400 6.000
      vertex 36.600 7.400 6.000
      vertex 36.600 8.000 6.000
    endloop
  endfacet
  facet normal 0 0 1
    outer loop
      vertex 36.000 7.400 6.000
      vertex 36.600 8.000 6.000
      vertex 36.000 8.000 6.000
    endloop
  endfacet
endsolid grille:h1-18-2
solid grille:h1-18-3
  facet normal 0 0 1
    outer loop
      vertex 36.000 8.000 6.000
      vertex 36.600 8.000 6.000
      vertex 36.600 8.600 6.000
    endloop
  endfacet
  facet normal 0 0 1
    outer loop
      vertex 36.000 8.000 6.000
      vertex 36.600 8.600 6.000
      vertex 36.000 8.600 6.000
    endloop
  endfacet
endsolid grille:h1-18-3
solid grille:h1-18-4
  facet normal 0 0 1
    outer loop
      vertex 36.000 8.600 6.000
      vertex 36.600 8.600 6.000
      vertex 36.600 9.200 6.000
    endloop
  endfacet
  facet normal 0 0 1
    outer loop
      vertex 36.000 8.600 6.000
      vertex 36.600 9.200 6.000
      vertex 36.000 9.200 6.000
    endloop
  endfacet
endsolid grille:h1-18-4
solid grille:h1-19-1
  facet normal 0 0 1
    outer loop
      vertex 36.600 6.800 6.000
      vertex 37.200 6.800 6.000
      vertex 37.200 7.400 6.000
    endloop
  endfacet
  facet normal 0 0 1
    outer loop
      vertex 36.600 6.800 6.000
      vertex 37.200 7.400 6.000
      vertex 36.600 7.400 6.000
    endloop
  endfacet
endsolid grille:h1-19-1
solid grille:h1-19-2
  facet normal 0 0 1
    outer loop
      vertex 36.600 7.400 6.000
      vertex 37.200 7.400 6.000
      vertex 37.200 8.000 6.000
    endloop
  endfacet
  facet normal 0 0 1
    outer loop
      vertex 36.600 7.400 6.000
      vertex 37.200 8.000 6.000
      vertex 36.600 8.000 6.000
    endloop
  endfacet
endsolid grille:h1-19-2
solid grille:h1-19-3
  facet normal 0 0 1
    outer loop
      vertex 36.600 8.000 6.000
      vertex 37.200 8.000 6.000
      vertex 37.200 8.600 6.000
    endloop
  endfacet
  facet normal 0 0 1
    outer loop
      vertex 36.600 8.000 6.000
      vertex 37.200 8.600 6.000
      vertex 36.600 8.600 6.000
    endloop
  endfacet
endsolid grille:h1-19-3
solid grille:h1-19-4
  facet normal 0 0 1
    outer loop
      vertex 36.600 8.600 6.000
      vertex 37.200 8.600 6.000
      vertex 37.200 9.200 6.000
    endloop
  endfacet
  facet normal 0 0 1
    outer loop
      vertex 36.600 8.600 6.000
      vertex 37.200 9.200 6.000
      vertex 36.600 9.200 6.000
    endloop
  endfacet
endsolid grille:h1-19-4
solid grille:h2-01-1
  facet normal 0 0 1
    outer loop
      vertex 26.600 14.600 6.000
      vertex 27.200 14.600 6.000
      vertex 27.200 15.200 6.000
    endloop
  endfacet
  facet normal 0 0 1
    outer loop
      vertex 26.600 14.600 6.000
      vertex 27.200 15.200 6.000
      vertex 26.600 15.200 6.000
    endloop
  endfacet
endsolid grille:h2-01-1
solid grille:h2-01-2
  facet normal 0 0 1
    outer loop
      vertex 26.600 15.200 6.000
      vertex 27.200 15.200 6.000
      vertex 27.200 15.800 6.000
    endloop
  endfacet
  facet normal 0 0 1
    outer loop
      vertex 26.600 15.200 6.000
      vertex 27.200 15.800 6.000
      vertex 26.600 15.800 6.000
    endloop
  endfacet
endsolid grille:h2-01-2
solid grille:h2-01-3
  facet normal 0 0 1
    outer loop
      vertex 26.600 15.800 6.000
      vertex 27.200 15.800 6.000
      vertex 27.200 16.400 6.000
    endloop
  endfacet
  facet normal 0 0 1
    outer loop
      vertex 26.600 15.800 6.000
      vertex 27.200 16.400 6.000
      vertex 26.600 16.400 6.000
    endloop
  endfacet
endsolid grille:h2-01-3
solid grille:h2-01-4
  facet normal 0 0 1
    outer loop
      vertex 26.600 16.400 6.000
      vertex 27.200 16.400 6.000
      vertex 27.200 17.000 6.000
    endloop
  endfacet
  facet normal 0 0 1
    outer loop
      vertex 26.600 16.400 6.000
      vertex 27.200 17.000 6.000
      vertex 26.600 17.000 6.000
    endloop
  endfacet
endsolid grille:h2-01-4
solid grille:h2-02-1
  facet normal 0 0 1
    outer loop
      vertex 27.200 14.600 6.000
      vertex 27.800 14.600 6.000
      vertex 27.800 15.200 6.000
    endloop
  endfacet
  facet normal 0 0 1
    outer loop
      vertex 27.200 14.600 6.000
      vertex 27.800 15.200 6.000
      vertex 27.200 15.200 6.000
    endloop
  endfacet
endsolid grille:h2-02-1
solid grille:h2-02-2
  facet normal 0 0 1
    outer loop
      vertex 27.200 15.200 6.000
      vertex 27.800 15.200 6.000
      vertex 27.800 15.800 6.000
    endloop
  endfacet
  facet normal 0 0 1
    outer loop
      vertex 27.200 15.200 6.000
      vertex 27.800 15.800 6.000
      vertex 27.200 15.800 6.000
    endloop
  endfacet
endsolid grille:h2-02-2
solid grille:h2-02-3
  facet normal 0 0 1
    outer loop
      vertex 27.200 15.800 6.000
      vertex 27.800 15.800 6.000
      vertex 27.800 16.400 6.000
    endloop
  endfacet
  facet normal 0 0 1
    outer loop
      vertex 27.200 15.800 6.000
      vertex 27.800 16.400 6.000
      vertex 27.200 16.400 6.000
    endloop
  endfacet
endsolid grille:h2-02-3
solid grille:h2-02-4
  facet normal 0 0 1
    outer loop
      vertex 27.200 16.400 6.000
      vertex 27.800 16.400 6.000
      vertex 27.800 17.000 6.000
    endloop
  endfacet
  facet normal 0 0 1
    outer loop
      vertex 27.200 16.400 6.000
      vertex 27.800 17.000 6.000
      vertex 27.200 17.000 6.000
    endloop
  endfacet
endsolid grille:h2-02-4
solid grille:h2-03-1
  facet normal 0 0 1
    outer loop
      vertex 27.800 14.600 6.000
      vertex 28.400 14.600 6.000
      vertex 28.400 15.200 6.000
    endloop
  endfacet
  facet normal 0 0 1
    outer loop
      vertex 27.800 14.600 6.000
      vertex 28.400 15.200 6.000
      vertex 27.800 15.200 6.000
    endloop
  endfacet
endsolid grille:h2-03-1
solid grille:h2-03-2
  facet normal 0 0 1
    outer loop
      vertex 27.800 15.200 6.000
      vertex 28.400 15.200 6.000
      vertex 28.400 15.800 6.000
    endloop
  endfacet
  facet normal 0 0 1
    outer loop
      vertex 27.800 15.200 6.000
      vertex 28.400 15.800 6.000
      vertex 27.800 15.800 6.000
    endloop
  endfacet
endsolid grille:h2-03-2
solid grille:h2-03-3
  facet normal 0 0 1
    outer loop
      vertex 27.800 15.800 6.000
      vertex 28.400 15.800 6.000
      vertex 28.400 16.400 6.000
    endloop
  endfacet
  facet normal 0 0 1
    outer loop
      vertex 27.800 15.800 6.000
      vertex 28.400 16.400 6.000
      vertex 27.800 16.400 6.000
    endloop
  endfacet
endsolid grille:h2-03-3
solid grille:h2-03-4
  facet normal 0 0 1
    outer loop
      vertex 27.800 16.400 6.000
      vertex 28.400 16.400 6.000
      vertex 28.400 17.000 6.000
    endloop
  endfacet
  facet normal 0 0 1
    outer loop
      vertex 27.800 16.400 6.000
      vertex 28.400 17.000 6.000
      vertex 27.800 17.000 6.000
    endloop
  endfacet
endsolid grille:h2-03-4
solid grille:h2-04-1
  facet normal 0 0 1
    outer loop
      vertex 28.400 14.600 6.000
      vertex 29.000 14.600 6.000
      vertex 29.000 15.200 6.000
    endloop
  endfacet
  facet normal 0 0 1
    outer loop
      vertex 28.400 14.600 6.000
      vertex 29.000 15.200 6.000
      vertex 28.400 15.200 6.000
    endloop
  endfacet
endsolid grille:h2-04-1
solid grille:h2-04-2
  facet normal 0 0 1
    outer loop
      vertex 28.400 15.200 6.000
      vertex 29.000 15.200 6.000
      vertex 29.000 15.800 6.000
    endloop
  endfacet
  facet normal 0 0 1
    outer loop
      vertex 28.400 15.200 6.000
      vertex 29.000 15.800 6.000
      vertex 28.400 15.800 6.000
    endloop
  endfacet
endsolid grille:h2-04-2
solid grille:h2-04-3
  facet normal 0 0 1
    outer loop
      vertex 28.400 15.800 6.000
      vertex 29.000 15.800 6.000
      vertex 29.000 16.400 6.000
    endloop
  endfacet
  facet normal 0 0 1
    outer loop
      vertex 28.400 15.800 6.000
      vertex 29.000 16.400 6.000
      vertex 28.400 16.400 6.000
    endloop
  endfacet
endsolid grille:h2-04-3
solid grille:h2-04-4
  facet normal 0 0 1
    outer loop
      vertex 28.400 16.400 6.000
      vertex 29.000 16.400 6.000
      vertex 29.000 17.000 6.000
    endloop
  endfacet
  facet normal 0 0 1
    outer loop
      vertex 28.400 16.400 6.000
      vertex 29.000 17.000 6.000
      vertex 28.400 17.000 6.000
    endloop
  endfacet
endsolid grille:h2-04-4
solid grille:h2-05-1
  facet normal 0 0 1
    outer loop
      vertex 29.000 14.600 6.000
      vertex 29.600 14.600 6.000
      vertex 29.600 15.200 6.000
    endloop
  endfacet
  facet normal 0 0 1
    outer loop
      vertex 29.000 14.600 6.000
      vertex 29.600 15.200 6.000
      vertex 29.000 15.200 6.000
    endloop
  endfacet
endsolid grille:h2-05-1
solid grille:h2-05-2
  facet normal 0 0 1
    outer loop
      vertex 29.000 15.200 6.000
      vertex 29.600 15.200 6.000
      vertex 29.600 15.800 6.000
    endloop
  endfacet
  facet normal 0 0 1
    outer loop
      vertex 29.000 15.200 6.000
      vertex 29.600 15.800 6.000
      vertex 29.000 15.800 6.000
    endloop
  endfacet
endsolid grille:h2-05-2
solid grille:h2-05-3
  facet normal 0 0 1
    outer loop
      vertex 29.000 15.800 6.000
      vertex 29.600 15.800 6.000
      vertex 29.600 16.400 6.000
    endloop
  endfacet
  facet normal 0 0 1
    outer loop
      vertex 29.000 15.800 6.000
      vertex 29.600 16.400 6.000
      vertex 29.000 16.400 6.000
    endloop
  endfacet
endsolid grille:h2-05-3
solid grille:h2-05-4
  facet normal 0 0 1
    outer loop
      vertex 29.000 16.400 6.000
      vertex 29.600 16.400 6.000
      vertex 29.600 17.000 6.000
    endloop
  endfacet
  facet normal 0 0 1
    outer loop
      vertex 29.000 16.400 6.000
      vertex 29.600 17.000 6.000
      vertex 29.000 17.000 6.000
    endloop
  endfacet
endsolid grille:h2-05-4
solid grille:h2-06-1
  facet normal 0 0 1
    outer loop
      vertex 29.600 14.600 6.000
      vertex 30.200 14.600 6.000
      vertex 30.200 15.200 6.000
    endloop
  endfacet
  facet normal 0 0 1
    outer loop
      vertex 29.600 14.600 6.000
      vertex 30.200 15.200 6.000
      vertex 29.600 15.200 6.000
    endloop
  endfacet
endsolid grille:h2-06-1
solid grille:h2-06-2
  facet normal 0 0 1
    outer loop
      vertex 29.600 15.200 6.000
      vertex 30.200 15.200 6.000
      vertex 30.200 15.800 6.000
    endloop
  endfacet
  facet normal 0 0 1
    outer loop
      vertex 29.600 15.200 6.000
      vertex 30.200 15.800 6.000
      vertex 29.600 15.800 6.000
    endloop
  endfacet
endsolid grille:h2-06-2
solid grille:h2-06-3
  facet normal 0 0 1
    outer loop
      vertex 29.600 15.800 6.000
      vertex 30.200 15.800 6.000
      vertex 30.200 16.400 6.000
    endloop
  endfacet
  facet normal 0 0 1
    outer loop
      vertex 29.600 15.800 6.000
      vertex 30.200 16.400 6.000
      vertex 29.600 16.400 6.000
    endloop
  endfacet
endsolid grille:h2-06-3
solid grille:h2-06-4
  facet normal 0 0 1
    outer loop
      vertex 29.600 16.400 6.000
      vertex 30.200 16.400 6.000
      vertex 30.200 17.000 6.000
    endloop
  endfacet
  facet normal 0 0 1
    outer loop
      vertex 29.600 16.400 6.000
      vertex 30.200 17.000 6.000
      vertex 29.600 17.000 6.000
    endloop
  endfacet
endsolid grille:h2-06-4
solid grille:h2-07-1
  facet normal 0 0 1
    outer loop
      vertex 30.200 14.600 6.000
      vertex 30.800 14.600 6.000
      vertex 30.800 15.200 6.000
    endloop
  endfacet
  facet normal 0 0 1
    outer loop
      vertex 30.200 14.600 6.000
      vertex 30.800 15.200 6.000
      vertex 30.200 15.200 6.000
    endloop
  endfacet
endsolid grille:h2-07-1
solid grille:h2-07-2
  facet normal 0 0 1
    outer loop
      vertex 30.200 15.200 6.000
      vertex 30.800 15.200 6.000
      vertex 30.800 15.800 6.000
    endloop
  endfacet
  facet normal 0 0 1
    outer loop
      vertex 30.200 15.200 6.000
      vertex 30.800 15.800 6.000
      vertex 30.200 15.800 6.000
    endloop
  endfacet
endsolid grille:h2-07-2
solid grille:h2-07-3
  facet normal 0 0 1
    outer loop
      vertex 30.200 15.800 6.000
      vertex 30.800 15.800 6.000
      vertex 30.800 16.400 6.000
    endloop
  endfacet
  facet normal 0 0 1
    outer loop
      vertex 30.200 15.800 6.000
      vertex 30.800 16.400 6.000
      vertex 30.200 16.400 6.000
    endloop
  endfacet
endsolid grille:h2-07-3
solid grille:h2-07-4
  facet normal 0 0 1
    outer loop
      vertex 30.200 16.400 6.000
      vertex 30.800 16.400 6.000
      vertex 30.800 17.000 6.000
    endloop
  endfacet
  facet normal 0 0 1
    outer loop
      vertex 30.200 16.400 6.000
      vertex 30.800 17.000 6.000
      vertex 30.200 17.000 6.000
    endloop
  endfacet
endsolid grille:h2-07-4
solid grille:h2-08-1
  facet normal 0 0 1
    outer loop
      vertex 30.800 14.600 6.000
      vertex 31.400 14.600 6.000
      vertex 31.400 15.200 6.000
    endloop
  endfacet
  facet normal 0 0 1
    outer loop
      vertex 30.800 14.600 6.000
      vertex 31.400 15.200 6.000
      vertex 30.800 15.200 6.000
    endloop
  endfacet
endsolid grille:h2-08-1
solid grille:h2-08-2
  facet normal 0 0 1
    outer loop
      vertex 30.800 15.200 6.000
      vertex 31.400 15.200 6.000
      vertex 31.400 15.800 6.000
    endloop
  endfacet
  facet normal 0 0 1
    outer loop
      vertex 30.800 15.200 6.000
      vertex 31.400 15.800 6.000
      vertex 30.800 15.800 6.000
    endloop
  endfacet
endsolid grille:h2-08-2
solid grille:h2-08-3
  facet normal 0 0 1
    outer loop
      vertex 30.800 15.800 6.000
      vertex 31.400 15.800 6.000
      vertex 31.400 16.400 6.000
    endloop
  endfacet
  facet normal 0 0 1
    outer loop
      vertex 30.800 15.800 6.000
      vertex 31.400 16.400 6.000
      vertex 30.800 16.400 6.000
    endloop
  endfacet
endsolid grille:h2-08-3
solid grille:h2-08-4
  facet normal 0 0 1
    outer loop
      vertex 30.800 16.400 6.000
      vertex 31.400 16.400 6.000
      vertex 31.400 17.000 6.000
    endloop
  endfacet
  facet normal 0 0 1
    outer loop
      vertex 30.800 16.400 6.000
      vertex 31.400 17.000 6.000
      vertex 30.800 17.000 6.000
    endloop
  endfacet
endsolid grille:h2-08-4
solid grille:h2-09-1
  facet normal 0 0 1
    outer loop
      vertex 31.400 14.600 6.000
      vertex 32.000 14.600 6.000
      vertex 32.000 15.200 6.000
    endloop
  endfacet
  facet normal 0 0 1
    outer loop
      vertex 31.400 14.600 6.000
      vertex 32.000 15.200 6.000
      vertex 31.400 15.200 6.000
    endloop
  endfacet
endsolid grille:h2-09-1
solid grille:h2-09-2
  facet normal 0 0 1
    outer loop
      vertex 31.400 15.200 6.000
      vertex 32.000 15.200 6.000
      vertex 32.000 15.800 6.000
    endloop
  endfacet
  facet normal 0 0 1
    outer loop
      vertex 31.400 15.200 6.000
      vertex 32.000 15.800 6.000
      vertex 31.400 15.800 6.000
    endloop
  endfacet
endsolid grille:h2-09-2
solid grille:h2-09-3
  facet normal 0 0 1
    outer loop
      vertex 31.400 15.800 6.000
      vertex 32.000 15.800 6.000
      vertex 32.000 16.400 6.000
    endloop
  endfacet
  facet normal 0 0 1
    outer loop
      vertex 31.400 15.800 6.000
      vertex 32.000 16.400 6.000
      vertex 31.400 16.400 6.000
    endloop
  endfacet
endsolid grille:h2-09-3
solid grille:h2-09-4
  facet normal 0 0 1
    outer loop
      vertex 31.400 16.400 6.000
      vertex 32.000 16.400 6.000
      vertex 32.000 17.000 6.000
    endloop
  endfacet
  facet normal 0 0 1
    outer loop
      vertex 31.400 16.400 6.000
      vertex 32.000 17.000 6.000
      vertex 31.400 17.000 6.000
    endloop
  endfacet
endsolid grille:h2-09-4
solid grille:h2-10-1
  facet normal 0 0 1
    outer loop
      vertex 32.000 14.600 6.000
      vertex 32.600 14.600 6.000
      vertex 32.600 15.200 6.000
    endloop
  endfacet
  facet normal 0 0 1
    outer loop
      vertex 32.000 14.600 6.000
      vertex 32.600 15.200 6.000
      vertex 32.000 15.200 6.000
    endloop
  endfacet
endsolid grille:h2-10-1
solid grille:h2-10-2
  facet normal 0 0 1
    outer loop
      vertex 32.000 15.200 6.000
      vertex 32.600 15.200 6.000
      vertex 32.600 15.800 6.000
    endloop
  endfacet
  facet normal 0 0 1
    outer loop
      vertex 32.000 15.200 6.000
      vertex 32.600 15.800 6.000
      vertex 32.000 15.800 6.000
    endloop
  endfacet
endsolid grille:h2-10-2
solid grille:h2-10-3
  facet normal 0 0 1
    outer loop
      vertex 32.000 15.800 6.000
      vertex 32.600 15.800 6.000
      vertex 32.600 16.400 6.000
    endloop
  endfacet
  facet normal 0 0 1
    outer loop
      vertex 32.000 15.800 6.000
      vertex 32.600 16.400 6.000
      vertex 32.000 16.400 6.000
    endloop
  endfacet
endsolid grille:h2-10-3
solid grille:h2-10-4
  facet normal 0 0 1
    outer loop
      vertex 32.000 16.400 6.000
      vertex 32.600 16.400 6.000
      vertex 32.600 17.000 6.000
    endloop
  endfacet
  facet normal 0 0 1
    outer loop
      vertex 32.000 16.400 6.000
      vertex 32.600 17.000 6.000
      vertex 32.000 17.000 6.000
    endloop
  endfacet
endsolid grille:h2-10-4
solid grille:h2-11-1
  facet normal 0 0 1
    outer loop
      vertex 32.600 14.600 6.000
      vertex 33.200 14.600 6.000
      vertex 33.200 15.200 6.000
    endloop
  endfacet
  facet normal 0 0 1
    outer loop
      vertex 32.600 14.600 6.000
      vertex 33.200 15.200 6.000
      vertex 32.600 15.200 6.000
    endloop
  endfacet
endsolid grille:h2-11-1
solid grille:h2-11-2
  facet normal 0 0 1
    outer loop
      vertex 32.600 15.200 6.000
      vertex 33.200 15.200 6.000
      vertex 33.200 15.800 6.000
    endloop
  endfacet
  facet normal 0 0 1
    outer loop
      vertex 32.600 15.200 6.000
      vertex 33.200 15.800 6.000
      vertex 32.600 15.800 6.000
    endloop
  endfacet
endsolid grille:h2-11-2
solid grille:h2-11-3
  facet normal 0 0 1
    outer loop
      vertex 32.600 15.800 6.000
      vertex 33.200 15.800 6.000
      vertex 33.200 16.400 6.000
    endloop
  endfacet
  facet normal 0 0 1
    outer loop
      vertex 32.600 15.800 6.000
      vertex 33.200 16.400 6.000
      vertex 32.600 16.400 6.000
    endloop
  endfacet
endsolid grille:h2-11-3
solid grille:h2-11-4
  facet normal 0 0 1
    outer loop
      vertex 32.600 16.400 6.000
      vertex 33.200 16.400 6.000
      vertex 33.200 17.000 6.000
    endloop
  endfacet
  facet normal 0 0 1
    outer loop
      vertex 32.600 16.400 6.000
      vertex 33.200 17.000 6.000
      vertex 32.600 17.000 6.000
    endloop
  endfacet
endsolid grille:h2-11-4
solid grille:h2-12-1
  facet normal 0 0 1
    outer loop
      vertex 33.200 14.600 6.000
      vertex 33.800 14.600 6.000
      vertex 33.800 15.200 6.000
    endloop
  endfacet
  facet normal 0 0 1
    outer loop
      vertex 33.200 14.600 6.000
      vertex 33.800 15.200 6.000
      vertex 33.200 15.200 6.000
    endloop
  endfacet
endsolid grille:h2-12-1
solid grille:h2-12-2
  facet normal 0 0 1
    outer loop
      vertex 33.200 15.200 6.000
      vertex 33.800 15.200 6.000
      vertex 33.800 15.800 6.000
    endloop
  endfacet
  facet normal 0 0 1
    outer loop
      vertex 33.200 15.200 6.000
      vertex 33.800 15.800 6.000
      vertex 33.200 15.800 6.000
    endloop
  endfacet
endsolid grille:h2-12-2
solid grille:h2-12-3
  facet normal 0 0 1
    outer loop
      vertex 33.200 15.800 6.000
      vertex 33.800 15.800 6.000
      vertex 33.800 16.400 6.000
    endloop
  endfacet
  facet normal 0 0 1
    outer loop
      vertex 33.200 15.800 6.000
      vertex 33.800 16.400 6.000
      vertex 33.200 16.400 6.000
    endloop
  endfacet
endsolid grille:h2-12-3
solid grille:h2-12-4
  facet normal 0 0 1
    outer loop
      vertex 33.200 16.400 6.000
      vertex 33.800 16.400 6.000
      vertex 33.800 17.000 6.000
    endloop
  endfacet
  facet normal 0 0 1
    outer loop
      vertex 33.200 16.400 6.000
      vertex 33.800 17.000 6.000
      vertex 33.200 17.000 6.000
    endloop
  endfacet
endsolid grille:h2-12-4
solid grille:h2-13-1
  facet normal 0 0 1
    outer loop
      vertex 33.800 14.600 6.000
      vertex 34.400 14.600 6.000
      vertex 34.400 15.200 6.000
    endloop
  endfacet
  facet normal 0 0 1
    outer loop
      vertex 33.800 14.600 6.000
      vertex 34.400 15.200 6.000
      vertex 33.800 15.200 6.000
    endloop
  endfacet
endsolid grille:h2-13-1
solid grille:h2-13-2
  facet normal 0 0 1
    outer loop
      vertex 33.800 15.200 6.000
      vertex 34.400 15.200 6.000
      vertex 34.400 15.800 6.000
    endloop
  endfacet
  facet normal 0 0 1
    outer loop
      vertex 33.800 15.200 6.000
      vertex 34.400 15.800 6.000
      vertex 33.800 15.800 6.000
    endloop
  endfacet
endsolid grille:h2-13-2
solid grille:h2-13-3
  facet normal 0 0 1
    outer loop
      vertex 33.800 15.800 6.000
      vertex 34.400 15.800 6.000
      vertex 34.400 16.400 6.000
    endloop
  endfacet
  facet normal 0 0 1
    outer loop
      vertex 33.800 15.800 6.000
      vertex 34.400 16.400 6.000
      vertex 33.800 16.400 6.000
    endloop
  endfacet
endsolid grille:h2-13-3
solid grille:h2-13-4
  facet normal 0 0 1
    outer loop
      vertex 33.800 16.400 6.000
      vertex 34.400 16.400 6.000
      vertex 34.400 17.000 6.000
    endloop
  endfacet
  facet normal 0 0 1
    outer loop
      vertex 33.800 16.400 6.000
      vertex 34.400 17.000 6.000
      vertex 33.800 17.000 6.000
    endloop
  endfacet
endsolid grille:h2-13-4
solid grille:h2-14-1
  facet normal 0 0 1
    outer loop
      vertex 34.400 14.600 6.000
      vertex 35.000 14.600 6.000
      vertex 35.000 15.200 6.000
    endloop
  endfacet
  facet normal 0 0 1
    outer loop
      vertex 34.400 14.600 6.000
      vertex 35.000 15.200 6.000
      vertex 34.400 15.200 6.000
    endloop
  endfacet
endsolid grille:h2-14-1
solid grille:h2-14-2
  facet normal 0 0 1
    outer loop
      vertex 34.400 15.200 6.000
      vertex 35.000 15.200 6.000
      vertex 35.000 15.800 6.000
    endloop
  endfacet
  facet normal 0 0 1
    outer loop
      vertex 34.400 15.200 6.000
      vertex 35.000 15.800 6.000
      vertex 34.400 15.800 6.000
    endloop
  endfacet
endsolid grille:h2-14-2
solid grille:h2-14-3
  facet normal 0 0 1
    outer loop
      vertex 34.400 15.800 6.000
      vertex 35.000 15.800 6.000
      vertex 35.000 16.400 6.000
    endloop
  endfacet
  facet normal 0 0 1
    outer loop
      vertex 34.400 15.800 6.000
      vertex 35.000 16.400 6.000
      vertex 34.400 16.400 6.000
    endloop
  endfacet
endsolid grille:h2-14-3
solid grille:h2-14-4
  facet normal 0 0 1
    outer loop
      vertex 34.400 16.400 6.000
      vertex 35.000 16.400 6.000
      vertex 35.000 17.000 6.000
    endloop
  endfacet
  facet normal 0 0 1
    outer loop
      vertex 34.400 16.400 6.000
      vertex 35.000 17.000 6.000
      vertex 34.400 17.000 6.000
    endloop
  endfacet
endsolid grille:h2-14-4
solid grille:h2-15-1
  facet normal 0 0 1
    outer loop
      vertex 35.000 14.600 6.000
      vertex 35.600 14.600 6.000
      vertex 35.600 15.200 6.000
    endloop
  endfacet
  facet normal 0 0 1
    outer loop
      vertex 35.000 14.600 6.000
      vertex 35.600 15.200 6.000
      vertex 35.000 15.200 6.000
    endloop
  endfacet
endsolid grille:h2-15-1
solid grille:h2-15-2
  facet normal 0 0 1
    outer loop
      vertex 35.000 15.200 6.000
      vertex 35.600 15.200 6.000
      vertex 35.600 15.800 6.000
    endloop
  endfacet
  facet normal 0 0 1
    outer loop
      vertex 35.000 15.200 6.000
      vertex 35.600 15.800 6.000
      vertex 35.000 15.800 6.000
    endloop
  endfacet
endsolid grille:h2-15-2
solid grille:h2-15-3
  facet normal 0 0 1
    outer loop
      vertex 35.000 15.800 6.000
      vertex 35.600 15.800 6.000
      vertex 35.600 16.400 6.000
    endloop
  endfacet
  facet normal 0 0 1
    outer loop
      vertex 35.000 15.800 6.000
      vertex 35.600 16.400 6.000
      vertex 35.000 16.400 6.000
    endloop
  endfacet
endsolid grille:h2-15-3
solid grille:h2-15-4
  facet normal 0 0 1
    outer loop
      vertex 35.000 16.400 6.000
      vertex 35.600 16.400 6.000
      vertex 35.600 17.000 6.000
    endloop
  endfacet
  facet normal 0 0 1
    outer loop
      vertex 35.000 16.400 6.000
      vertex 35.600 17.000 6.000
      vertex 35.000 17.000 6.000
    endloop
  endfacet
endsolid grille:h2-15-4
solid grille:h2-16-1
  facet normal 0 0 1
    outer loop
      vertex 35.600 14.600 6.000
      vertex 36.200 14.600 6.000
      vertex 36.200 15.200 6.000
    endloop
  endfacet
  facet normal 0 0 1
    outer loop
      vertex 35.600 14.600 6.000
      vertex 36.200 15.200 6.000
      vertex 35.600 15.200 6.000
    endloop
  endfacet
endsolid grille:h2-16-1
solid grille:h2-16-2
  facet normal 0 0 1
    outer loop
      vertex 35.600 15.200 6.000
      vertex 36.200 15.200 6.000
      vertex 36.200 15.800 6.000
    endloop
  endfacet
  facet normal 0 0 1
    outer loop
      vertex 35.600 15.200 6.000
      vertex 36.200 15.800 6.000
      vertex 35.600 15.800 6.000
    endloop
  endfacet
endsolid grille:h2-16-2
solid grille:h2-16-3
  facet normal 0 0 1
    outer loop
      vertex 35.600 15.800 6.000
      vertex 36.200 15.800 6.000
      vertex 36.200 16.400 6.000
    endloop
  endfacet
  facet normal 0 0 1
    outer loop
      vertex 35.600 15.800 6.000
      vertex 36.200 16.400 6.000
      vertex 35.600 16.400 6.000
    endloop
  endfacet
endsolid grille:h2-16-3
solid grille:h2-16-4
  facet normal 0 0 1
    outer loop
      vertex 35.600 16.400 6.000
      vertex 36.200 16.400 6.000
      vertex 36.200 17.000 6.000
    endloop
  endfacet
  facet normal 0 0 1
    outer loop
      vertex 35.600 16.400 6.000
      vertex 36.200 17.000 6.000
      vertex 35.600 17.000 6.000
    endloop
  endfacet
endsolid grille:h2-16-4
solid grille:h2-17-1
  facet normal 0 0 1
    outer loop
      vertex 36.200 14.600 6.000
      vertex 36.800 14.600 6.000
      vertex 36.800 15.200 6.000
    endloop
  endfacet
  facet normal 0 0 1
    outer loop
      vertex 36.200 14.600 6.000
      vertex 36.800 15.200 6.000
      vertex 36.200 15.200 6.000
    endloop
  endfacet
endsolid grille:h2-17-1
solid grille:h2-17-2
  facet normal 0 0 1
    outer loop
      vertex 36.200 15.200 6.000
      vertex 36.800 15.200 6.000
      vertex 36.800 15.800 6.000
    endloop
  endfacet
  facet normal 0 0 1
    outer loop
      vertex 36.200 15.200 6.000
      vertex 36.800 15.800 6.000
      vertex 36.200 15.800 6.000
    endloop
  endfacet
endsolid grille:h2-17-2
solid grille:h2-17-3
  facet normal 0 0 1
    outer loop
      vertex 36.200 15.800 6.000
      vertex 36.800 15.800 6.000
      vertex 36.800 16.400 6.000
    endloop
  endfacet
  facet normal 0 0 1
    outer loop
      vertex 36.200 15.800 6.000
      vertex 36.800 16.400 6.000
      vertex 36.200 16.400 6.000
    endloop
  endfacet
endsolid grille:h2-17-3
solid grille:h2-17-4
  facet normal 0 0 1
    outer loop
      vertex 36.200 16.400 6.000
      vertex 36.800 16.400 6.000
      vertex 36.800 17.000 6.000
    endloop
  endfacet
  facet normal 0 0 1
    outer loop
      vertex 36.200 16.400 6.000
      vertex 36.800 17.000 6.000
      vertex 36.200 17.000 6.000
    endloop
  endfacet
endsolid grille:h2-17-4
solid grille:h2-18-1
  facet normal 0 0 1
    outer loop
      vertex 36.800 14.600 6.000
      vertex 37.400 14.600 6.000
      vertex 37.400 15.200 6.000
    endloop
  endfacet
  facet normal 0 0 1
    outer loop
      vertex 36.800 14.600 6.000
      vertex 37.400 15.200 6.000
      vertex 36.800 15.200 6.000
    endloop
  endfacet
endsolid grille:h2-18-1
solid grille:h2-18-2
  facet normal 0 0 1
    outer loop
      vertex 36.800 15.200 6.000
      vertex 37.400 15.200 6.000
      vertex 37.400 15.800 6.000
    endloop
  endfacet
  facet normal 0 0 1
    outer loop
      vertex 36.800 15.200 6.000
      vertex 37.400 15.800 6.000
      vertex 36.800 15.800 6.000
    endloop
  endfacet
endsolid grille:h2-18-2
solid grille:h2-18-3
  facet normal 0 0 1
    outer loop
      vertex 36.800 15.800 6.000
      vertex 37.400 15.800 6.000
      vertex 37.400 16.400 6.000
    endloop
  endfacet
  facet normal 0 0 1
    outer loop
      vertex 36.800 15.800 6.000
      vertex 37.400 16.400 6.000
      vertex 36.800 16.400 6.000
    endloop
  endfacet
endsolid grille:h2-18-3
solid grille:h2-18-4
  facet normal 0 0 1
    outer loop
      vertex 36.800 16.400 6.000
      vertex 37.400 16.400 6.000
      vertex 37.400 17.000 6.000
    endloop
  endfacet
  facet normal 0 0 1
    outer loop
      vertex 36.800 16.400 6.000
      vertex 37.400 17.000 6.000
      vertex 36.800 17.000 6.000
    endloop
  endfacet
endsolid grille:h2-18-4
solid grille:h3-01-1
  facet normal 0 0 1
    outer loop
      vertex 25.800 23.000 6.000
      vertex 26.400 23.000 6.000
      vertex 26.400 23.600 6.000
    endloop
  endfacet
  facet normal 0 0 1
    outer loop
      vertex 25.800 23.000 6.000
      vertex 26.400 23.600 6.000
      vertex 25.800 23.600 6.000
    endloop
  endfacet
endsolid grille:h3-01-1
solid grille:h3-01-2
  facet normal 0 0 1
    outer loop
      vertex 25.800 23.600 6.000
      vertex 26.400 23.600 6.000
      vertex 26.400 24.200 6.000
    endloop
  endfacet
  facet normal 0 0 1
    outer loop
      vertex 25.800 23.600 6.000
      vertex 26.400 24.200 6.000
      vertex 25.800 24.200 6.000
    endloop
  endfacet
endsolid grille:h3-01-2
solid grille:h3-01-3
  facet normal 0 0 1
    outer loop
      vertex 25.800 24.200 6.000
      vertex 26.400 24.200 6.000
      vertex 26.400 24.800 6.000
    endloop
  endfacet
  facet normal 0 0 1
    outer loop
      vertex 25.800 24.200 6.000
      vertex 26.400 24.800 6.000
      vertex 25.800 24.800 6.000
    endloop
  endfacet
endsolid grille:h3-01-3
solid grille:h3-01-4
  facet normal 0 0 1
    outer loop
      vertex 25.800 24.800 6.000
      vertex 26.400 24.800 6.000
      vertex 26.400 25.400 6.000
    endloop
  endfacet
  facet normal 0 0 1
    outer loop
      vertex 25.800 24.800 6.000
      vertex 26.400 25.400 6.000
      vertex 25.800 25.400 6.000
    endloop
  endfacet
endsolid grille:h3-01-4
solid grille:h3-02-1
  facet normal 0 0 1
    outer loop
      vertex 26.400 23.000 6.000
      vertex 27.000 23.000 6.000
      vertex 27.000 23.600 6.000
    endloop
  endfacet
  facet normal 0 0 1
    outer loop
      vertex 26.400 23.000 6.000
      vertex 27.000 23.600 6.000
      vertex 26.400 23.600 6.000
    endloop
  endfacet
endsolid grille:h3-02-1
solid grille:h3-02-2
  facet normal 0 0 1
    outer loop
      vertex 26.400 23.600 6.000
      vertex 27.000 23.600 6.000
      vertex 27.000 24.200 6.000
    endloop
  endfacet
  facet normal 0 0 1
    outer loop
      vertex 26.400 23.600 6.000
      vertex 27.000 24.200 6.000
      vertex 26.400 24.200 6.000
    endloop
  endfacet
endsolid grille:h3-02-2
solid grille:h3-02-3
  facet normal 0 0 1
    outer loop
      vertex 26.400 24.200 6.000
      vertex 27.000 24.200 6.000
      vertex 27.000 24.800 6.000
    endloop
  endfacet
  facet normal 0 0 1
    outer loop
      vertex 26.400 24.200 6.000
      vertex 27.000 24.800 6.000
      vertex 26.400 24.800 6.000
    endloop
  endfacet
endsolid grille:h3-02-3
solid grille:h3-02-4
  facet normal 0 0 1
    outer loop
      vertex 26.400 24.800 6.000
      vertex 27.000 24.800 6.000
      vertex 27.000 25.400 6.000
    endloop
  endfacet
  facet normal 0 0 1
    outer loop
      vertex 26.400 24.800 6.000
      vertex 27.000 25.400 6.000
      vertex 26.400 25.400 6.000
    endloop
  endfacet
endsolid grille:h3-02-4
solid grille:h3-03-1
  facet normal 0 0 1
    outer loop
      vertex 27.000 23.000 6.000
      vertex 27.600 23.000 6.000
      vertex 27.600 23.600 6.000
    endloop
  endfacet
  facet normal 0 0 1
    outer loop
      vertex 27.000 23.000 6.000
      vertex 27.600 23.600 6.000
      vertex 27.000 23.600 6.000
    endloop
  endfacet
endsolid grille:h3-03-1
solid grille:h3-03-2
  facet normal 0 0 1
    outer loop
      vertex 27.000 23.600 6.000
      vertex 27.600 23.600 6.000
      vertex 27.600 24.200 6.000
    endloop
  endfacet
  facet normal 0 0 1
    outer loop
      vertex 27.000 23.600 6.000
      vertex 27.600 24.200 6.000
      vertex 27.000 24.200 6.000
    endloop
  endfacet
endsolid grille:h3-03-2
solid grille:h3-03-3
  facet normal 0 0 1
    outer loop
      vertex 27.000 24.200 6.000
      vertex 27.600 24.200 6.000
      vertex 27.600 24.800 6.000
    endloop
  endfacet
  facet normal 0 0 1
    outer loop
      vertex 27.000 24.200 6.000
      vertex 27.600 24.800 6.000
      vertex 27.000 24.800 6.000
    endloop
  endfacet
endsolid grille:h3-03-3
solid grille:h3-03-4
  facet normal 0 0 1
    outer loop
      vertex 27.000 24.800 6.000
      vertex 27.600 24.800 6.000
      vertex 27.600 25.400 6.000
    endloop
  endfacet
  facet normal 0 0 1
    outer loop
      vertex 27.000 24.800 6.000
      vertex 27.600 25.400 6.000
      vertex 27.000 25.400 6.000
    endloop
  endfacet
endsolid grille:h3-03-4
solid grille:h3-04-1
  facet normal 0 0 1
    outer loop
      vertex 27.600 23.000 6.000
      vertex 28.200 23.000 6.000
      vertex 28.200 23.600 6.000
    endloop
  endfacet
  facet normal 0 0 1
    outer loop
      vertex 27.600 23.000 6.000
      vertex 28.200 23.600 6.000
      vertex 27.600 23.600 6.000
    endloop
  endfacet
endsolid grille:h3-04-1
solid grille:h3-04-2
  facet normal 0 0 1
    outer loop
      vertex 27.600 23.600 6.000
      vertex 28.200 23.600 6.000
      vertex 28.200 24.200 6.000
    endloop
  endfacet
  facet normal 0 0 1
    outer loop
      vertex 27.600 23.600 6.000
      vertex 28.200 24.200 6.000
      vertex 27.600 24.200 6.000
    endloop
  endfacet
endsolid grille:h3-04-2
solid grille:h3-04-3
  facet normal 0 0 1
    outer loop
      vertex 27.600 24.200 6.000
      vertex 28.200 24.200 6.000
      vertex 28.200 24.800 6.000
    endloop
  endfacet
  facet normal 0 0 1
    outer loop
      vertex 27.600 24.200 6.000
      vertex 28.200 24.800 6.000
      vertex 27.600 24.800 6.000
    endloop
  endfacet
endsolid grille:h3-04-3
solid grille:h3-04-4
  facet normal 0 0 1
    outer loop
      vertex 27.600 24.800 6.000
      vertex 28.200 24.800 6.000
      vertex 28.200 25.400 6.000
    endloop
  endfacet
  facet normal 0 0 1
    outer loop
      vertex 27.600 24.800 6.000
      vertex 28.200 25.400 6.000
      vertex 27.600 25.400 6.000
    endloop
  endfacet
endsolid grille:h3-04-4
solid grille:h3-05-1
  facet normal 0 0 1
    outer loop
      vertex 28.200 23.000 6.000
      vertex 28.800 23.000 6.000
      vertex 28.800 23.600 6.000
    endloop
  endfacet
  facet normal 0 0 1
    outer loop
      vertex 28.200 23.000 6.000
      vertex 28.800 23.600 6.000
      vertex 28.200 23.600 6.000
    endloop
  endfacet
endsolid grille:h3-05-1
solid grille:h3-05-2
  facet normal 0 0 1
    outer loop
      vertex 28.200 23.600 6.000
      vertex 28.800 23.600 6.000
      vertex 28.800 24.200 6.000
    endloop
  endfacet
  facet normal 0 0 1
    outer loop
      vertex 28.200 23.600 6.000
      vertex 28.800 24.200 6.000
      vertex 28.200 24.200 6.000
    endloop
  endfacet
endsolid grille:h3-05-2
solid grille:h3-05-3
  facet normal 0 0 1
    outer loop
      vertex 28.200 24.200 6.000
      vertex 28.800 24.200 6.000
      vertex 28.800 24.800 6.000
    endloop
  endfacet
  facet normal 0 0 1
    outer loop
      vertex 28.200 24.200 6.000
      vertex 28.800 24.800 6.000
      vertex 28.200 24.800 6.000
    endloop
  endfacet
endsolid grille:h3-05-3
solid grille:h3-05-4
  facet normal 0 0 1
    outer loop
      vertex 28.200 24.800 6.000
      vertex 28.800 24.800 6.000
      vertex 28.800 25.400 6.000
    endloop
  endfacet
  facet normal 0 0 1
    outer loop
      vertex 28.200 24.800 6.000
      vertex 28.800 25.400 6.000
      vertex 28.200 25.400 6.000
    endloop
  endfacet
endsolid grille:h3-05-4
solid grille:h3-06-1
  facet normal 0 0 1
    outer loop
      vertex 28.800 23.000 6.000
      vertex 29.400 23.000 6.000
      vertex 29.400 23.600 6.000
    endloop
  endfacet
  facet normal 0 0 1
    outer loop
      vertex 28.800 23.000 6.000
      vertex 29.400 23.600 6.000
      vertex 28.800 23.600 6.000
    endloop
  endfacet
endsolid grille:h3-06-1
solid grille:h3-06-2
  facet normal 0 0 1
    outer loop
      vertex 28.800 23.600 6.000
      vertex 29.400 23.600 6.000
      vertex 29.400 24.200 6.000
    endloop
  endfacet
  facet normal 0 0 1
    outer loop
      vertex 28.800 23.600 6.000
      vertex 29.400 24.200 6.000
      vertex 28.800 24.200 6.000
    endloop
  endfacet
endsolid grille:h3-06-2
solid grille:h3-06-3
  facet normal 0 0 1
    outer loop
      vertex 28.800 24.200 6.000
      vertex 29.400 24.200 6.000
      vertex 29.400 24.800 6.000
    endloop
  endfacet
  facet normal 0 0 1
    outer loop
      vertex 28.800 24.200 6.000
      vertex 29.400 24.800 6.000
      vertex 28.800 24.800 6.000
    endloop
  endfacet
endsolid grille:h3-06-3
solid grille:h3-06-4
  facet normal 0 0 1
    outer loop
      vertex 28.800 24.800 6.000
      vertex 29.400 24.800 6.000
      vertex 29.400 25.400 6.000
    endloop
  endfacet
  facet normal 0 0 1
    outer loop
      vertex 28.800 24.800 6.000
      vertex 29.400 25.400 6.000
      vertex 28.800 25.400 6.000
    endloop
  endfacet
endsolid grille:h3-06-4
solid grille:h3-07-1
  facet normal 0 0 1
    outer loop
      vertex 29.400 23.000 6.000
      vertex 30.000 23.000 6.000
      vertex 30.000 23.600 6.000
    endloop
  endfacet
  facet normal 0 0 1
    outer loop
      vertex 29.400 23.000 6.000
      vertex 30.000 23.600 6.000
      vertex 29.400 23.600 6.000
    endloop
  endfacet
endsolid grille:h3-07-1
solid grille:h3-07-2
  facet normal 0 0 1
    outer loop
      vertex 29.400 23.600 6.000
      vertex 30.000 23.600 6.000
      vertex 30.000 24.200 6.000
    endloop
  endfacet
  facet normal 0 0 1
    outer loop
      vertex 29.400 23.600 6.000
      vertex 30.000 24.200 6.000
      vertex 29.400 24.200 6.000
    endloop
  endfacet
endsolid grille:h3-07-2
solid grille:h3-07-3
  facet normal 0 0 1
    outer loop
      vertex 29.400 24.200 6.000
      vertex 30.000 24.200 6.000
      vertex 30.000 24.800 6.000
    endloop
  endfacet
  facet normal 0 0 1
    outer loop
      vertex 29.400 24.200 6.000
      vertex 30.000 24.800 6.000
      vertex 29.400 24.800 6.000
    endloop
  endfacet
endsolid grille:h3-07-3
solid grille:h3-07-4
  facet normal 0 0 1
    outer loop
      vertex 29.400 24.800 6.000
      vertex 30.000 24.800 6.000
      vertex 30.000 25.400 6.000
    endloop
  endfacet
  facet normal 0 0 1
    outer loop
      vertex 29.400 24.800 6.000
      vertex 30.000 25.400 6.000
      vertex 29.400 25.400 6.000
    endloop
  endfacet
endsolid grille:h3-07-4
solid grille:h3-08-1
  facet normal 0 0 1
    outer loop
      vertex 30.000 23.000 6.000
      vertex 30.600 23.000 6.000
      vertex 30.600 23.600 6.000
    endloop
  endfacet
  facet normal 0 0 1
    outer loop
      vertex 30.000 23.000 6.000
      vertex 30.600 23.600 6.000
      vertex 30.000 23.600 6.000
    endloop
  endfacet
endsolid grille:h3-08-1
solid grille:h3-08-2
  facet normal 0 0 1
    outer loop
      vertex 30.000 23.600 6.000
      vertex 30.600 23.600 6.000
      vertex 30.600 24.200 6.000
    endloop
  endfacet
  facet normal 0 0 1
    outer loop
      vertex 30.000 23.600 6.000
      vertex 30.600 24.200 6.000
      vertex 30.000 24.200 6.000
    endloop
  endfacet
endsolid grille:h3-08-2
solid grille:h3-08-3
  facet normal 0 0 1
    outer loop
      vertex 30.000 24.200 6.000
      vertex 30.600 24.200 6.000
      vertex 30.600 24.800 6.000
    endloop
  endfacet
  facet normal 0 0 1
    outer loop
      vertex 30.000 24.200 6.000
      vertex 30.600 24.800 6.000
      vertex 30.000 24.800 6.000
    endloop
  endfacet
endsolid grille:h3-08-3
solid grille:h3-08-4
  facet normal 0 0 1
    outer loop
      vertex 30.000 24.800 6.000
      vertex 30.600 24.800 6.000
      vertex 30.600 25.400 6.000
    endloop
  endfacet
  facet normal 0 0 1
    outer loop
      vertex 30.000 24.800 6.000
      vertex 30.600 25.400 6.000
      vertex 30.000 25.400 6.000
    endloop
  endfacet
endsolid grille:h3-08-4
solid grille:h3-09-1
  facet normal 0 0 1
    outer loop
      vertex 30.600 23.000 6.000
      vertex 31.200 23.000 6.000
      vertex 31.200 23.600 6.000
    endloop
  endfacet
  facet normal 0 0 1
    outer loop
      vertex 30.600 23.000 6.000
      vertex 31.200 23.600 6.000
      vertex 30.600 23.600 6.000
    endloop
  endfacet
endsolid grille:h3-09-1
solid grille:h3-09-2
  facet normal 0 0 1
    outer loop
      vertex 30.600 23.600 6.000
      vertex 31.200 23.600 6.000
      vertex 31.200 24.200 6.000
    endloop
  endfacet
  facet normal 0 0 1
    outer loop
      vertex 30.600 23.600 6.000
      vertex 31.200 24.200 6.000
      vertex 30.600 24.200 6.000
    endloop
  endfacet
endsolid grille:h3-09-2
solid grille:h3-09-3
  facet normal 0 0 1
    outer loop
      vertex 30.600 24.200 6.000
      vertex 31.200 24.200 6.000
      vertex 31.200 24.800 6.000
    endloop
  endfacet
  facet normal 0 0 1
    outer loop
      vertex 30.600 24.200 6.000
      vertex 31.200 24.800 6.000
      vertex 30.600 24.800 6.000
    endloop
  endfacet
endsolid grille:h3-09-3
solid grille:h3-09-4
  facet normal 0 0 1
    outer loop
      vertex 30.600 24.800 6.000
      vertex 31.200 24.800 6.000
      vertex 31.200 25.400 6.000
    endloop
  endfacet
  facet normal 0 0 1
    outer loop
      vertex 30.600 24.800 6.000
      vertex 31.200 25.400 6.000
      vertex 30.600 25.400 6.000
    endloop
  endfacet
endsolid grille:h3-09-4
solid grille:h3-10-1
  facet normal 0 0 1
    outer loop
      vertex 31.200 23.000 6.000
      vertex 31.800 23.000 6.000
      vertex 31.800 23.600 6.000
    endloop
  endfacet
  facet normal 0 0 1
    outer loop
      vertex 31.200 23.000 6.000
      vertex 31.800 23.600 6.000
      vertex 31.200 23.600 6.000
    endloop
  endfacet
endsolid grille:h3-10-1
solid grille:h3-10-2
  facet normal 0 0 1
    outer loop
      vertex 31.200 23.600 6.000
      vertex 31.800 23.600 6.000
      vertex 31.800 24.200 6.000
    endloop
  endfacet
  facet normal 0 0 1
    outer loop
      vertex 31.200 23.600 6.000
      vertex 31.800 24.200 6.000
      vertex 31.200 24.200 6.000
    endloop
  endfacet
endsolid grille:h3-10-2
solid grille:h3-10-3
  facet normal 0 0 1
    outer loop
      vertex 31.200 24.200 6.000
      vertex 31.800 24.200 6.000
      vertex 31.800 24.800 6.000
    endloop
  endfacet
  facet normal 0 0 1
    outer loop
      vertex 31.200 24.200 6.000
      vertex 31.800 24.800 6.000
      vertex 31.200 24.800 6.000
    endloop
  endfacet
endsolid grille:h3-10-3
solid grille:h3-10-4
  facet normal 0 0 1
    outer loop
      vertex 31.200 24.800 6.000
      vertex 31.800 24.800 6.000
      vertex 31.800 25.400 6.000
    endloop
  endfacet
  facet normal 0 0 1
    outer loop
      vertex 31.200 24.800 6.000
      vertex 31.800 25.400 6.000
      vertex 31.200 25.400 6.000
    endloop
  endfacet
endsolid grille:h3-10-4
solid grille:h3-11-1
  facet normal 0 0 1
    outer loop
      vertex 31.800 23.000 6.000
      vertex 32.400 23.000 6.000
      vertex 32.400 23.600 6.000
    endloop
  endfacet
  facet normal 0 0 1
    outer loop
      vertex 31.800 23.000 6.000
      vertex 32.400 23.600 6.000
      vertex 31.800 23.600 6.000
    endloop
  endfacet
endsolid grille:h3-11-1
solid grille:h3-11-2
  facet normal 0 0 1
    outer loop
      vertex 31.800 23.600 6.000
      vertex 32.400 23.600 6.000
      vertex 32.400 24.200 6.000
    endloop
  endfacet
  facet normal 0 0 1
    outer loop
      vertex 31.800 23.600 6.000
      vertex 32.400 24.200 6.000
      vertex 31.800 24.200 6.000
    endloop
  endfacet
endsolid grille:h3-11-2
solid grille:h3-11-3
  facet normal 0 0 1
    outer loop
      vertex 31.800 24.200 6.000
      vertex 32.400 24.200 6.000
      vertex 32.400 24.800 6.000
    endloop
  endfacet
  facet normal 0 0 1
    outer loop
      vertex 31.800 24.200 6.000
      vertex 32.400 24.800 6.000
      vertex 31.800 24.800 6.000
    endloop
  endfacet
endsolid grille:h3-11-3
solid grille:h3-11-4
  facet normal 0 0 1
    outer loop
      vertex 31.800 24.800 6.000
      vertex 32.400 24.800 6.000
      vertex 32.400 25.400 6.000
    endloop
  endfacet
  facet normal 0 0 1
    outer loop
      vertex 31.800 24.800 6.000
      vertex 32.400 25.400 6.000
      vertex 31.800 25.400 6.000
    endloop
  endfacet
endsolid grille:h3-11-4
solid grille:h3-12-1
  facet normal 0 0 1
    outer loop
      vertex 32.400 23.000 6.000
      vertex 33.000 23.000 6.000
      vertex 33.000 23.600 6.000
    endloop
  endfacet
  facet normal 0 0 1
    outer loop
      vertex 32.400 23.000 6.000
      vertex 33.000 23.600 6.000
      vertex 32.400 23.600 6.000
    endloop
  endfacet
endsolid grille:h3-12-1
solid grille:h3-12-2
  facet normal 0 0 1
    outer loop
      vertex 32.400 23.600 6.000
      vertex 33.000 23.600 6.000
      vertex 33.000 24.200 6.000
    endloop
  endfacet
  facet normal 0 0 1
    outer loop
      vertex 32.400 23.600 6.000
      vertex 33.000 24.200 6.000
      vertex 32.400 24.200 6.000
    endloop
  endfacet
endsolid grille:h3-12-2
solid grille:h3-12-3
  facet normal 0 0 1
    outer loop
      vertex 32.400 24.200 6.000
      vertex 33.000 24.200 6.000
      vertex 33.000 24.800 6.000
    endloop
  endfacet
  facet normal 0 0 1
    outer loop
      vertex 32.400 24.200 6.000
      vertex 33.000 24.800 6.000
      vertex 32.400 24.800 6.000
    endloop
  endfacet
endsolid grille:h3-12-3
solid grille:h3-12-4
  facet normal 0 0 1
    outer loop
      vertex 32.400 24.800 6.000
      vertex 33.000 24.800 6.000
      vertex 33.000 25.400 6.000
    endloop
  endfacet
  facet normal 0 0 1
    outer loop
      vertex 32.400 24.800 6.000
      vertex 33.000 25.400 6.000
      vertex 32.400 25.400 6.000
    endloop
  endfacet
endsolid grille:h3-12-4
solid grille:h3-13-1
  facet normal 0 0 1
    outer loop
      vertex 33.000 23.000 6.000
      vertex 33.600 23.000 6.000
      vertex 33.600 23.600 6.000
    endloop
  endfacet
  facet normal 0 0 1
    outer loop
      vertex 33.000 23.000 6.000
      vertex 33.600 23.600 6.000
      vertex 33.000 23.600 6.000
    endloop
  endfacet
endsolid grille:h3-13-1
solid grille:h3-13-2
  facet normal 0 0 1
    outer loop
      vertex 33.000 23.600 6.000
      vertex 33.600 23.600 6.000
      vertex 33.600 24.200 6.000
    endloop
  endfacet
  facet normal 0 0 1
    outer loop
      vertex 33.000 23.600 6.000
      vertex 33.600 24.200 6.000
      vertex 33.000 24.200 6.000
    endloop
  endfacet
endsolid grille:h3-13-2
solid grille:h3-13-3
  facet normal 0 0 1
    outer loop
      vertex 33.000 24.200 6.000
      vertex 33.600 24.200 6.000
      vertex 33.600 24.800 6.000
    endloop
  endfacet
  facet normal 0 0 1
    outer loop
      vertex 33.000 24.200 6.000
      vertex 33.600 24.800 6.000
      vertex 33.000 24.800 6.000
    endloop
  endfacet
endsolid grille:h3-13-3
solid grille:h3-13-4
  facet normal 0 0 1
    outer loop
      vertex 33.000 24.800 6.000
      vertex 33.600 24.800 6.000
      vertex 33.600 25.400 6.000
    endloop
  endfacet
  facet normal 0 0 1
    outer loop
      vertex 33.000 24.800 6.000
      vertex 33.600 25.400 6.000
      vertex 33.000 25.400 6.000
    endloop
  endfacet
endsolid grille:h3-13-4
solid grille:h3-14-1
  facet normal 0 0 1
    outer loop
      vertex 33.600 23.000 6.000
      vertex 34.200 23.000 6.000
      vertex 34.200 23.600 6.000
    endloop
  endfacet
  facet normal 0 0 1
    outer loop
      vertex 33.600 23.000 6.000
      vertex 34.200 23.600 6.000
      vertex 33.600 23.600 6.000
    endloop
  endfacet
endsolid grille:h3-14-1
solid grille:h3-14-2
  facet normal 0 0 1
    outer loop
      vertex 33.600 23.600 6.000
      vertex 34.200 23.600 6.000
      vertex 34.200 24.200 6.000
    endloop
  endfacet
  facet normal 0 0 1
    outer loop
      vertex 33.600 23.600 6.000
      vertex 34.200 24.200 6.000
      vertex 33.600 24.200 6.000
    endloop
  endfacet
endsolid grille:h3-14-2
solid grille:h3-14-3
  facet normal 0 0 1
    outer loop
      vertex 33.600 24.200 6.000
      vertex 34.200 24.200 6.000
      vertex 34.200 24.800 6.000
    endloop
  endfacet
  facet normal 0 0 1
    outer loop
      vertex 33.600 24.200 6.000
      vertex 34.200 24.800 6.000
      vertex 33.600 24.800 6.000
    endloop
  endfacet
endsolid grille:h3-14-3
solid grille:h3-14-4
  facet normal 0 0 1
    outer loop
      vertex 33.600 24.800 6.000
      vertex 34.200 24.800 6.000
      vertex 34.200 25.400 6.000
    endloop
  endfacet
  facet normal 0 0 1
    outer loop
      vertex 33.600 24.800 6.000
      vertex 34.200 25.400 6.000
      vertex 33.600 25.400 6.000
    endloop
  endfacet
endsolid grille:h3-14-4
solid grille:h3-15-1
  facet normal 0 0 1
    outer loop
      vertex 34.200 23.000 6.000
      vertex 34.800 23.000 6.000
      vertex 34.800 23.600 6.000
    endloop
  endfacet
  facet normal 0 0 1
    outer loop
      vertex 34.200 23.000 6.000
      vertex 34.800 23.600 6.000
      vertex 34.200 23.600 6.000
    endloop
  endfacet
endsolid grille:h3-15-1
solid grille:h3-15-2
  facet normal 0 0 1
    outer loop
      vertex 34.200 23.600 6.000
      vertex 34.800 23.600 6.000
      vertex 34.800 24.200 6.000
    endloop
  endfacet
  facet normal 0 0 1
    outer loop
      vertex 34.200 23.600 6.000
      vertex 34.800 24.200 6.000
      vertex 34.200 24.200 6.000
    endloop
  endfacet
endsolid grille:h3-15-2
solid grille:h3-15-3
  facet normal 0 0 1
    outer loop
      vertex 34.200 24.200 6.000
      vertex 34.800 24.200 6.000
      vertex 34.800 24.800 6.000
    endloop
  endfacet
  facet normal 0 0 1
    outer loop
      vertex 34.200 24.200 6.000
      vertex 34.800 24.800 6.000
      vertex 34.200 24.800 6.000
    endloop
  endfacet
endsolid grille:h3-15-3
solid grille:h3-15-4
  facet normal 0 0 1
    outer loop
      vertex 34.200 24.800 6.000
      vertex 34.800 24.800 6.000
      vertex 34.800 25.400 6.000
    endloop
  endfacet
  facet normal 0 0 1
    outer loop
      vertex 34.200 24.800 6.000
      vertex 34.800 25.400 6.000
      vertex 34.200 25.400 6.000
    endloop
  endfacet
endsolid grille:h3-15-4
solid grille:h3-16-1
  facet normal 0 0 1
    outer loop
      vertex 34.800 23.000 6.000
      vertex 35.400 23.000 6.000
      vertex 35.400 23.600 6.000
    endloop
  endfacet
  facet normal 0 0 1
    outer loop
      vertex 34.800 23.000 6.000
      vertex 35.400 23.600 6.000
      vertex 34.800 23.600 6.000
    endloop
  endfacet
endsolid grille:h3-16-1
solid grille:h3-16-2
  facet normal 0 0 1
    outer loop
      vertex 34.800 23.600 6.000
      vertex 35.400 23.600 6.000
      vertex 35.400 24.200 6.000
    endloop
  endfacet
  facet normal 0 0 1
    outer loop
      vertex 34.800 23.600 6.000
      vertex 35.400 24.200 6.000
      vertex 34.800 24.200 6.000
    endloop
  endfacet
endsolid grille:h3-16-2
solid grille:h3-16-3
  facet normal 0 0 1
    outer loop
      vertex 34.800 24.200 6.000
      vertex 35.400 24.200 6.000
      vertex 35.400 24.800 6.000
    endloop
  endfacet
  facet normal 0 0 1
    outer loop
      vertex 34.800 24.200 6.000
      vertex 35.400 24.800 6.000
      vertex 34.800 24.800 6.000
    endloop
  endfacet
endsolid grille:h3-16-3
solid grille:h3-16-4
  facet normal 0 0 1
    outer loop
      vertex 34.800 24.800 6.000
      vertex 35.400 24.800 6.000
      vertex 35.400 25.400 6.000
    endloop
  endfacet
  facet normal 0 0 1
    outer loop
      vertex 34.800 24.800 6.000
      vertex 35.400 25.400 6.000
      vertex 34.800 25.400 6.000
    endloop
  endfacet
endsolid grille:h3-16-4
solid grille:h3-17-1
  facet normal 0 0 1
    outer loop
      vertex 35.400 23.000 6.000
      vertex 36.000 23.000 6.000
      vertex 36.000 23.600 6.000
    endloop
  endfacet
  facet normal 0 0 1
    outer loop
      vertex 35.400 23.000 6.000
      vertex 36.000 23.600 6.000
      vertex 35.400 23.600 6.000
    endloop
  endfacet
endsolid grille:h3-17-1
solid grille:h3-17-2
  facet normal 0 0 1
    outer loop
      vertex 35.400 23.600 6.000
      vertex 36.000 23.600 6.000
      vertex 36.000 24.200 6.000
    endloop
  endfacet
  facet normal 0 0 1
    outer loop
      vertex 35.400 23.600 6.000
      vertex 36.000 24.200 6.000
      vertex 35.400 24.200 6.000
    endloop
  endfacet
endsolid grille:h3-17-2
solid grille:h3-17-3
  facet normal 0 0 1
    outer loop
      vertex 35.400 24.200 6.000
      vertex 36.000 24.200 6.000
      vertex 36.000 24.800 6.000
    endloop
  endfacet
  facet normal 0 0 1
    outer loop
      vertex 35.400 24.200 6.000
      vertex 36.000 24.800 6.000
      vertex 35.400 24.800 6.000
    endloop
  endfacet
endsolid grille:h3-17-3
solid grille:h3-17-4
  facet normal 0 0 1
    outer loop
      vertex 35.400 24.800 6.000
      vertex 36.000 24.800 6.000
      vertex 36.000 25.400 6.000
    endloop
  endfacet
  facet normal 0 0 1
    outer loop
      vertex 35.400 24.800 6.000
      vertex 36.000 25.400 6.000
      vertex 35.400 25.400 6.000
    endloop
  endfacet
endsolid grille:h3-17-4
solid grille:h3-18-1
  facet normal 0 0 1
    outer loop
      vertex 36.000 23.000 6.000
      vertex 36.600 23.000 6.000
      vertex 36.600 23.600 6.000
    endloop
  endfacet
  facet normal 0 0 1
    outer loop
      vertex 36.000 23.000 6.000
      vertex 36.600 23.600 6.000
      vertex 36.000 23.600 6.000
    endloop
  endfacet
endsolid grille:h3-18-1
solid grille:h3-18-2
  facet normal 0 0 1
    outer loop
      vertex 36.000 23.600 6.000
      vertex 36.600 23.600 6.000
      vertex 36.600 24.200 6.000
    endloop
  endfacet
  facet normal 0 0 1
    outer loop
      vertex 36.000 23.600 6.000
      vertex 36.600 24.200 6.000
      vertex 36.000 24.200 6.000
    endloop
  endfacet
endsolid grille:h3-18-2
solid grille:h3-18-3
  facet normal 0 0 1
    outer loop
      vertex 36.000 24.200 6.000
      vertex 36.600 24.200 6.000
      vertex 36.600 24.800 6.000
    endloop
  endfacet
  facet normal 0 0 1
    outer loop
      vertex 36.000 24.200 6.000
      vertex 36.600 24.800 6.000
      vertex 36.000 24.800 6.000
    endloop
  endfacet
endsolid grille:h3-18-3
solid grille:h3-18-4
  facet normal 0 0 1
    outer loop
      vertex 36.000 24.800 6.000
      vertex 36.600 24.800 6.000
      vertex 36.600 25.400 6.000
    endloop
  endfacet
  facet normal 0 0 1
    outer loop
      vertex 36.000 24.800 6.000
      vertex 36.600 25.400 6.000
      vertex 36.000 25.400 6.000
    endloop
  endfacet
endsolid grille:h3-18-4
solid grille:h3-19-1
  facet normal 0 0 1
    outer loop
      vertex 36.600 23.000 6.000
      vertex 37.200 23.000 6.000
      vertex 37.200 23.600 6.000
    endloop
  endfacet
  facet normal 0 0 1
    outer loop
      vertex 36.600 23.000 6.000
      vertex 37.200 23.600 6.000
      vertex 36.600 23.600 6.000
    endloop
  endfacet
endsolid grille:h3-19-1
solid grille:h3-19-2
  facet normal 0 0 1
    outer loop
      vertex 36.600 23.600 6.000
      vertex 37.200 23.600 6.000
      vertex 37.200 24.200 6.000
    endloop
  endfacet
  facet normal 0 0 1
    outer loop
      vertex 36.600 23.600 6.000
      vertex 37.200 24.200 6.000
      vertex 36.600 24.200 6.000
    endloop
  endfacet
endsolid grille:h3-19-2
solid grille:h3-19-3
  facet normal 0 0 1
    outer loop
      vertex 36.600 24.200 6.000
      vertex 37.200 24.200 6.000
      vertex 37.200 24.800 6.000
    endloop
  endfacet
  facet normal 0 0 1
    outer loop
      vertex 36.600 24.200 6.000
      vertex 37.200 24.800 6.000
      vertex 36.600 24.800 6.000
    endloop
  endfacet
endsolid grille:h3-19-3
solid grille:h3-19-4
  facet normal 0 0 1
    outer loop
      vertex 36.600 24.800 6.000
      vertex 37.200 24.800 6.000
      vertex 37.200 25.400 6.000
    endloop
  endfacet
  facet normal 0 0 1
    outer loop
      vertex 36.600 24.800 6.000
      vertex 37.200 25.400 6.000
      vertex 36.600 25.400 6.000
    endloop
  endfacet
endsolid grille:h3-19-4
solid grille:h4-01-1
  facet normal 0 0 1
    outer loop
      vertex 25.800 30.800 6.000
      vertex 26.400 30.800 6.000
      vertex 26.400 31.400 6.000
    endloop
  endfacet
  facet normal 0 0 1
    outer loop
      vertex 25.800 30.800 6.000
      vertex 26.400 31.400 6.000
      vertex 25.800 31.400 6.000
    endloop
  endfacet
endsolid grille:h4-01-1
solid grille:h4-01-2
  facet normal 0 0 1
    outer loop
      vertex 25.800 31.400 6.000
      vertex 26.400 31.400 6.000
      vertex 26.400 32.000 6.000
    endloop
  endfacet
  facet normal 0 0 1
    outer loop
      vertex 25.800 31.400 6.000
      vertex 26.400 32.000 6.000
      vertex 25.800 32.000 6.000
    endloop
  endfacet
endsolid grille:h4-01-2
solid grille:h4-01-3
  facet normal 0 0 1
    outer loop
      vertex 25.800 32.000 6.000
      vertex 26.400 32.000 6.000
      vertex 26.400 32.600 6.000
    endloop
  endfacet
  facet normal 0 0 1
    outer loop
      vertex 25.800 32.000 6.000
      vertex 26.400 32.600 6.000
      vertex 25.800 32.600 6.000
    endloop
  endfacet
endsolid grille:h4-01-3
solid grille:h4-01-4
  facet normal 0 0 1
    outer loop
      vertex 25.800 32.600 6.000
      vertex 26.400 32.600 6.000
      vertex 26.400 33.200 6.000
    endloop
  endfacet
  facet normal 0 0 1
    outer loop
      vertex 25.800 32.600 6.000
      vertex 26.400 33.200 6.000
      vertex 25.800 33.200 6.000
    endloop
  endfacet
endsolid grille:h4-01-4
solid grille:h4-02-1
  facet normal 0 0 1
    outer loop
      vertex 26.400 30.800 6.000
      vertex 27.000 30.800 6.000
      vertex 27.000 31.400 6.000
    endloop
  endfacet
  facet normal 0 0 1
    outer loop
      vertex 26.400 30.800 6.000
      vertex 27.000 31.400 6.000
      vertex 26.400 31.400 6.000
    endloop
  endfacet
endsolid grille:h4-02-1
solid grille:h4-02-2
  facet normal 0 0 1
    outer loop
      vertex 26.400 31.400 6.000
      vertex 27.000 31.400 6.000
      vertex 27.000 32.000 6.000
    endloop
  endfacet
  facet normal 0 0 1
    outer loop
      vertex 26.400 31.400 6.000
      vertex 27.000 32.000 6.000
      vertex 26.400 32.000 6.000
    endloop
  endfacet
endsolid grille:h4-02-2
solid grille:h4-02-3
  facet normal 0 0 1
    outer loop
      vertex 26.400 32.000 6.000
      vertex 27.000 32.000 6.000
      vertex 27.000 32.600 6.000
    endloop
  endfacet
  facet normal 0 0 1
    outer loop
      vertex 26.400 32.000 6.000
      vertex 27.000 32.600 6.000
      vertex 26.400 32.600 6.000
    endloop
  endfacet
endsolid grille:h4-02-3
solid grille:h4-02-4
  facet normal 0 0 1
    outer loop
      vertex 26.400 32.600 6.000
      vertex 27.000 32.600 6.000
      vertex 27.000 33.200 6.000
    endloop
  endfacet
  facet normal 0 0 1
    outer loop
      vertex 26.400 32.600 6.000
      vertex 27.000 33.200 6.000
      vertex 26.400 33.200 6.000
    endloop
  endfacet
endsolid grille:h4-02-4
solid grille:h4-03-1
  facet normal 0 0 1
    outer loop
      vertex 27.000 30.800 6.000
      vertex 27.600 30.800 6.000
      vertex 27.600 31.400 6.000
    endloop
  endfacet
  facet normal 0 0 1
    outer loop
      vertex 27.000 30.800 6.000
      vertex 27.600 31.400 6.000
      vertex 27.000 31.400 6.000
    endloop
  endfacet
endsolid grille:h4-03-1
solid grille:h4-03-2
  facet normal 0 0 1
    outer loop
      vertex 27.000 31.400 6.000
      vertex 27.600 31.400 6.000
      vertex 27.600 32.000 6.000
    endloop
  endfacet
  facet normal 0 0 1
    outer loop
      vertex 27.000 31.400 6.000
      vertex 27.600 32.000 6.000
      vertex 27.000 32.000 6.000
    endloop
  endfacet
endsolid grille:h4-03-2
solid grille:h4-03-3
  facet normal 0 0 1
    outer loop
      vertex 27.000 32.000 6.000
      vertex 27.600 32.000 6.000
      vertex 27.600 32.600 6.000
    endloop
  endfacet
  facet normal 0 0 1
    outer loop
      vertex 27.000 32.000 6.000
      vertex 27.600 32.600 6.000
      vertex 27.000 32.600 6.000
    endloop
  endfacet
endsolid grille:h4-03-3
solid grille:h4-03-4
  facet normal 0 0 1
    outer loop
      vertex 27.000 32.600 6.000
      vertex 27.600 32.600 6.000
      vertex 27.600 33.200 6.000
    endloop
  endfacet
  facet normal 0 0 1
    outer loop
      vertex 27.000 32.600 6.000
      vertex 27.600 33.200 6.000
      vertex 27.000 33.200 6.000
    endloop
  endfacet
endsolid grille:h4-03-4
solid grille:h4-04-1
  facet normal 0 0 1
    outer loop
      vertex 27.600 30.800 6.000
      vertex 28.200 30.800 6.000
      vertex 28.200 31.400 6.000
    endloop
  endfacet
  facet normal 0 0 1
    outer loop
      vertex 27.600 30.800 6.000
      vertex 28.200 31.400 6.000
      vertex 27.600 31.400 6.000
    endloop
  endfacet
endsolid grille:h4-04-1
solid grille:h4-04-2
  facet normal 0 0 1
    outer loop
      vertex 27.600 31.400 6.000
      vertex 28.200 31.400 6.000
      vertex 28.200 32.000 6.000
    endloop
  endfacet
  facet normal 0 0 1
    outer loop
      vertex 27.600 31.400 6.000
      vertex 28.200 32.000 6.000
      vertex 27.600 32.000 6.000
    endloop
  endfacet
endsolid grille:h4-04-2
solid grille:h4-04-3
  facet normal 0 0 1
    outer loop
      vertex 27.600 32.000 6.000
      vertex 28.200 32.000 6.000
      vertex 28.200 32.600 6.000
    endloop
  endfacet
  facet normal 0 0 1
    outer loop
      vertex 27.600 32.000 6.000
      vertex 28.200 32.600 6.000
      vertex 27.600 32.600 6.000
    endloop
  endfacet
endsolid grille:h4-04-3
solid grille:h4-04-4
  facet normal 0 0 1
    outer loop
      vertex 27.600 32.600 6.000
      vertex 28.200 32.600 6.000
      vertex 28.200 33.200 6.000
    endloop
  endfacet
  facet normal 0 0 1
    outer loop
      vertex 27.600 32.600 6.000
      vertex 28.200 33.200 6.000
      vertex 27.600 33.200 6.000
    endloop
  endfacet
endsolid grille:h4-04-4
solid grille:h4-05-1
  facet normal 0 0 1
    outer loop
      vertex 28.200 30.800 6.000
      vertex 28.800 30.800 6.000
      vertex 28.800 31.400 6.000
    endloop
  endfacet
  facet normal 0 0 1
    outer loop
      vertex 28.200 30.800 6.000
      vertex 28.800 31.400 6.000
      vertex 28.200 31.400 6.000
    endloop
  endfacet
endsolid grille:h4-05-1
solid grille:h4-05-2
  facet normal 0 0 1
    outer loop
      vertex 28.200 31.400 6.000
      vertex 28.800 31.400 6.000
      vertex 28.800 32.000 6.000
    endloop
  endfacet
  facet normal 0 0 1
    outer loop
      vertex 28.200 31.400 6.000
      vertex 28.800 32.000 6.000
      vertex 28.200 32.000 6.000
    endloop
  endfacet
endsolid grille:h4-05-2
solid grille:h4-05-3
  facet normal 0 0 1
    outer loop
      vertex 28.200 32.000 6.000
      vertex 28.800 32.000 6.000
      vertex 28.800 32.600 6.000
    endloop
  endfacet
  facet normal 0 0 1
    outer loop
      vertex 28.200 32.000 6.000
      vertex 28.800 32.600 6.000
      vertex 28.200 32.600 6.000
    endloop
  endfacet
endsolid grille:h4-05-3
solid grille:h4-05-4
  facet normal 0 0 1
    outer loop
      vertex 28.200 32.600 6.000
      vertex 28.800 32.600 6.000
      vertex 28.800 33.200 6.000
    endloop
  endfacet
  facet normal 0 0 1
    outer loop
      vertex 28.200 32.600 6.000
      vertex 28.800 33.200 6.000
      vertex 28.200 33.200 6.000
    endloop
  endfacet
endsolid grille:h4-05-4
solid grille:h4-06-1
  facet normal 0 0 1
    outer loop
      vertex 28.800 30.800 6.000
      vertex 29.400 30.800 6.000
      vertex 29.400 31.400 6.000
    endloop
  endfacet
  facet normal 0 0 1
    outer loop
      vertex 28.800 30.800 6.000
      vertex 29.400 31.400 6.000
      vertex 28.800 31.400 6.000
    endloop
  endfacet
endsolid grille:h4-06-1
solid grille:h4-06-2
  facet normal 0 0 1
    outer loop
      vertex 28.800 31.400 6.000
      vertex 29.400 31.400 6.000
      vertex 29.400 32.000 6.000
    endloop
  endfacet
  facet normal 0 0 1
    outer loop
      vertex 28.800 31.400 6.000
      vertex 29.400 32.000 6.000
      vertex 28.800 32.000 6.000
    endloop
  endfacet
endsolid grille:h4-06-2
solid grille:h4-06-3
  facet normal 0 0 1
    outer loop
      vertex 28.800 32.000 6.000
      vertex 29.400 32.000 6.000
      vertex 29.400 32.600 6.000
    endloop
  endfacet
  facet normal 0 0 1
    outer loop
      vertex 28.800 32.000 6.000
      vertex 29.400 32.600 6.000
      vertex 28.800 32.600 6.000
    endloop
  endfacet
endsolid grille:h4-06-3
solid grille:h4-06-4
  facet normal 0 0 1
    outer loop
      vertex 28.800 32.600 6.000
      vertex 29.400 32.600 6.000
      vertex 29.400 33.200 6.000
    endloop
  endfacet
  facet normal 0 0 1
    outer loop
      vertex 28.800 32.600 6.000
      vertex 29.400 33.200 6.000
      vertex 28.800 33.200 6.000
    endloop
  endfacet
endsolid grille:h4-06-4
solid grille:h4-07-1
  facet normal 0 0 1
    outer loop
      vertex 29.400 30.800 6.000
      vertex 30.000 30.800 6.000
      vertex 30.000 31.400 6.000
    endloop
  endfacet
  facet normal 0 0 1
    outer loop
      vertex 29.400 30.800 6.000
      vertex 30.000 31.400 6.000
      vertex 29.400 31.400 6.000
    endloop
  endfacet
endsolid grille:h4-07-1
solid grille:h4-07-2
  facet normal 0 0 1
    outer loop
      vertex 29.400 31.400 6.000
      vertex 30.000 31.400 6.000
      vertex 30.000 32.000 6.000
    endloop
  endfacet
  facet normal 0 0 1
    outer loop
      vertex 29.400 31.400 6.000
      vertex 30.000 32.000 6.000
      vertex 29.400 32.000 6.000
    endloop
  endfacet
endsolid grille:h4-07-2
solid grille:h4-07-3
  facet normal 0 0 1
    outer loop
      vertex 29.400 32.000 6.000
      vertex 30.000 32.000 6.000
      vertex 30.000 32.600 6.000
    endloop
  endfacet
  facet normal 0 0 1
    outer loop
      vertex 29.400 32.000 6.000
      vertex 30.000 32.600 6.000
      vertex 29.400 32.600 6.000
    endloop
  endfacet
endsolid grille:h4-07-3
solid grille:h4-07-4
  facet normal 0 0 1
    outer loop
      vertex 29.400 32.600 6.000
      vertex 30.000 32.600 6.000
      vertex 30.000 33.200 6.000
    endloop
  endfacet
  facet normal 0 0 1
    outer loop
      vertex 29.400 32.600 6.000
      vertex 30.000 33.200 6.000
      vertex 29.400 33.200 6.000
    endloop
  endfacet
endsolid grille:h4-07-4
solid grille:h4-08-1
  facet normal 0 0 1
    outer loop
      vertex 30.000 30.800 6.000
      vertex 30.600 30.800 6.000
      vertex 30.600 31.400 6.000
    endloop
  endfacet
  facet normal 0 0 1
    outer loop
      vertex 30.000 30.800 6.000
      vertex 30.600 31.400 6.000
      vertex 30.000 31.400 6.000
    endloop
  endfacet
endsolid grille:h4-08-1
solid grille:h4-08-2
  facet normal 0 0 1
    outer loop
      vertex 30.000 31.400 6.000
      vertex 30.600 31.400 6.000
      vertex 30.600 32.000 6.000
    endloop
  endfacet
  facet normal 0 0 1
    outer loop
      vertex 30.000 31.400 6.000
      vertex 30.600 32.000 6.000
      vertex 30.000 32.000 6.000
    endloop
  endfacet
endsolid grille:h4-08-2
solid grille:h4-08-3
  facet normal 0 0 1
    outer loop
      vertex 30.000 32.000 6.000
      vertex 30.600 32.000 6.000
      vertex 30.600 32.600 6.000
    endloop
  endfacet
  facet normal 0 0 1
    outer loop
      vertex 30.000 32.000 6.000
      vertex 30.600 32.600 6.000
      vertex 30.000 32.600 6.000
    endloop
  endfacet
endsolid grille:h4-08-3
solid grille:h4-08-4
  facet normal 0 0 1
    outer loop
      vertex 30.000 32.600 6.000
      vertex 30.600 32.600 6.000
      vertex 30.600 33.200 6.000
    endloop
  endfacet
  facet normal 0 0 1
    outer loop
      vertex 30.000 32.600 6.000
      vertex 30.600 33.200 6.000
      vertex 30.000 33.200 6.000
    endloop
  endfacet
endsolid grille:h4-08-4
solid grille:h4-09-1
  facet normal 0 0 1
    outer loop
      vertex 30.600 30.800 6.000
      vertex 31.200 30.800 6.000
      vertex 31.200 31.400 6.000
    endloop
  endfacet
  facet normal 0 0 1
    outer loop
      vertex 30.600 30.800 6.000
      vertex 31.200 31.400 6.000
      vertex 30.600 31.400 6.000
    endloop
  endfacet
endsolid grille:h4-09-1
solid grille:h4-09-2
  facet normal 0 0 1
    outer loop
      vertex 30.600 31.400 6.000
      vertex 31.200 31.400 6.000
      vertex 31.200 32.000 6.000
    endloop
  endfacet
  facet normal 0 0 1
    outer loop
      vertex 30.600 31.400 6.000
      vertex 31.200 32.000 6.000
      vertex 30.600 32.000 6.000
    endloop
  endfacet
endsolid grille:h4-09-2
solid grille:h4-09-3
  facet normal 0 0 1
    outer loop
      vertex 30.600 32.000 6.000
      vertex 31.200 32.000 6.000
      vertex 31.200 32.600 6.000
    endloop
  endfacet
  facet normal 0 0 1
    outer loop
      vertex 30.600 32.000 6.000
      vertex 31.200 32.600 6.000
      vertex 30.600 32.600 6.000
    endloop
  endfacet
endsolid grille:h4-09-3
solid grille:h4-09-4
  facet normal 0 0 1
    outer loop
      vertex 30.600 32.600 6.000
      vertex 31.200 32.600 6.000
      vertex 31.200 33.200 6.000
    endloop
  endfacet
  facet normal 0 0 1
    outer loop
      vertex 30.600 32.600 6.000
      vertex 31.200 33.200 6.000
      vertex 30.600 33.200 6.000
    endloop
  endfacet
endsolid grille:h4-09-4
solid grille:h4-10-1
  facet normal 0 0 1
    outer loop
      vertex 31.200 30.800 6.000
      vertex 31.800 30.800 6.000
      vertex 31.800 31.400 6.000
    endloop
  endfacet
  facet normal 0 0 1
    outer loop
      vertex 31.200 30.800 6.000
      vertex 31.800 31.400 6.000
      vertex 31.200 31.400 6.000
    endloop
  endfacet
endsolid grille:h4-10-1
solid grille:h4-10-2
  facet normal 0 0 1
    outer loop
      vertex 31.200 31.400 6.000
      vertex 31.800 31.400 6.000
      vertex 31.800 32.000 6.000
    endloop
  endfacet
  facet normal 0 0 1
    outer loop
      vertex 31.200 31.400 6.000
      vertex 31.800 32.000 6.000
      vertex 31.200 32.000 6.000
    endloop
  endfacet
endsolid grille:h4-10-2
solid grille:h4-10-3
  facet normal 0 0 1
    outer loop
      vertex 31.200 32.000 6.000
      vertex 31.800 32.000 6.000
      vertex 31.800 32.600 6.000
    endloop
  endfacet
  facet normal 0 0 1
    outer loop
      vertex 31.200 32.000 6.000
      vertex 31.800 32.600 6.000
      vertex 31.200 32.600 6.000
    endloop
  endfacet
endsolid grille:h4-10-3
solid grille:h4-10-4
  facet normal 0 0 1
    outer loop
      vertex 31.200 32.600 6.000
      vertex 31.800 32.600 6.000
      vertex 31.800 33.200 6.000
    endloop
  endfacet
  facet normal 0 0 1
    outer loop
      vertex 31.200 32.600 6.000
      vertex 31.800 33.200 6.000
      vertex 31.200 33.200 6.000
    endloop
  endfacet
endsolid grille:h4-10-4
solid grille:h4-11-1
  facet normal 0 0 1
    outer loop
      vertex 31.800 30.800 6.000
      vertex 32.400 30.800 6.000
      vertex 32.400 31.400 6.000
    endloop
  endfacet
  facet normal 0 0 1
    outer loop
      vertex 31.800 30.800 6.000
      vertex 32.400 31.400 6.000
      vertex 31.800 31.400 6.000
    endloop
  endfacet
endsolid grille:h4-11-1
solid grille:h4-11-2
  facet normal 0 0 1
    outer loop
      vertex 31.800 31.400 6.000
      vertex 32.400 31.400 6.000
      vertex 32.400 32.000 6.000
    endloop
  endfacet
  facet normal 0 0 1
    outer loop
      vertex 31.800 31.400 6.000
      vertex 32.400 32.000 6.000
      vertex 31.800 32.000 6.000
    endloop
  endfacet
endsolid grille:h4-11-2
solid grille:h4-11-3
  facet normal 0 0 1
    outer loop
      vertex 31.800 32.000 6.000
      vertex 32.400 32.000 6.000
      vertex 32.400 32.600 6.000
    endloop
  endfacet
  facet normal 0 0 1
    outer loop
      vertex 31.800 32.000 6.000
      vertex 32.400 32.600 6.000
      vertex 31.800 32.600 6.000
    endloop
  endfacet
endsolid grille:h4-11-3
solid grille:h4-11-4
  facet normal 0 0 1
    outer loop
      vertex 31.800 32.600 6.000
      vertex 32.400 32.600 6.000
      vertex 32.400 33.200 6.000
    endloop
  endfacet
  facet normal 0 0 1
    outer loop
      vertex 31.800 32.600 6.000
      vertex 32.400 33.200 6.000
      vertex 31.800 33.200 6.000
    endloop
  endfacet
endsolid grille:h4-11-4
solid grille:h4-12-1
  facet normal 0 0 1
    outer loop
      vertex 32.400 30.800 6.000
      vertex 33.000 30.800 6.000
      vertex 33.000 31.400 6.000
    endloop
  endfacet
  facet normal 0 0 1
    outer loop
      vertex 32.400 30.800 6.000
      vertex 33.000 31.400 6.000
      vertex 32.400 31.400 6.000
    endloop
  endfacet
endsolid grille:h4-12-1
solid grille:h4-12-2
  facet normal 0 0 1
    outer loop
      vertex 32.400 31.400 6.000
      vertex 33.000 31.400 6.000
      vertex 33.000 32.000 6.000
    endloop
  endfacet
  facet normal 0 0 1
    outer loop
      vertex 32.400 31.400 6.000
      vertex 33.000 32.000 6.000
      vertex 32.400 32.000 6.000
    endloop
  endfacet
endsolid grille:h4-12-2
solid grille:h4-12-3
  facet normal 0 0 1
    outer loop
      vertex 32.400 32.000 6.000
      vertex 33.000 32.000 6.000
      vertex 33.000 32.600 6.000
    endloop
  endfacet
  facet normal 0 0 1
    outer loop
      vertex 32.400 32.000 6.000
      vertex 33.000 32.600 6.000
      vertex 32.400 32.600 6.000
    endloop
  endfacet
endsolid grille:h4-12-3
solid grille:h4-12-4
  facet normal 0 0 1
    outer loop
      vertex 32.400 32.600 6.000
      vertex 33.000 32.600 6.000
      vertex 33.000 33.200 6.000
    endloop
  endfacet
  facet normal 0 0 1
    outer loop
      vertex 32.400 32.600 6.000
      vertex 33.000 33.200 6.000
      vertex 32.400 33.200 6.000
    endloop
  endfacet
endsolid grille:h4-12-4
solid grille:h4-13-1
  facet normal 0 0 1
    outer loop
      vertex 33.000 30.800 6.000
      vertex 33.600 30.800 6.000
      vertex 33.600 31.400 6.000
    endloop
  endfacet
  facet normal 0 0 1
    outer loop
      vertex 33.000 30.800 6.000
      vertex 33.600 31.400 6.000
      vertex 33.000 31.400 6.000
    endloop
  endfacet
endsolid grille:h4-13-1
solid grille:h4-13-2
  facet normal 0 0 1
    outer loop
      vertex 33.000 31.400 6.000
      vertex 33.600 31.400 6.000
      vertex 33.600 32.000 6.000
    endloop
  endfacet
  facet normal 0 0 1
    outer loop
      vertex 33.000 31.400 6.000
      vertex 33.600 32.000 6.000
      vertex 33.000 32.000 6.000
    endloop
  endfacet
endsolid grille:h4-13-2
solid grille:h4-13-3
  facet normal 0 0 1
    outer loop
      vertex 33.000 32.000 6.000
      vertex 33.600 32.000 6.000
      vertex 33.600 32.600 6.000
    endloop
  endfacet
  facet normal 0 0 1
    outer loop
      vertex 33.000 32.000 6.000
      vertex 33.600 32.600 6.000
      vertex 33.000 32.600 6.000
    endloop
  endfacet
endsolid grille:h4-13-3
solid grille:h4-13-4
  facet normal 0 0 1
    outer loop
      vertex 33.000 32.600 6.000
      vertex 33.600 32.600 6.000
      vertex 33.600 33.200 6.000
    endloop
  endfacet
  facet normal 0 0 1
    outer loop
      vertex 33.000 32.600 6.000
      vertex 33.600 33.200 6.000
      vertex 33.000 33.200 6.000
    endloop
  endfacet
endsolid grille:h4-13-4
solid grille:h4-14-1
  facet normal 0 0 1
    outer loop
      vertex 33.600 30.800 6.000
      vertex 34.200 30.800 6.000
      vertex 34.200 31.400 6.000
    endloop
  endfacet
  facet normal 0 0 1
    outer loop
      vertex 33.600 30.800 6.000
      vertex 34.200 31.400 6.000
      vertex 33.600 31.400 6.000
    endloop
  endfacet
endsolid grille:h4-14-1
solid grille:h4-14-2
  facet normal 0 0 1
    outer loop
      vertex 33.600 31.400 6.000
      vertex 34.200 31.400 6.000
      vertex 34.200 32.000 6.000
    endloop
  endfacet
  facet normal 0 0 1
    outer loop
      vertex 33.600 31.400 6.000
      vertex 34.200 32.000 6.000
      vertex 33.600 32.000 6.000
    endloop
  endfacet
endsolid grille:h4-14-2
solid grille:h4-14-3
  facet normal 0 0 1
    outer loop
      vertex 33.600 32.000 6.000
      vertex 34.200 32.000 6.000
      vertex 34.200 32.600 6.000
    endloop
  endfacet
  facet normal 0 0 1
    outer loop
      vertex 33.600 32.000 6.000
      vertex 34.200 32.600 6.000
      vertex 33.600 32.600 6.000
    endloop
  endfacet
endsolid grille:h4-14-3
solid grille:h4-14-4
  facet normal 0 0 1
    outer loop
      vertex 33.600 32.600 6.000
      vertex 34.200 32.600 6.000
      vertex 34.200 33.200 6.000
    endloop
  endfacet
  facet normal 0 0 1
    outer loop
      vertex 33.600 32.600 6.000
      vertex 34.200 33.200 6.000
      vertex 33.600 33.200 6.000
    endloop
  endfacet
endsolid grille:h4-14-4
solid grille:h4-15-1
  facet normal 0 0 1
    outer loop
      vertex 34.200 30.800 6.000
      vertex 34.800 30.800 6.000
      vertex 34.800 31.400 6.000
    endloop
  endfacet
  facet normal 0 0 1
    outer loop
      vertex 34.200 30.800 6.000
      vertex 34.800 31.400 6.000
      vertex 34.200 31.400 6.000
    endloop
  endfacet
endsolid grille:h4-15-1
solid grille:h4-15-2
  facet normal 0 0 1
    outer loop
      vertex 34.200 31.400 6.000
      vertex 34.800 31.400 6.000
      vertex 34.800 32.000 6.000
    endloop
  endfacet
  facet normal 0 0 1
    outer loop
      vertex 34.200 31.400 6.000
      vertex 34.800 32.000 6.000
      vertex 34.200 32.000 6.000
    endloop
  endfacet
endsolid grille:h4-15-2
solid grille:h4-15-3
  facet normal 0 0 1
    outer loop
      vertex 34.200 32.000 6.000
      vertex 34.800 32.000 6.000
      vertex 34.800 32.600 6.000
    endloop
  endfacet
  facet normal 0 0 1
    outer loop
      vertex 34.200 32.000 6.000
      vertex 34.800 32.600 6.000
      vertex 34.200 32.600 6.000
    endloop
  endfacet
endsolid grille:h4-15-3
solid grille:h4-15-4
  facet normal 0 0 1
    outer loop
      vertex 34.200 32.600 6.000
      vertex 34.800 32.600 6.000
      vertex 34.800 33.200 6.000
    endloop
  endfacet
  facet normal 0 0 1
    outer loop
      vertex 34.200 32.600 6.000
      vertex 34.800 33.200 6.000
      vertex 34.200 33.200 6.000
    endloop
  endfacet
endsolid grille:h4-15-4
solid grille:h4-16-1
  facet normal 0 0 1
    outer loop
      vertex 34.800 30.800 6.000
      vertex 35.400 30.800 6.000
      vertex 35.400 31.400 6.000
    endloop
  endfacet
  facet normal 0 0 1
    outer loop
      vertex 34.800 30.800 6.000
      vertex 35.400 31.400 6.000
      vertex 34.800 31.400 6.000
    endloop
  endfacet
endsolid grille:h4-16-1
solid grille:h4-16-2
  facet normal 0 0 1
    outer loop
      vertex 34.800 31.400 6.000
      vertex 35.400 31.400 6.000
      vertex 35.400 32.000 6.000
    endloop
  endfacet
  facet normal 0 0 1
    outer loop
      vertex 34.800 31.400 6.000
      vertex 35.400 32.000 6.000
      vertex 34.800 32.000 6.000
    endloop
  endfacet
endsolid grille:h4-16-2
solid grille:h4-16-3
  facet normal 0 0 1
    outer loop
      vertex 34.800 32.000 6.000
      vertex 35.400 32.000 6.000
      vertex 35.400 32.600 6.000
    endloop
  endfacet
  facet normal 0 0 1
    outer loop
      vertex 34.800 32.000 6.000
      vertex 35.400 32.600 6.000
      vertex 34.800 32.600 6.000
    endloop
  endfacet
endsolid grille:h4-16-3
solid grille:h4-16-4
  facet normal 0 0 1
    outer loop
      vertex 34.800 32.600 6.000
      vertex 35.400 32.600 6.000
      vertex 35.400 33.200 6.000
    endloop
  endfacet
  facet normal 0 0 1
    outer loop
      vertex 34.800 32.600 6.000
      vertex 35.400 33.200 6.000
      vertex 34.800 33.200 6.000
    endloop
  endfacet
endsolid grille:h4-16-4
solid grille:h4-17-1
  facet normal 0 0 1
    outer loop
      vertex 35.400 30.800 6.000
      vertex 36.000 30.800 6.000
      vertex 36.000 31.400 6.000
    endloop
  endfacet
  facet normal 0 0 1
    outer loop
      vertex 35.400 30.800 6.000
      vertex 36.000 31.400 6.000
      vertex 35.400 31.400 6.000
    endloop
  endfacet
endsolid grille:h4-17-1
solid grille:h4-17-2
  facet normal 0 0 1
    outer loop
      vertex 35.400 31.400 6.000
      vertex 36.000 31.400 6.000
      vertex 36.000 32.000 6.000
    endloop
  endfacet
  facet normal 0 0 1
    outer loop
      vertex 35.400 31.400 6.000
      vertex 36.000 32.000 6.000
      vertex 35.400 32.000 6.000
    endloop
  endfacet
endsolid grille:h4-17-2
solid grille:h4-17-3
  facet normal 0 0 1
    outer loop
      vertex 35.400 32.000 6.000
      vertex 36.000 32.000 6.000
      vertex 36.000 32.600 6.000
    endloop
  endfacet
  facet normal 0 0 1
    outer loop
      vertex 35.400 32.000 6.000
      vertex 36.000 32.600 6.000
      vertex 35.400 32.600 6.000
    endloop
  endfacet
endsolid grille:h4-17-3
solid grille:h4-17-4
  facet normal 0 0 1
    outer loop
      vertex 35.400 32.600 6.000
      vertex 36.000 32.600 6.000
      vertex 36.000 33.200 6.000
    endloop
  endfacet
  facet normal 0 0 1
    outer loop
      vertex 35.400 32.600 6.000
      vertex 36.000 33.200 6.000
      vertex 35.400 33.200 6.000
    endloop
  endfacet
endsolid grille:h4-17-4
solid grille:h4-18-1
  facet normal 0 0 1
    outer loop
      vertex 36.000 30.800 6.000
      vertex 36.600 30.800 6.000
      vertex 36.600 31.400 6.000
    endloop
  endfacet
  facet normal 0 0 1
    outer loop
      vertex 36.000 30.800 6.000
      vertex 36.600 31.400 6.000
      vertex 36.000 31.400 6.000
    endloop
  endfacet
endsolid grille:h4-18-1
solid grille:h4-18-2
  facet normal 0 0 1
    outer loop
      vertex 36.000 31.400 6.000
      vertex 36.600 31.400 6.000
      vertex 36.600 32.000 6.000
    endloop
  endfacet
  facet normal 0 0 1
    outer loop
      vertex 36.000 31.400 6.000
      vertex 36.600 32.000 6.000
      vertex 36.000 32.000 6.000
    endloop
  endfacet
endsolid grille:h4-18-2
solid grille:h4-18-3
  facet normal 0 0 1
    outer loop
      vertex 36.000 32.000 6.000
      vertex 36.600 32.000 6.000
      vertex 36.600 32.600 6.000
    endloop
  endfacet
  facet normal 0 0 1
    outer loop
      vertex 36.000 32.000 6.000
      vertex 36.600 32.600 6.000
      vertex 36.000 32.600 6.000
    endloop
  endfacet
endsolid grille:h4-18-3
solid grille:h4-18-4
  facet normal 0 0 1
    outer loop
      vertex 36.000 32.600 6.000
      vertex 36.600 32.600 6.000
      vertex 36.600 33.200 6.000
    endloop
  endfacet
  facet normal 0 0 1
    outer loop
      vertex 36.000 32.600 6.000
      vertex 36.600 33.200 6.000
      vertex 36.000 33.200 6.000
    endloop
  endfacet
endsolid grille:h4-18-4
solid grille:h4-19-1
  facet normal 0 0 1
    outer loop
      vertex 36.600 30.800 6.000
      vertex 37.200 30.800 6.000
      vertex 37.200 31.400 6.000
    endloop
  endfacet
  facet normal 0 0 1
    outer loop
      vertex 36.600 30.800 6.000
      vertex 37.200 31.400 6.000
      vertex 36.600 31.400 6.000
    endloop
  endfacet
endsolid grille:h4-19-1
solid grille:h4-19-2
  facet normal 0 0 1
    outer loop
      vertex 36.600 31.400 6.000
      vertex 37.200 31.400 6.000
      vertex 37.200 32.000 6.000
    endloop
  endfacet
  facet normal 0 0 1
    outer loop
      vertex 36.600 31.400 6.000
      vertex 37.200 32.000 6.000
      vertex 36.600 32.000 6.000
    endloop
  endfacet
endsolid grille:h4-19-2
solid grille:h4-19-3
  facet normal 0 0 1
    outer loop
      vertex 36.600 32.000 6.000
      vertex 37.200 32.000 6.000
      vertex 37.200 32.600 6.000
    endloop
  endfacet
  facet normal 0 0 1
    outer loop
      vertex 36.600 32.000 6.000
      vertex 37.200 32.600 6.000
      vertex 36.600 32.600 6.000
    endloop
  endfacet
endsolid grille:h4-19-3
solid grille:h4-19-4
  facet normal 0 0 1
    outer loop
      vertex 36.600 32.600 6.000
      vertex 37.200 32.600 6.000
      vertex 37.200 33.200 6.000
    endloop
  endfacet
  facet normal 0 0 1
    outer loop
      vertex 36.600 32.600 6.000
      vertex 37.200 33.200 6.000
      vertex 36.600 33.200 6.000
    endloop
  endfacet
endsolid grille:h4-19-4
solid grille:h5-01-1
  facet normal 0 0 1
    outer loop
      vertex 11.400 6.800 6.000
      vertex 12.000 6.800 6.000
      vertex 12.000 7.400 6.000
    endloop
  endfacet
  facet normal 0 0 1
    outer loop
      vertex 11.400 6.800 6.000
      vertex 12.000 7.400 6.000
      vertex 11.400 7.400 6.000
    endloop
  endfacet
endsolid grille:h5-01-1
solid grille:h5-01-2
  facet normal 0 0 1
    outer loop
      vertex 11.400 7.400 6.000
      vertex 12.000 7.400 6.000
      vertex 12.000 8.000 6.000
    endloop
  endfacet
  facet normal 0 0 1
    outer loop
      vertex 11.400 7.400 6.000
      vertex 12.000 8.000 6.000
      vertex 11.400 8.000 6.000
    endloop
  endfacet
endsolid grille:h5-01-2
solid grille:h5-01-3
  facet normal 0 0 1
    outer loop
      vertex 11.400 8.000 6.000
      vertex 12.000 8.000 6.000
      vertex 12.000 8.600 6.000
    endloop
  endfacet
  facet normal 0 0 1
    outer loop
      vertex 11.400 8.000 6.000
      vertex 12.000 8.600 6.000
      vertex 11.400 8.600 6.000
    endloop
  endfacet
endsolid grille:h5-01-3
solid grille:h5-01-4
  facet normal 0 0 1
    outer loop
      vertex 11.400 8.600 6.000
      vertex 12.000 8.600 6.000
      vertex 12.000 9.200 6.000
    endloop
  endfacet
  facet normal 0 0 1
    outer loop
      vertex 11.400 8.600 6.000
      vertex 12.000 9.200 6.000
      vertex 11.400 9.200 6.000
    endloop
  endfacet
endsolid grille:h5-01-4
solid grille:h5-02-1
  facet normal 0 0 1
    outer loop
      vertex 12.000 6.800 6.000
      vertex 12.600 6.800 6.000
      vertex 12.600 7.400 6.000
    endloop
  endfacet
  facet normal 0 0 1
    outer loop
      vertex 12.000 6.800 6.000
      vertex 12.600 7.400 6.000
      vertex 12.000 7.400 6.000
    endloop
  endfacet
endsolid grille:h5-02-1
solid grille:h5-02-2
  facet normal 0 0 1
    outer loop
      vertex 12.000 7.400 6.000
      vertex 12.600 7.400 6.000
      vertex 12.600 8.000 6.000
    endloop
  endfacet
  facet normal 0 0 1
    outer loop
      vertex 12.000 7.400 6.000
      vertex 12.600 8.000 6.000
      vertex 12.000 8.000 6.000
    endloop
  endfacet
endsolid grille:h5-02-2
solid grille:h5-02-3
  facet normal 0 0 1
    outer loop
      vertex 12.000 8.000 6.000
      vertex 12.600 8.000 6.000
      vertex 12.600 8.600 6.000
    endloop
  endfacet
  facet normal 0 0 1
    outer loop
      vertex 12.000 8.000 6.000
      vertex 12.600 8.600 6.000
      vertex 12.000 8.600 6.000
    endloop
  endfacet
endsolid grille:h5-02-3
solid grille:h5-02-4
  facet normal 0 0 1
    outer loop
      vertex 12.000 8.600 6.000
      vertex 12.600 8.600 6.000
      vertex 12.600 9.200 6.000
    endloop
  endfacet
  facet normal 0 0 1
    outer loop
      vertex 12.000 8.600 6.000
      vertex 12.600 9.200 6.000
      vertex 12.000 9.200 6.000
    endloop
  endfacet
endsolid grille:h5-02-4
solid grille:h5-03-1
  facet normal 0 0 1
    outer loop
      vertex 12.600 6.800 6.000
      vertex 13.200 6.800 6.000
      vertex 13.200 7.400 6.000
    endloop
  endfacet
  facet normal 0 0 1
    outer loop
      vertex 12.600 6.800 6.000
      vertex 13.200 7.400 6.000
      vertex 12.600 7.400 6.000
    endloop
  endfacet
endsolid grille:h5-03-1
solid grille:h5-03-2
  facet normal 0 0 1
    outer loop
      vertex 12.600 7.400 6.000
      vertex 13.200 7.400 6.000
      vertex 13.200 8.000 6.000
    endloop
  endfacet
  facet normal 0 0 1
    outer loop
      vertex 12.600 7.400 6.000
      vertex 13.200 8.000 6.000
      vertex 12.600 8.000 6.000
    endloop
  endfacet
endsolid grille:h5-03-2
solid grille:h5-03-3
  facet normal 0 0 1
    outer loop
      vertex 12.600 8.000 6.000
      vertex 13.200 8.000 6.000
      vertex 13.200 8.600 6.000
    endloop
  endfacet
  facet normal 0 0 1
    outer loop
      vertex 12.600 8.000 6.000
      vertex 13.200 8.600 6.000
      vertex 12.600 8.600 6.000
    endloop
  endfacet
endsolid grille:h5-03-3
solid grille:h5-03-4
  facet normal 0 0 1
    outer loop
      vertex 12.600 8.600 6.000
      vertex 13.200 8.600 6.000
      vertex 13.200 9.200 6.000
    endloop
  endfacet
  facet normal 0 0 1
    outer loop
      vertex 12.600 8.600 6.000
      vertex 13.200 9.200 6.000
      vertex 12.600 9.200 6.000
    endloop
  endfacet
endsolid grille:h5-03-4
solid grille:h5-04-1
  facet normal 0 0 1
    outer loop
      vertex 13.200 6.800 6.000
      vertex 13.800 6.800 6.000
      vertex 13.800 7.400 6.000
    endloop
  endfacet
  facet normal 0 0 1
    outer loop
      vertex 13.200 6.800 6.000
      vertex 13.800 7.400 6.000
      vertex 13.200 7.400 6.000
    endloop
  endfacet
endsolid grille:h5-04-1
solid grille:h5-04-2
  facet normal 0 0 1
    outer loop
      vertex 13.200 7.400 6.000
      vertex 13.800 7.400 6.000
      vertex 13.800 8.000 6.000
    endloop
  endfacet
  facet normal 0 0 1
    outer loop
      vertex 13.200 7.400 6.000
      vertex 13.800 8.000 6.000
      vertex 13.200 8.000 6.000
    endloop
  endfacet
endsolid grille:h5-04-2
solid grille:h5-04-3
  facet normal 0 0 1
    outer loop
      vertex 13.200 8.000 6.000
      vertex 13.800 8.000 6.000
      vertex 13.800 8.600 6.000
    endloop
  endfacet
  facet normal 0 0 1
    outer loop
      vertex 13.200 8.000 6.000
      vertex 13.800 8.600 6.000
      vertex 13.200 8.600 6.000
    endloop
  endfacet
endsolid grille:h5-04-3
solid grille:h5-04-4
  facet normal 0 0 1
    outer loop
      vertex 13.200 8.600 6.000
      vertex 13.800 8.600 6.000
      vertex 13.800 9.200 6.000
    endloop
  endfacet
  facet normal 0 0 1
    outer loop
      vertex 13.200 8.600 6.000
      vertex 13.800 9.200 6.000
      vertex 13.200 9.200 6.000
    endloop
  endfacet
endsolid grille:h5-04-4
solid grille:h5-05-1
  facet normal 0 0 1
    outer loop
      vertex 13.800 6.800 6.000
      vertex 14.400 6.800 6.000
      vertex 14.400 7.400 6.000
    endloop
  endfacet
  facet normal 0 0 1
    outer loop
      vertex 13.800 6.800 6.000
      vertex 14.400 7.400 6.000
      vertex 13.800 7.400 6.000
    endloop
  endfacet
endsolid grille:h5-05-1
solid grille:h5-05-2
  facet normal 0 0 1
    outer loop
      vertex 13.800 7.400 6.000
      vertex 14.400 7.400 6.000
      vertex 14.400 8.000 6.000
    endloop
  endfacet
  facet normal 0 0 1
    outer loop
      vertex 13.800 7.400 6.000
      vertex 14.400 8.000 6.000
      vertex 13.800 8.000 6.000
    endloop
  endfacet
endsolid grille:h5-05-2
solid grille:h5-05-3
  facet normal 0 0 1
    outer loop
      vertex 13.800 8.000 6.000
      vertex 14.400 8.000 6.000
      vertex 14.400 8.600 6.000
    endloop
  endfacet
  facet normal 0 0 1
    outer loop
      vertex 13.800 8.000 6.000
      vertex 14.400 8.600 6.000
      vertex 13.800 8.600 6.000
    endloop
  endfacet
endsolid grille:h5-05-3
solid grille:h5-05-4
  facet normal 0 0 1
    outer loop
      vertex 13.800 8.600 6.000
      vertex 14.400 8.600 6.000
      vertex 14.400 9.200 6.000
    endloop
  endfacet
  facet normal 0 0 1
    outer loop
      vertex 13.800 8.600 6.000
      vertex 14.400 9.200 6.000
      vertex 13.800 9.200 6.000
    endloop
  endfacet
endsolid grille:h5-05-4
solid grille:h5-06-1
  facet normal 0 0 1
    outer loop
      vertex 14.400 6.800 6.000
      vertex 15.000 6.800 6.000
      vertex 15.000 7.400 6.000
    endloop
  endfacet
  facet normal 0 0 1
    outer loop
      vertex 14.400 6.800 6.000
      vertex 15.000 7.400 6.000
      vertex 14.400 7.400 6.000
    endloop
  endfacet
endsolid grille:h5-06-1
solid grille:h5-06-2
  facet normal 0 0 1
    outer loop
      vertex 14.400 7.400 6.000
      vertex 15.000 7.400 6.000
      vertex 15.000 8.000 6.000
    endloop
  endfacet
  facet normal 0 0 1
    outer loop
      vertex 14.400 7.400 6.000
      vertex 15.000 8.000 6.000
      vertex 14.400 8.000 6.000
    endloop
  endfacet
endsolid grille:h5-06-2
solid grille:h5-06-3
  facet normal 0 0 1
    outer loop
      vertex 14.400 8.000 6.000
      vertex 15.000 8.000 6.000
      vertex 15.000 8.600 6.000
    endloop
  endfacet
  facet normal 0 0 1
    outer loop
      vertex 14.400 8.000 6.000
      vertex 15.000 8.600 6.000
      vertex 14.400 8.600 6.000
    endloop
  endfacet
endsolid grille:h5-06-3
solid grille:h5-06-4
  facet normal 0 0 1
    outer loop
      vertex 14.400 8.600 6.000
      vertex 15.000 8.600 6.000
      vertex 15.000 9.200 6.000
    endloop
  endfacet
  facet normal 0 0 1
    outer loop
      vertex 14.400 8.600 6.000
      vertex 15.000 9.200 6.000
      vertex 14.400 9.200 6.000
    endloop
  endfacet
endsolid grille:h5-06-4
solid grille:h5-07-1
  facet normal 0 0 1
    outer loop
      vertex 15.000 6.800 6.000
      vertex 15.600 6.800 6.000
      vertex 15.600 7.400 6.000
    endloop
  endfacet
  facet normal 0 0 1
    outer loop
      vertex 15.000 6.800 6.000
      vertex 15.600 7.400 6.000
      vertex 15.000 7.400 6.000
    endloop
  endfacet
endsolid grille:h5-07-1
solid grille:h5-07-2
  facet normal 0 0 1
    outer loop
      vertex 15.000 7.400 6.000
      vertex 15.600 7.400 6.000
      vertex 15.600 8.000 6.000
    endloop
  endfacet
  facet normal 0 0 1
    outer loop
      vertex 15.000 7.400 6.000
      vertex 15.600 8.000 6.000
      vertex 15.000 8.000 6.000
    endloop
  endfacet
endsolid grille:h5-07-2
solid grille:h5-07-3
  facet normal 0 0 1
    outer loop
      vertex 15.000 8.000 6.000
      vertex 15.600 8.000 6.000
      vertex 15.600 8.600 6.000
    endloop
  endfacet
  facet normal 0 0 1
    outer loop
      vertex 15.000 8.000 6.000
      vertex 15.600 8.600 6.000
      vertex 15.000 8.600 6.000
    endloop
  endfacet
endsolid grille:h5-07-3
solid grille:h5-07-4
  facet normal 0 0 1
    outer loop
      vertex 15.000 8.600 6.000
      vertex 15.600 8.600 6.000
      vertex 15.600 9.200 6.000
    endloop
  endfacet
  facet normal 0 0 1
    outer loop
      vertex 15.000 8.600 6.000
      vertex 15.600 9.200 6.000
      vertex 15.000 9.200 6.000
    endloop
  endfacet
endsolid grille:h5-07-4
solid grille:h5-08-1
  facet normal 0 0 1
    outer loop
      vertex 15.600 6.800 6.000
      vertex 16.200 6.800 6.000
      vertex 16.200 7.400 6.000
    endloop
  endfacet
  facet normal 0 0 1
    outer loop
      vertex 15.600 6.800 6.000
      vertex 16.200 7.400 6.000
      vertex 15.600 7.400 6.000
    endloop
  endfacet
endsolid grille:h5-08-1
solid grille:h5-08-2
  facet normal 0 0 1
    outer loop
      vertex 15.600 7.400 6.000
      vertex 16.200 7.400 6.000
      vertex 16.200 8.000 6.000
    endloop
  endfacet
  facet normal 0 0 1
    outer loop
      vertex 15.600 7.400 6.000
      vertex 16.200 8.000 6.000
      vertex 15.600 8.000 6.000
    endloop
  endfacet
endsolid grille:h5-08-2
solid grille:h5-08-3
  facet normal 0 0 1
    outer loop
      vertex 15.600 8.000 6.000
      vertex 16.200 8.000 6.000
      vertex 16.200 8.600 6.000
    endloop
  endfacet
  facet normal 0 0 1
    outer loop
      vertex 15.600 8.000 6.000
      vertex 16.200 8.600 6.000
      vertex 15.600 8.600 6.000
    endloop
  endfacet
endsolid grille:h5-08-3
solid grille:h5-08-4
  facet normal 0 0 1
    outer loop
      vertex 15.600 8.600 6.000
      vertex 16.200 8.600 6.000
      vertex 16.200 9.200 6.000
    endloop
  endfacet
  facet normal 0 0 1
    outer loop
      vertex 15.600 8.600 6.000
      vertex 16.200 9.200 6.000
      vertex 15.600 9.200 6.000
    endloop
  endfacet
endsolid grille:h5-08-4
solid grille:h5-09-1
  facet normal 0 0 1
    outer loop
      vertex 16.200 6.800 6.000
      vertex 16.800 6.800 6.000
      vertex 16.800 7.400 6.000
    endloop
  endfacet
  facet normal 0 0 1
    outer loop
      vertex 16.200 6.800 6.000
      vertex 16.800 7.400 6.000
      vertex 16.200 7.400 6.000
    endloop
  endfacet
endsolid grille:h5-09-1
solid grille:h5-09-2
  facet normal 0 0 1
    outer loop
      vertex 16.200 7.400 6.000
      vertex 16.800 7.400 6.000
      vertex 16.800 8.000 6.000
    endloop
  endfacet
  facet normal 0 0 1
    outer loop
      vertex 16.200 7.400 6.000
      vertex 16.800 8.000 6.000
      vertex 16.200 8.000 6.000
    endloop
  endfacet
endsolid grille:h5-09-2
solid grille:h5-09-3
  facet normal 0 0 1
    outer loop
      vertex 16.200 8.000 6.000
      vertex 16.800 8.000 6.000
      vertex 16.800 8.600 6.000
    endloop
  endfacet
  facet normal 0 0 1
    outer loop
      vertex 16.200 8.000 6.000
      vertex 16.800 8.600 6.000
      vertex 16.200 8.600 6.000
    endloop
  endfacet
endsolid grille:h5-09-3
solid grille:h5-09-4
  facet normal 0 0 1
    outer loop
      vertex 16.200 8.600 6.000
      vertex 16.800 8.600 6.000
      vertex 16.800 9.200 6.000
    endloop
  endfacet
  facet normal 0 0 1
    outer loop
      vertex 16.200 8.600 6.000
      vertex 16.800 9.200 6.000
      vertex 16.200 9.200 6.000
    endloop
  endfacet
endsolid grille:h5-09-4
solid grille:h5-10-1
  facet normal 0 0 1
    outer loop
      vertex 16.800 6.800 6.000
      vertex 17.400 6.800 6.000
      vertex 17.400 7.400 6.000
    endloop
  endfacet
  facet normal 0 0 1
    outer loop
      vertex 16.800 6.800 6.000
      vertex 17.400 7.400 6.000
      vertex 16.800 7.400 6.000
    endloop
  endfacet
endsolid grille:h5-10-1
solid grille:h5-10-2
  facet normal 0 0 1
    outer loop
      vertex 16.800 7.400 6.000
      vertex 17.400 7.400 6.000
      vertex 17.400 8.000 6.000
    endloop
  endfacet
  facet normal 0 0 1
    outer loop
      vertex 16.800 7.400 6.000
      vertex 17.400 8.000 6.000
      vertex 16.800 8.000 6.000
    endloop
  endfacet
endsolid grille:h5-10-2
solid grille:h5-10-3
  facet normal 0 0 1
    outer loop
      vertex 16.800 8.000 6.000
      vertex 17.400 8.000 6.000
      vertex 17.400 8.600 6.000
    endloop
  endfacet
  facet normal 0 0 1
    outer loop
      vertex 16.800 8.000 6.000
      vertex 17.400 8.600 6.000
      vertex 16.800 8.600 6.000
    endloop
  endfacet
endsolid grille:h5-10-3
solid grille:h5-10-4
  facet normal 0 0 1
    outer loop
      vertex 16.800 8.600 6.000
      vertex 17.400 8.600 6.000
      vertex 17.400 9.200 6.000
    endloop
  endfacet
  facet normal 0 0 1
    outer loop
      vertex 16.800 8.600 6.000
      vertex 17.400 9.200 6.000
      vertex 16.800 9.200 6.000
    endloop
  endfacet
endsolid grille:h5-10-4
solid grille:h5-11-1
  facet normal 0 0 1
    outer loop
      vertex 17.400 6.800 6.000
      vertex 18.000 6.800 6.000
      vertex 18.000 7.400 6.000
    endloop
  endfacet
  facet normal 0 0 1
    outer loop
      vertex 17.400 6.800 6.000
      vertex 18.000 7.400 6.000
      vertex 17.400 7.400 6.000
    endloop
  endfacet
endsolid grille:h5-11-1
solid grille:h5-11-2
  facet normal 0 0 1
    outer loop
      vertex 17.400 7.400 6.000
      vertex 18.000 7.400 6.000
      vertex 18.000 8.000 6.000
    endloop
  endfacet
  facet normal 0 0 1
    outer loop
      vertex 17.400 7.400 6.000
      vertex 18.000 8.000 6.000
      vertex 17.400 8.000 6.000
    endloop
  endfacet
endsolid grille:h5-11-2
solid grille:h5-11-3
  facet normal 0 0 1
    outer loop
      vertex 17.400 8.000 6.000
      vertex 18.000 8.000 6.000
      vertex 18.000 8.600 6.000
    endloop
  endfacet
  facet normal 0 0 1
    outer loop
      vertex 17.400 8.000 6.000
      vertex 18.000 8.600 6.000
      vertex 17.400 8.600 6.000
    endloop
  endfacet
endsolid grille:h5-11-3
solid grille:h5-11-4
  facet normal 0 0 1
    outer loop
      vertex 17.400 8.600 6.000
      vertex 18.000 8.600 6.000
      vertex 18.000 9.200 6.000
    endloop
  endfacet
  facet normal 0 0 1
    outer loop
      vertex 17.400 8.600 6.000
      vertex 18.000 9.200 6.000
      vertex 17.400 9.200 6.000
    endloop
  endfacet
endsolid grille:h5-11-4
solid grille:h5-12-1
  facet normal 0 0 1
    outer loop
      vertex 18.000 6.800 6.000
      vertex 18.600 6.800 6.000
      vertex 18.600 7.400 6.000
    endloop
  endfacet
  facet normal 0 0 1
    outer loop
      vertex 18.000 6.800 6.000
      vertex 18.600 7.400 6.000
      vertex 18.000 7.400 6.000
    endloop
  endfacet
endsolid grille:h5-12-1
solid grille:h5-12-2
  facet normal 0 0 1
    outer loop
      vertex 18.000 7.400 6.000
      vertex 18.600 7.400 6.000
      vertex 18.600 8.000 6.000
    endloop
  endfacet
  facet normal 0 0 1
    outer loop
      vertex 18.000 7.400 6.000
      vertex 18.600 8.000 6.000
      vertex 18.000 8.000 6.000
    endloop
  endfacet
endsolid grille:h5-12-2
solid grille:h5-12-3
  facet normal 0 0 1
    outer loop
      vertex 18.000 8.000 6.000
      vertex 18.600 8.000 6.000
      vertex 18.600 8.600 6.000
    endloop
  endfacet
  facet normal 0 0 1
    outer loop
      vertex 18.000 8.000 6.000
      vertex 18.600 8.600 6.000
      vertex 18.000 8.600 6.000
    endloop
  endfacet
endsolid grille:h5-12-3
solid grille:h5-12-4
  facet normal 0 0 1
    outer loop
      vertex 18.000 8.600 6.000
      vertex 18.600 8.600 6.000
      vertex 18.600 9.200 6.000
    endloop
  endfacet
  facet normal 0 0 1
    outer loop
      vertex 18.000 8.600 6.000
      vertex 18.600 9.200 6.000
      vertex 18.000 9.200 6.000
    endloop
  endfacet
endsolid grille:h5-12-4
solid grille:h5-13-1
  facet normal 0 0 1
    outer loop
      vertex 18.600 6.800 6.000
      vertex 19.200 6.800 6.000
      vertex 19.200 7.400 6.000
    endloop
  endfacet
  facet normal 0 0 1
    outer loop
      vertex 18.600 6.800 6.000
      vertex 19.200 7.400 6.000
      vertex 18.600 7.400 6.000
    endloop
  endfacet
endsolid grille:h5-13-1
solid grille:h5-13-2
  facet normal 0 0 1
    outer loop
      vertex 18.600 7.400 6.000
      vertex 19.200 7.400 6.000
      vertex 19.200 8.000 6.000
    endloop
  endfacet
  facet normal 0 0 1
    outer loop
      vertex 18.600 7.400 6.000
      vertex 19.200 8.000 6.000
      vertex 18.600 8.000 6.000
    endloop
  endfacet
endsolid grille:h5-13-2
solid grille:h5-13-3
  facet normal 0 0 1
    outer loop
      vertex 18.600 8.000 6.000
      vertex 19.200 8.000 6.000
      vertex 19.200 8.600 6.000
    endloop
  endfacet
  facet normal 0 0 1
    outer loop
      vertex 18.600 8.000 6.000
      vertex 19.200 8.600 6.000
      vertex 18.600 8.600 6.000
    endloop
  endfacet
endsolid grille:h5-13-3
solid grille:h5-13-4
  facet normal 0 0 1
    outer loop
      vertex 18.600 8.600 6.000
      vertex 19.200 8.600 6.000
      vertex 19.200 9.200 6.000
    endloop
  endfacet
  facet normal 0 0 1
    outer loop
      vertex 18.600 8.600 6.000
      vertex 19.200 9.200 6.000
      vertex 18.600 9.200 6.000
    endloop
  endfacet
endsolid grille:h5-13-4
solid grille:h5-14-1
  facet normal 0 0 1
    outer loop
      vertex 19.200 6.800 6.000
      vertex 19.800 6.800 6.000
      vertex 19.800 7.400 6.000
    endloop
  endfacet
  facet normal 0 0 1
    outer loop
      vertex 19.200 6.800 6.000
      vertex 19.800 7.400 6.000
      vertex 19.200 7.400 6.000
    endloop
  endfacet
endsolid grille:h5-14-1
solid grille:h5-14-2
  facet normal 0 0 1
    outer loop
      vertex 19.200 7.400 6.000
      vertex 19.800 7.400 6.000
      vertex 19.800 8.000 6.000
    endloop
  endfacet
  facet normal 0 0 1
    outer loop
      vertex 19.200 7.400 6.000
      vertex 19.800 8.000 6.000
      vertex 19.200 8.000 6.000
    endloop
  endfacet
endsolid grille:h5-14-2
solid grille:h5-14-3
  facet normal 0 0 1
    outer loop
      vertex 19.200 8.000 6.000
      vertex 19.800 8.000 6.000
      vertex 19.800 8.600 6.000
    endloop
  endfacet
  facet normal 0 0 1
    outer loop
      vertex 19.200 8.000 6.000
      vertex 19.800 8.600 6.000
      vertex 19.200 8.600 6.000
    endloop
  endfacet
endsolid grille:h5-14-3
solid grille:h5-14-4
  facet normal 0 0 1
    outer loop
      vertex 19.200 8.600 6.000
      vertex 19.800 8.600 6.000
      vertex 19.800 9.200 6.000
    endloop
  endfacet
  facet normal 0 0 1
    outer loop
      vertex 19.200 8.600 6.000
      vertex 19.800 9.200 6.000
      vertex 19.200 9.200 6.000
    endloop
  endfacet
endsolid grille:h5-14-4
solid grille:h5-15-1
  facet normal 0 0 1
    outer loop
      vertex 19.800 6.800 6.000
      vertex 20.400 6.800 6.000
      vertex 20.400 7.400 6.000
    endloop
  endfacet
  facet normal 0 0 1
    outer loop
      vertex 19.800 6.800 6.000
      vertex 20.400 7.400 6.000
      vertex 19.800 7.400 6.000
    endloop
  endfacet
endsolid grille:h5-15-1
solid grille:h5-15-2
  facet normal 0 0 1
    outer loop
      vertex 19.800 7.400 6.000
      vertex 20.400 7.400 6.000
      vertex 20.400 8.000 6.000
    endloop
  endfacet
  facet normal 0 0 1
    outer loop
      vertex 19.800 7.400 6.000
      vertex 20.400 8.000 6.000
      vertex 19.800 8.000 6.000
    endloop
  endfacet
endsolid grille:h5-15-2
solid grille:h5-15-3
  facet normal 0 0 1
    outer loop
      vertex 19.800 8.000 6.000
      vertex 20.400 8.000 6.000
      vertex 20.400 8.600 6.000
    endloop
  endfacet
  facet normal 0 0 1
    outer loop
      vertex 19.800 8.000 6.000
      vertex 20.400 8.600 6.000
      vertex 19.800 8.600 6.000
    endloop
  endfacet
endsolid grille:h5-15-3
solid grille:h5-15-4
  facet normal 0 0 1
    outer loop
      vertex 19.800 8.600 6.000
      vertex 20.400 8.600 6.000
      vertex 20.400 9.200 6.000
    endloop
  endfacet
  facet normal 0 0 1
    outer loop
      vertex 19.800 8.600 6.000
      vertex 20.400 9.200 6.000
      vertex 19.800 9.200 6.000
    endloop
  endfacet
endsolid grille:h5-15-4
solid grille:h5-16-1
  facet normal 0 0 1
    outer loop
      vertex 20.400 6.800 6.000
      vertex 21.000 6.800 6.000
      vertex 21.000 7.400 6.000
    endloop
  endfacet
  facet normal 0 0 1
    outer loop
      vertex 20.400 6.800 6.000
      vertex 21.000 7.400 6.000
      vertex 20.400 7.400 6.000
    endloop
  endfacet
endsolid grille:h5-16-1
solid grille:h5-16-2
  facet normal 0 0 1
    outer loop
      vertex 20.400 7.400 6.000
      vertex 21.000 7.400 6.000
      vertex 21.000 8.000 6.000
    endloop
  endfacet
  facet normal 0 0 1
    outer loop
      vertex 20.400 7.400 6.000
      vertex 21.000 8.000 6.000
      vertex 20.400 8.000 6.000
    endloop
  endfacet
endsolid grille:h5-16-2
solid grille:h5-16-3
  facet normal 0 0 1
    outer loop
      vertex 20.400 8.000 6.000
      vertex 21.000 8.000 6.000
      vertex 21.000 8.600 6.000
    endloop
  endfacet
  facet normal 0 0 1
    outer loop
      vertex 20.400 8.000 6.000
      vertex 21.000 8.600 6.000
      vertex 20.400 8.600 6.000
    endloop
  endfacet
endsolid grille:h5-16-3
solid grille:h5-16-4
  facet normal 0 0 1
    outer loop
      vertex 20.400 8.600 6.000
      vertex 21.000 8.600 6.000
      vertex 21.000 9.200 6.000
    endloop
  endfacet
  facet normal 0 0 1
    outer loop
      vertex 20.400 8.600 6.000
      vertex 21.000 9.200 6.000
      vertex 20.400 9.200 6.000
    endloop
  endfacet
endsolid grille:h5-16-4
solid grille:h5-17-1
  facet normal 0 0 1
    outer loop
      vertex 21.000 6.800 6.000
      vertex 21.600 6.800 6.000
      vertex 21.600 7.400 6.000
    endloop
  endfacet
  facet normal 0 0 1
    outer loop
      vertex 21.000 6.800 6.000
      vertex 21.600 7.400 6.000
      vertex 21.000 7.400 6.000
    endloop
  endfacet
endsolid grille:h5-17-1
solid grille:h5-17-2
  facet normal 0 0 1
    outer loop
      vertex 21.000 7.400 6.000
      vertex 21.600 7.400 6.000
      vertex 21.600 8.000 6.000
    endloop
  endfacet
  facet normal 0 0 1
    outer loop
      vertex 21.000 7.400 6.000
      vertex 21.600 8.000 6.000
      vertex 21.000 8.000 6.000
    endloop
  endfacet
endsolid grille:h5-17-2
solid grille:h5-17-3
  facet normal 0 0 1
    outer loop
      vertex 21.000 8.000 6.000
      vertex 21.600 8.000 6.000
      vertex 21.600 8.600 6.000
    endloop
  endfacet
  facet normal 0 0 1
    outer loop
      vertex 21.000 8.000 6.000
      vertex 21.600 8.600 6.000
      vertex 21.000 8.600 6.000
    endloop
  endfacet
endsolid grille:h5-17-3
solid grille:h5-17-4
  facet normal 0 0 1
    outer loop
      vertex 21.000 8.600 6.000
      vertex 21.600 8.600 6.000
      vertex 21.600 9.200 6.000
    endloop
  endfacet
  facet normal 0 0 1
    outer loop
      vertex 21.000 8.600 6.000
      vertex 21.600 9.200 6.000
      vertex 21.000 9.200 6.000
    endloop
  endfacet
endsolid grille:h5-17-4
solid grille:h5-18-1
  facet normal 0 0 1
    outer loop
      vertex 21.600 6.800 6.000
      vertex 22.200 6.800 6.000
      vertex 22.200 7.400 6.000
    endloop
  endfacet
  facet normal 0 0 1
    outer loop
      vertex 21.600 6.800 6.000
      vertex 22.200 7.400 6.000
      vertex 21.600 7.400 6.000
    endloop
  endfacet
endsolid grille:h5-18-1
solid grille:h5-18-2
  facet normal 0 0 1
    outer loop
      vertex 21.600 7.400 6.000
      vertex 22.200 7.400 6.000
      vertex 22.200 8.000 6.000
    endloop
  endfacet
  facet normal 0 0 1
    outer loop
      vertex 21.600 7.400 6.000
      vertex 22.200 8.000 6.000
      vertex 21.600 8.000 6.000
    endloop
  endfacet
endsolid grille:h5-18-2
solid grille:h5-18-3
  facet normal 0 0 1
    outer loop
      vertex 21.600 8.000 6.000
      vertex 22.200 8.000 6.000
      vertex 22.200 8.600 6.000
    endloop
  endfacet
  facet normal 0 0 1
    outer loop
      vertex 21.600 8.000 6.000
      vertex 22.200 8.600 6.000
      vertex 21.600 8.600 6.000
    endloop
  endfacet
endsolid grille:h5-18-3
solid grille:h5-18-4
  facet normal 0 0 1
    outer loop
      vertex 21.600 8.600 6.000
      vertex 22.200 8.600 6.000
      vertex 22.200 9.200 6.000
    endloop
  endfacet
  facet normal 0 0 1
    outer loop
      vertex 21.600 8.600 6.000
      vertex 22.200 9.200 6.000
      vertex 21.600 9.200 6.000
    endloop
  endfacet
endsolid grille:h5-18-4
solid grille:h5-19-1
  facet normal 0 0 1
    outer loop
      vertex 22.200 6.800 6.000
      vertex 22.800 6.800 6.000
      vertex 22.800 7.400 6.000
    endloop
  endfacet
  facet normal 0 0 1
    outer loop
      vertex 22.200 6.800 6.000
      vertex 22.800 7.400 6.000
      vertex 22.200 7.400 6.000
    endloop
  endfacet
endsolid grille:h5-19-1
solid grille:h5-19-2
  facet normal 0 0 1
    outer loop
      vertex 22.200 7.400 6.000
      vertex 22.800 7.400 6.000
      vertex 22.800 8.000 6.000
    endloop
  endfacet
  facet normal 0 0 1
    outer loop
      vertex 22.200 7.400 6.000
      vertex 22.800 8.000 6.000
      vertex 22.200 8.000 6.000
    endloop
  endfacet
endsolid grille:h5-19-2
solid grille:h5-19-3
  facet normal 0 0 1
    outer loop
      vertex 22.200 8.000 6.000
      vertex 22.800 8.000 6.000
      vertex 22.800 8.600 6.000
    endloop
  endfacet
  facet normal 0 0 1
    outer loop
      vertex 22.200 8.000 6.000
      vertex 22.800 8.600 6.000
      vertex 22.200 8.600 6.000
    endloop
  endfacet
endsolid grille:h5-19-3
solid grille:h5-19-4
  facet normal 0 0 1
    outer loop
      vertex 22.200 8.600 6.000
      vertex 22.800 8.600 6.000
      vertex 22.800 9.200 6.000
    endloop
  endfacet
  facet normal 0 0 1
    outer loop
      vertex 22.200 8.600 6.000
      vertex 22.800 9.200 6.000
      vertex 22.200 9.200 6.000
    endloop
  endfacet
endsolid grille:h5-19-4
solid grille:h6-01-1
  facet normal 0 0 1
    outer loop
      vertex 11.400 14.600 6.000
      vertex 12.000 14.600 6.000
      vertex 12.000 15.200 6.000
    endloop
  endfacet
  facet normal 0 0 1
    outer loop
      vertex 11.400 14.600 6.000
      vertex 12.000 15.200 6.000
      vertex 11.400 15.200 6.000
    endloop
  endfacet
endsolid grille:h6-01-1
solid grille:h6-01-2
  facet normal 0 0 1
    outer loop
      vertex 11.400 15.200 6.000
      vertex 12.000 15.200 6.000
      vertex 12.000 15.800 6.000
    endloop
  endfacet
  facet normal 0 0 1
    outer loop
      vertex 11.400 15.200 6.000
      vertex 12.000 15.800 6.000
      vertex 11.400 15.800 6.000
    endloop
  endfacet
endsolid grille:h6-01-2
solid grille:h6-01-3
  facet normal 0 0 1
    outer loop
      vertex 11.400 15.800 6.000
      vertex 12.000 15.800 6.000
      vertex 12.000 16.400 6.000
    endloop
  endfacet
  facet normal 0 0 1
    outer loop
      vertex 11.400 15.800 6.000
      vertex 12.000 16.400 6.000
      vertex 11.400 16.400 6.000
    endloop
  endfacet
endsolid grille:h6-01-3
solid grille:h6-01-4
  facet normal 0 0 1
    outer loop
      vertex 11.400 16.400 6.000
      vertex 12.000 16.400 6.000
      vertex 12.000 17.000 6.000
    endloop
  endfacet
  facet normal 0 0 1
    outer loop
      vertex 11.400 16.400 6.000
      vertex 12.000 17.000 6.000
      vertex 11.400 17.000 6.000
    endloop
  endfacet
endsolid grille:h6-01-4
solid grille:h6-02-1
  facet normal 0 0 1
    outer loop
      vertex 12.000 14.600 6.000
      vertex 12.600 14.600 6.000
      vertex 12.600 15.200 6.000
    endloop
  endfacet
  facet normal 0 0 1
    outer loop
      vertex 12.000 14.600 6.000
      vertex 12.600 15.200 6.000
      vertex 12.000 15.200 6.000
    endloop
  endfacet
endsolid grille:h6-02-1
solid grille:h6-02-2
  facet normal 0 0 1
    outer loop
      vertex 12.000 15.200 6.000
      vertex 12.600 15.200 6.000
      vertex 12.600 15.800 6.000
    endloop
  endfacet
  facet normal 0 0 1
    outer loop
      vertex 12.000 15.200 6.000
      vertex 12.600 15.800 6.000
      vertex 12.000 15.800 6.000
    endloop
  endfacet
endsolid grille:h6-02-2
solid grille:h6-02-3
  facet normal 0 0 1
    outer loop
      vertex 12.000 15.800 6.000
      vertex 12.600 15.800 6.000
      vertex 12.600 16.400 6.000
    endloop
  endfacet
  facet normal 0 0 1
    outer loop
      vertex 12.000 15.800 6.000
      vertex 12.600 16.400 6.000
      vertex 12.000 16.400 6.000
    endloop
  endfacet
endsolid grille:h6-02-3
solid grille:h6-02-4
  facet normal 0 0 1
    outer loop
      vertex 12.000 16.400 6.000
      vertex 12.600 16.400 6.000
      vertex 12.600 17.000 6.000
    endloop
  endfacet
  facet normal 0 0 1
    outer loop
      vertex 12.000 16.400 6.000
      vertex 12.600 17.000 6.000
      vertex 12.000 17.000 6.000
    endloop
  endfacet
endsolid grille:h6-02-4
solid grille:h6-03-1
  facet normal 0 0 1
    outer loop
      vertex 12.600 14.600 6.000
      vertex 13.200 14.600 6.000
      vertex 13.200 15.200 6.000
    endloop
  endfacet
  facet normal 0 0 1
    outer loop
      vertex 12.600 14.600 6.000
      vertex 13.200 15.200 6.000
      vertex 12.600 15.200 6.000
    endloop
  endfacet
endsolid grille:h6-03-1
solid grille:h6-03-2
  facet normal 0 0 1
    outer loop
      vertex 12.600 15.200 6.000
      vertex 13.200 15.200 6.000
      vertex 13.200 15.800 6.000
    endloop
  endfacet
  facet normal 0 0 1
    outer loop
      vertex 12.600 15.200 6.000
      vertex 13.200 15.800 6.000
      vertex 12.600 15.800 6.000
    endloop
  endfacet
endsolid grille:h6-03-2
solid grille:h6-03-3
  facet normal 0 0 1
    outer loop
      vertex 12.600 15.800 6.000
      vertex 13.200 15.800 6.000
      vertex 13.200 16.400 6.000
    endloop
  endfacet
  facet normal 0 0 1
    outer loop
      vertex 12.600 15.800 6.000
      vertex 13.200 16.400 6.000
      vertex 12.600 16.400 6.000
    endloop
  endfacet
endsolid grille:h6-03-3
solid grille:h6-03-4
  facet normal 0 0 1
    outer loop
      vertex 12.600 16.400 6.000
      vertex 13.200 16.400 6.000
      vertex 13.200 17.000 6.000
    endloop
  endfacet
  facet normal 0 0 1
    outer loop
      vertex 12.600 16.400 6.000
      vertex 13.200 17.000 6.000
      vertex 12.600 17.000 6.000
    endloop
  endfacet
endsolid grille:h6-03-4
solid grille:h6-04-1
  facet normal 0 0 1
    outer loop
      vertex 13.200 14.600 6.000
      vertex 13.800 14.600 6.000
      vertex 13.800 15.200 6.000
    endloop
  endfacet
  facet normal 0 0 1
    outer loop
      vertex 13.200 14.600 6.000
      vertex 13.800 15.200 6.000
      vertex 13.200 15.200 6.000
    endloop
  endfacet
endsolid grille:h6-04-1
solid grille:h6-04-2
  facet normal 0 0 1
    outer loop
      vertex 13.200 15.200 6.000
      vertex 13.800 15.200 6.000
      vertex 13.800 15.800 6.000
    endloop
  endfacet
  facet normal 0 0 1
    outer loop
      vertex 13.200 15.200 6.000
      vertex 13.800 15.800 6.000
      vertex 13.200 15.800 6.000
    endloop
  endfacet
endsolid grille:h6-04-2
solid grille:h6-04-3
  facet normal 0 0 1
    outer loop
      vertex 13.200 15.800 6.000
      vertex 13.800 15.800 6.000
      vertex 13.800 16.400 6.000
    endloop
  endfacet
  facet normal 0 0 1
    outer loop
      vertex 13.200 15.800 6.000
      vertex 13.800 16.400 6.000
      vertex 13.200 16.400 6.000
    endloop
  endfacet
endsolid grille:h6-04-3
solid grille:h6-04-4
  facet normal 0 0 1
    outer loop
      vertex 13.200 16.400 6.000
      vertex 13.800 16.400 6.000
      vertex 13.800 17.000 6.000
    endloop
  endfacet
  facet normal 0 0 1
    outer loop
      vertex 13.200 16.400 6.000
      vertex 13.800 17.000 6.000
      vertex 13.200 17.000 6.000
    endloop
  endfacet
endsolid grille:h6-04-4
solid grille:h6-05-1
  facet normal 0 0 1
    outer loop
      vertex 13.800 14.600 6.000
      vertex 14.400 14.600 6.000
      vertex 14.400 15.200 6.000
    endloop
  endfacet
  facet normal 0 0 1
    outer loop
      vertex 13.800 14.600 6.000
      vertex 14.400 15.200 6.000
      vertex 13.800 15.200 6.000
    endloop
  endfacet
endsolid grille:h6-05-1
solid grille:h6-05-2
  facet normal 0 0 1
    outer loop
      vertex 13.800 15.200 6.000
      vertex 14.400 15.200 6.000
      vertex 14.400 15.800 6.000
    endloop
  endfacet
  facet normal 0 0 1
    outer loop
      vertex 13.800 15.200 6.000
      vertex 14.400 15.800 6.000
      vertex 13.800 15.800 6.000
    endloop
  endfacet
endsolid grille:h6-05-2
solid grille:h6-05-3
  facet normal 0 0 1
    outer loop
      vertex 13.800 15.800 6.000
      vertex 14.400 15.800 6.000
      vertex 14.400 16.400 6.000
    endloop
  endfacet
  facet normal 0 0 1
    outer loop
      vertex 13.800 15.800 6.000
      vertex 14.400 16.400 6.000
      vertex 13.800 16.400 6.000
    endloop
  endfacet
endsolid grille:h6-05-3
solid grille:h6-05-4
  facet normal 0 0 1
    outer loop
      vertex 13.800 16.400 6.000
      vertex 14.400 16.400 6.000
      vertex 14.400 17.000 6.000
    endloop
  endfacet
  facet normal 0 0 1
    outer loop
      vertex 13.800 16.400 6.000
      vertex 14.400 17.000 6.000
      vertex 13.800 17.000 6.000
    endloop
  endfacet
endsolid grille:h6-05-4
solid grille:h6-06-1
  facet normal 0 0 1
    outer loop
      vertex 14.400 14.600 6.000
      vertex 15.000 14.600 6.000
      vertex 15.000 15.200 6.000
    endloop
  endfacet
  facet normal 0 0 1
    outer loop
      vertex 14.400 14.600 6.000
      vertex 15.000 15.200 6.000
      vertex 14.400 15.200 6.000
    endloop
  endfacet
endsolid grille:h6-06-1
solid grille:h6-06-2
  facet normal 0 0 1
    outer loop
      vertex 14.400 15.200 6.000
      vertex 15.000 15.200 6.000
      vertex 15.000 15.800 6.000
    endloop
  endfacet
  facet normal 0 0 1
    outer loop
      vertex 14.400 15.200 6.000
      vertex 15.000 15.800 6.000
      vertex 14.400 15.800 6.000
    endloop
  endfacet
endsolid grille:h6-06-2
solid grille:h6-06-3
  facet normal 0 0 1
    outer loop
      vertex 14.400 15.800 6.000
      vertex 15.000 15.800 6.000
      vertex 15.000 16.400 6.000
    endloop
  endfacet
  facet normal 0 0 1
    outer loop
      vertex 14.400 15.800 6.000
      vertex 15.000 16.400 6.000
      vertex 14.400 16.400 6.000
    endloop
  endfacet
endsolid grille:h6-06-3
solid grille:h6-06-4
  facet normal 0 0 1
    outer loop
      vertex 14.400 16.400 6.000
      vertex 15.000 16.400 6.000
      vertex 15.000 17.000 6.000
    endloop
  endfacet
  facet normal 0 0 1
    outer loop
      vertex 14.400 16.400 6.000
      vertex 15.000 17.000 6.000
      vertex 14.400 17.000 6.000
    endloop
  endfacet
endsolid grille:h6-06-4
solid grille:h6-07-1
  facet normal 0 0 1
    outer loop
      vertex 15.000 14.600 6.000
      vertex 15.600 14.600 6.000
      vertex 15.600 15.200 6.000
    endloop
  endfacet
  facet normal 0 0 1
    outer loop
      vertex 15.000 14.600 6.000
      vertex 15.600 15.200 6.000
      vertex 15.000 15.200 6.000
    endloop
  endfacet
endsolid grille:h6-07-1
solid grille:h6-07-2
  facet normal 0 0 1
    outer loop
      vertex 15.000 15.200 6.000
      vertex 15.600 15.200 6.000
      vertex 15.600 15.800 6.000
    endloop
  endfacet
  facet normal 0 0 1
    outer loop
      vertex 15.000 15.200 6.000
      vertex 15.600 15.800 6.000
      vertex 15.000 15.800 6.000
    endloop
  endfacet
endsolid grille:h6-07-2
solid grille:h6-07-3
  facet normal 0 0 1
    outer loop
      vertex 15.000 15.800 6.000
      vertex 15.600 15.800 6.000
      vertex 15.600 16.400 6.000
    endloop
  endfacet
  facet normal 0 0 1
    outer loop
      vertex 15.000 15.800 6.000
      vertex 15.600 16.400 6.000
      vertex 15.000 16.400 6.000
    endloop
  endfacet
endsolid grille:h6-07-3
solid grille:h6-07-4
  facet normal 0 0 1
    outer loop
      vertex 15.000 16.400 6.000
      vertex 15.600 16.400 6.000
      vertex 15.600 17.000 6.000
    endloop
  endfacet
  facet normal 0 0 1
    outer loop
      vertex 15.000 16.400 6.000
      vertex 15.600 17.000 6.000
      vertex 15.000 17.000 6.000
    endloop
  endfacet
endsolid grille:h6-07-4
solid grille:h6-08-1
  facet normal 0 0 1
    outer loop
      vertex 15.600 14.600 6.000
      vertex 16.200 14.600 6.000
      vertex 16.200 15.200 6.000
    endloop
  endfacet
  facet normal 0 0 1
    outer loop
      vertex 15.600 14.600 6.000
      vertex 16.200 15.200 6.000
      vertex 15.600 15.200 6.000
    endloop
  endfacet
endsolid grille:h6-08-1
solid grille:h6-08-2
  facet normal 0 0 1
    outer loop
      vertex 15.600 15.200 6.000
      vertex 16.200 15.200 6.000
      vertex 16.200 15.800 6.000
    endloop
  endfacet
  facet normal 0 0 1
    outer loop
      vertex 15.600 15.200 6.000
      vertex 16.200 15.800 6.000
      vertex 15.600 15.800 6.000
    endloop
  endfacet
endsolid grille:h6-08-2
solid grille:h6-08-3
  facet normal 0 0 1
    outer loop
      vertex 15.600 15.800 6.000
      vertex 16.200 15.800 6.000
      vertex 16.200 16.400 6.000
    endloop
  endfacet
  facet normal 0 0 1
    outer loop
      vertex 15.600 15.800 6.000
      vertex 16.200 16.400 6.000
      vertex 15.600 16.400 6.000
    endloop
  endfacet
endsolid grille:h6-08-3
solid grille:h6-08-4
  facet normal 0 0 1
    outer loop
      vertex 15.600 16.400 6.000
      vertex 16.200 16.400 6.000
      vertex 16.200 17.000 6.000
    endloop
  endfacet
  facet normal 0 0 1
    outer loop
      vertex 15.600 16.400 6.000
      vertex 16.200 17.000 6.000
      vertex 15.600 17.000 6.000
    endloop
  endfacet
endsolid grille:h6-08-4
solid grille:h6-09-1
  facet normal 0 0 1
    outer loop
      vertex 16.200 14.600 6.000
      vertex 16.800 14.600 6.000
      vertex 16.800 15.200 6.000
    endloop
  endfacet
  facet normal 0 0 1
    outer loop
      vertex 16.200 14.600 6.000
      vertex 16.800 15.200 6.000
      vertex 16.200 15.200 6.000
    endloop
  endfacet
endsolid grille:h6-09-1
solid grille:h6-09-2
  facet normal 0 0 1
    outer loop
      vertex 16.200 15.200 6.000
      vertex 16.800 15.200 6.000
      vertex 16.800 15.800 6.000
    endloop
  endfacet
  facet normal 0 0 1
    outer loop
      vertex 16.200 15.200 6.000
      vertex 16.800 15.800 6.000
      vertex 16.200 15.800 6.000
    endloop
  endfacet
endsolid grille:h6-09-2
solid grille:h6-09-3
  facet normal 0 0 1
    outer loop
      vertex 16.200 15.800 6.000
      vertex 16.800 15.800 6.000
      vertex 16.800 16.400 6.000
    endloop
  endfacet
  facet normal 0 0 1
    outer loop
      vertex 16.200 15.800 6.000
      vertex 16.800 16.400 6.000
      vertex 16.200 16.400 6.000
    endloop
  endfacet
endsolid grille:h6-09-3
solid grille:h6-09-4
  facet normal 0 0 1
    outer loop
      vertex 16.200 16.400 6.000
      vertex 16.800 16.400 6.000
      vertex 16.800 17.000 6.000
    endloop
  endfacet
  facet normal 0 0 1
    outer loop
      vertex 16.200 16.400 6.000
      vertex 16.800 17.000 6.000
      vertex 16.200 17.000 6.000
    endloop
  endfacet
endsolid grille:h6-09-4
solid grille:h6-10-1
  facet normal 0 0 1
    outer loop
      vertex 16.800 14.600 6.000
      vertex 17.400 14.600 6.000
      vertex 17.400 15.200 6.000
    endloop
  endfacet
  facet normal 0 0 1
    outer loop
      vertex 16.800 14.600 6.000
      vertex 17.400 15.200 6.000
      vertex 16.800 15.200 6.000
    endloop
  endfacet
endsolid grille:h6-10-1
solid grille:h6-10-2
  facet normal 0 0 1
    outer loop
      vertex 16.800 15.200 6.000
      vertex 17.400 15.200 6.000
      vertex 17.400 15.800 6.000
    endloop
  endfacet
  facet normal 0 0 1
    outer loop
      vertex 16.800 15.200 6.000
      vertex 17.400 15.800 6.000
      vertex 16.800 15.800 6.000
    endloop
  endfacet
endsolid grille:h6-10-2
solid grille:h6-10-3
  facet normal 0 0 1
    outer loop
      vertex 16.800 15.800 6.000
      vertex 17.400 15.800 6.000
      vertex 17.400 16.400 6.000
    endloop
  endfacet
  facet normal 0 0 1
    outer loop
      vertex 16.800 15.800 6.000
      vertex 17.400 16.400 6.000
      vertex 16.800 16.400 6.000
    endloop
  endfacet
endsolid grille:h6-10-3
solid grille:h6-10-4
  facet normal 0 0 1
    outer loop
      vertex 16.800 16.400 6.000
      vertex 17.400 16.400 6.000
      vertex 17.400 17.000 6.000
    endloop
  endfacet
  facet normal 0 0 1
    outer loop
      vertex 16.800 16.400 6.000
      vertex 17.400 17.000 6.000
      vertex 16.800 17.000 6.000
    endloop
  endfacet
endsolid grille:h6-10-4
solid grille:h6-11-1
  facet normal 0 0 1
    outer loop
      vertex 17.400 14.600 6.000
      vertex 18.000 14.600 6.000
      vertex 18.000 15.200 6.000
    endloop
  endfacet
  facet normal 0 0 1
    outer loop
      vertex 17.400 14.600 6.000
      vertex 18.000 15.200 6.000
      vertex 17.400 15.200 6.000
    endloop
  endfacet
endsolid grille:h6-11-1
solid grille:h6-11-2
  facet normal 0 0 1
    outer loop
      vertex 17.400 15.200 6.000
      vertex 18.000 15.200 6.000
      vertex 18.000 15.800 6.000
    endloop
  endfacet
  facet normal 0 0 1
    outer loop
      vertex 17.400 15.200 6.000
      vertex 18.000 15.800 6.000
      vertex 17.400 15.800 6.000
    endloop
  endfacet
endsolid grille:h6-11-2
solid grille:h6-11-3
  facet normal 0 0 1
    outer loop
      vertex 17.400 15.800 6.000
      vertex 18.000 15.800 6.000
      vertex 18.000 16.400 6.000
    endloop
  endfacet
  facet normal 0 0 1
    outer loop
      vertex 17.400 15.800 6.000
      vertex 18.000 16.400 6.000
      vertex 17.400 16.400 6.000
    endloop
  endfacet
endsolid grille:h6-11-3
solid grille:h6-11-4
  facet normal 0 0 1
    outer loop
      vertex 17.400 16.400 6.000
      vertex 18.000 16.400 6.000
      vertex 18.000 17.000 6.000
    endloop
  endfacet
  facet normal 0 0 1
    outer loop
      vertex 17.400 16.400 6.000
      vertex 18.000 17.000 6.000
      vertex 17.400 17.000 6.000
    endloop
  endfacet
endsolid grille:h6-11-4
solid grille:h6-12-1
  facet normal 0 0 1
    outer loop
      vertex 18.000 14.600 6.000
      vertex 18.600 14.600 6.000
      vertex 18.600 15.200 6.000
    endloop
  endfacet
  facet normal 0 0 1
    outer loop
      vertex 18.000 14.600 6.000
      vertex 18.600 15.200 6.000
      vertex 18.000 15.200 6.000
    endloop
  endfacet
endsolid grille:h6-12-1
solid grille:h6-12-2
  facet normal 0 0 1
    outer loop
      vertex 18.000 15.200 6.000
      vertex 18.600 15.200 6.000
      vertex 18.600 15.800 6.000
    endloop
  endfacet
  facet normal 0 0 1
    outer loop
      vertex 18.000 15.200 6.000
      vertex 18.600 15.800 6.000
      vertex 18.000 15.800 6.000
    endloop
  endfacet
endsolid grille:h6-12-2
solid grille:h6-12-3
  facet normal 0 0 1
    outer loop
      vertex 18.000 15.800 6.000
      vertex 18.600 15.800 6.000
      vertex 18.600 16.400 6.000
    endloop
  endfacet
  facet normal 0 0 1
    outer loop
      vertex 18.000 15.800 6.000
      vertex 18.600 16.400 6.000
      vertex 18.000 16.400 6.000
    endloop
  endfacet
endsolid grille:h6-12-3
solid grille:h6-12-4
  facet normal 0 0 1
    outer loop
      vertex 18.000 16.400 6.000
      vertex 18.600 16.400 6.000
      vertex 18.600 17.000 6.000
    endloop
  endfacet
  facet normal 0 0 1
    outer loop
      vertex 18.000 16.400 6.000
      vertex 18.600 17.000 6.000
      vertex 18.000 17.000 6.000
    endloop
  endfacet
endsolid grille:h6-12-4
solid grille:h6-13-1
  facet normal 0 0 1
    outer loop
      vertex 18.600 14.600 6.000
      vertex 19.200 14.600 6.000
      vertex 19.200 15.200 6.000
    endloop
  endfacet
  facet normal 0 0 1
    outer loop
      vertex 18.600 14.600 6.000
      vertex 19.200 15.200 6.000
      vertex 18.600 15.200 6.000
    endloop
  endfacet
endsolid grille:h6-13-1
solid grille:h6-13-2
  facet normal 0 0 1
    outer loop
      vertex 18.600 15.200 6.000
      vertex 19.200 15.200 6.000
      vertex 19.200 15.800 6.000
    endloop
  endfacet
  facet normal 0 0 1
    outer loop
      vertex 18.600 15.200 6.000
      vertex 19.200 15.800 6.000
      vertex 18.600 15.800 6.000
    endloop
  endfacet
endsolid grille:h6-13-2
solid grille:h6-13-3
  facet normal 0 0 1
    outer loop
      vertex 18.600 15.800 6.000
      vertex 19.200 15.800 6.000
      vertex 19.200 16.400 6.000
    endloop
  endfacet
  facet normal 0 0 1
    outer loop
      vertex 18.600 15.800 6.000
      vertex 19.200 16.400 6.000
      vertex 18.600 16.400 6.000
    endloop
  endfacet
endsolid grille:h6-13-3
solid grille:h6-13-4
  facet normal 0 0 1
    outer loop
      vertex 18.600 16.400 6.000
      vertex 19.200 16.400 6.000
      vertex 19.200 17.000 6.000
    endloop
  endfacet
  facet normal 0 0 1
    outer loop
      vertex 18.600 16.400 6.000
      vertex 19.200 17.000 6.000
      vertex 18.600 17.000 6.000
    endloop
  endfacet
endsolid grille:h6-13-4
solid grille:h6-14-1
  facet normal 0 0 1
    outer loop
      vertex 19.200 14.600 6.000
      vertex 19.800 14.600 6.000
      vertex 19.800 15.200 6.000
    endloop
  endfacet
  facet normal 0 0 1
    outer loop
      vertex 19.200 14.600 6.000
      vertex 19.800 15.200 6.000
      vertex 19.200 15.200 6.000
    endloop
  endfacet
endsolid grille:h6-14-1
solid grille:h6-14-2
  facet normal 0 0 1
    outer loop
      vertex 19.200 15.200 6.000
      vertex 19.800 15.200 6.000
      vertex 19.800 15.800 6.000
    endloop
  endfacet
  facet normal 0 0 1
    outer loop
      vertex 19.200 15.200 6.000
      vertex 19.800 15.800 6.000
      vertex 19.200 15.800 6.000
    endloop
  endfacet
endsolid grille:h6-14-2
solid grille:h6-14-3
  facet normal 0 0 1
    outer loop
      vertex 19.200 15.800 6.000
      vertex 19.800 15.800 6.000
      vertex 19.800 16.400 6.000
    endloop
  endfacet
  facet normal 0 0 1
    outer loop
      vertex 19.200 15.800 6.000
      vertex 19.800 16.400 6.000
      vertex 19.200 16.400 6.000
    endloop
  endfacet
endsolid grille:h6-14-3
solid grille:h6-14-4
  facet normal 0 0 1
    outer loop
      vertex 19.200 16.400 6.000
      vertex 19.800 16.400 6.000
      vertex 19.800 17.000 6.000
    endloop
  endfacet
  facet normal 0 0 1
    outer loop
      vertex 19.200 16.400 6.000
      vertex 19.800 17.000 6.000
      vertex 19.200 17.000 6.000
    endloop
  endfacet
endsolid grille:h6-14-4
solid grille:h6-15-1
  facet normal 0 0 1
    outer loop
      vertex 19.800 14.600 6.000
      vertex 20.400 14.600 6.000
      vertex 20.400 15.200 6.000
    endloop
  endfacet
  facet normal 0 0 1
    outer loop
      vertex 19.800 14.600 6.000
      vertex 20.400 15.200 6.000
      vertex 19.800 15.200 6.000
    endloop
  endfacet
endsolid grille:h6-15-1
solid grille:h6-15-2
  facet normal 0 0 1
    outer loop
      vertex 19.800 15.200 6.000
      vertex 20.400 15.200 6.000
      vertex 20.400 15.800 6.000
    endloop
  endfacet
  facet normal 0 0 1
    outer loop
      vertex 19.800 15.200 6.000
      vertex 20.400 15.800 6.000
      vertex 19.800 15.800 6.000
    endloop
  endfacet
endsolid grille:h6-15-2
solid grille:h6-15-3
  facet normal 0 0 1
    outer loop
      vertex 19.800 15.800 6.000
      vertex 20.400 15.800 6.000
      vertex 20.400 16.400 6.000
    endloop
  endfacet
  facet normal 0 0 1
    outer loop
      vertex 19.800 15.800 6.000
      vertex 20.400 16.400 6.000
      vertex 19.800 16.400 6.000
    endloop
  endfacet
endsolid grille:h6-15-3
solid grille:h6-15-4
  facet normal 0 0 1
    outer loop
      vertex 19.800 16.400 6.000
      vertex 20.400 16.400 6.000
      vertex 20.400 17.000 6.000
    endloop
  endfacet
  facet normal 0 0 1
    outer loop
      vertex 19.800 16.400 6.000
      vertex 20.400 17.000 6.000
      vertex 19.800 17.000 6.000
    endloop
  endfacet
endsolid grille:h6-15-4
solid grille:h6-16-1
  facet normal 0 0 1
    outer loop
      vertex 20.400 14.600 6.000
      vertex 21.000 14.600 6.000
      vertex 21.000 15.200 6.000
    endloop
  endfacet
  facet normal 0 0 1
    outer loop
      vertex 20.400 14.600 6.000
      vertex 21.000 15.200 6.000
      vertex 20.400 15.200 6.000
    endloop
  endfacet
endsolid grille:h6-16-1
solid grille:h6-16-2
  facet normal 0 0 1
    outer loop
      vertex 20.400 15.200 6.000
      vertex 21.000 15.200 6.000
      vertex 21.000 15.800 6.000
    endloop
  endfacet
  facet normal 0 0 1
    outer loop
      vertex 20.400 15.200 6.000
      vertex 21.000 15.800 6.000
      vertex 20.400 15.800 6.000
    endloop
  endfacet
endsolid grille:h6-16-2
solid grille:h6-16-3
  facet normal 0 0 1
    outer loop
      vertex 20.400 15.800 6.000
      vertex 21.000 15.800 6.000
      vertex 21.000 16.400 6.000
    endloop
  endfacet
  facet normal 0 0 1
    outer loop
      vertex 20.400 15.800 6.000
      vertex 21.000 16.400 6.000
      vertex 20.400 16.400 6.000
    endloop
  endfacet
endsolid grille:h6-16-3
solid grille:h6-16-4
  facet normal 0 0 1
    outer loop
      vertex 20.400 16.400 6.000
      vertex 21.000 16.400 6.000
      vertex 21.000 17.000 6.000
    endloop
  endfacet
  facet normal 0 0 1
    outer loop
      vertex 20.400 16.400 6.000
      vertex 21.000 17.000 6.000
      vertex 20.400 17.000 6.000
    endloop
  endfacet
endsolid grille:h6-16-4
solid grille:h6-17-1
  facet normal 0 0 1
    outer loop
      vertex 21.000 14.600 6.000
      vertex 21.600 14.600 6.000
      vertex 21.600 15.200 6.000
    endloop
  endfacet
  facet normal 0 0 1
    outer loop
      vertex 21.000 14.600 6.000
      vertex 21.600 15.200 6.000
      vertex 21.000 15.200 6.000
    endloop
  endfacet
endsolid grille:h6-17-1
solid grille:h6-17-2
  facet normal 0 0 1
    outer loop
      vertex 21.000 15.200 6.000
      vertex 21.600 15.200 6.000
      vertex 21.600 15.800 6.000
    endloop
  endfacet
  facet normal 0 0 1
    outer loop
      vertex 21.000 15.200 6.000
      vertex 21.600 15.800 6.000
      vertex 21.000 15.800 6.000
    endloop
  endfacet
endsolid grille:h6-17-2
solid grille:h6-17-3
  facet normal 0 0 1
    outer loop
      vertex 21.000 15.800 6.000
      vertex 21.600 15.800 6.000
      vertex 21.600 16.400 6.000
    endloop
  endfacet
  facet normal 0 0 1
    outer loop
      vertex 21.000 15.800 6.000
      vertex 21.600 16.400 6.000
      vertex 21.000 16.400 6.000
    endloop
  endfacet
endsolid grille:h6-17-3
solid grille:h6-17-4
  facet normal 0 0 1
    outer loop
      vertex 21.000 16.400 6.000
      vertex 21.600 16.400 6.000
      vertex 21.600 17.000 6.000
    endloop
  endfacet
  facet normal 0 0 1
    outer loop
      vertex 21.000 16.400 6.000
      vertex 21.600 17.000 6.000
      vertex 21.000 17.000 6.000
    endloop
  endfacet
endsolid grille:h6-17-4
solid grille:h6-18-1
  facet normal 0 0 1
    outer loop
      vertex 21.600 14.600 6.000
      vertex 22.200 14.600 6.000
      vertex 22.200 15.200 6.000
    endloop
  endfacet
  facet normal 0 0 1
    outer loop
      vertex 21.600 14.600 6.000
      vertex 22.200 15.200 6.000
      vertex 21.600 15.200 6.000
    endloop
  endfacet
endsolid grille:h6-18-1
solid grille:h6-18-2
  facet normal 0 0 1
    outer loop
      vertex 21.600 15.200 6.000
      vertex 22.200 15.200 6.000
      vertex 22.200 15.800 6.000
    endloop
  endfacet
  facet normal 0 0 1
    outer loop
      vertex 21.600 15.200 6.000
      vertex 22.200 15.800 6.000
      vertex 21.600 15.800 6.000
    endloop
  endfacet
endsolid grille:h6-18-2
solid grille:h6-18-3
  facet normal 0 0 1
    outer loop
      vertex 21.600 15.800 6.000
      vertex 22.200 15.800 6.000
      vertex 22.200 16.400 6.000
    endloop
  endfacet
  facet normal 0 0 1
    outer loop
      vertex 21.600 15.800 6.000
      vertex 22.200 16.400 6.000
      vertex 21.600 16.400 6.000
    endloop
  endfacet
endsolid grille:h6-18-3
solid grille:h6-18-4
  facet normal 0 0 1
    outer loop
      vertex 21.600 16.400 6.000
      vertex 22.200 16.400 6.000
      vertex 22.200 17.000 6.000
    endloop
  endfacet
  facet normal 0 0 1
    outer loop
      vertex 21.600 16.400 6.000
      vertex 22.200 17.000 6.000
      vertex 21.600 17.000 6.000
    endloop
  endfacet
endsolid grille:h6-18-4
solid grille:h7-01-1
  facet normal 0 0 1
    outer loop
      vertex 11.400 23.000 6.000
      vertex 12.000 23.000 6.000
      vertex 12.000 23.600 6.000
    endloop
  endfacet
  facet normal 0 0 1
    outer loop
      vertex 11.400 23.000 6.000
      vertex 12.000 23.600 6.000
      vertex 11.400 23.600 6.000
    endloop
  endfacet
endsolid grille:h7-01-1
solid grille:h7-01-2
  facet normal 0 0 1
    outer loop
      vertex 11.400 23.600 6.000
      vertex 12.000 23.600 6.000
      vertex 12.000 24.200 6.000
    endloop
  endfacet
  facet normal 0 0 1
    outer loop
      vertex 11.400 23.600 6.000
      vertex 12.000 24.200 6.000
      vertex 11.400 24.200 6.000
    endloop
  endfacet
endsolid grille:h7-01-2
solid grille:h7-01-3
  facet normal 0 0 1
    outer loop
      vertex 11.400 24.200 6.000
      vertex 12.000 24.200 6.000
      vertex 12.000 24.800 6.000
    endloop
  endfacet
  facet normal 0 0 1
    outer loop
      vertex 11.400 24.200 6.000
      vertex 12.000 24.800 6.000
      vertex 11.400 24.800 6.000
    endloop
  endfacet
endsolid grille:h7-01-3
solid grille:h7-01-4
  facet normal 0 0 1
    outer loop
      vertex 11.400 24.800 6.000
      vertex 12.000 24.800 6.000
      vertex 12.000 25.400 6.000
    endloop
  endfacet
  facet normal 0 0 1
    outer loop
      vertex 11.400 24.800 6.000
      vertex 12.000 25.400 6.000
      vertex 11.400 25.400 6.000
    endloop
  endfacet
endsolid grille:h7-01-4
solid grille:h7-02-1
  facet normal 0 0 1
    outer loop
      vertex 12.000 23.000 6.000
      vertex 12.600 23.000 6.000
      vertex 12.600 23.600 6.000
    endloop
  endfacet
  facet normal 0 0 1
    outer loop
      vertex 12.000 23.000 6.000
      vertex 12.600 23.600 6.000
      vertex 12.000 23.600 6.000
    endloop
  endfacet
endsolid grille:h7-02-1
solid grille:h7-02-2
  facet normal 0 0 1
    outer loop
      vertex 12.000 23.600 6.000
      vertex 12.600 23.600 6.000
      vertex 12.600 24.200 6.000
    endloop
  endfacet
  facet normal 0 0 1
    outer loop
      vertex 12.000 23.600 6.000
      vertex 12.600 24.200 6.000
      vertex 12.000 24.200 6.000
    endloop
  endfacet
endsolid grille:h7-02-2
solid grille:h7-02-3
  facet normal 0 0 1
    outer loop
      vertex 12.000 24.200 6.000
      vertex 12.600 24.200 6.000
      vertex 12.600 24.800 6.000
    endloop
  endfacet
  facet normal 0 0 1
    outer loop
      vertex 12.000 24.200 6.000
      vertex 12.600 24.800 6.000
      vertex 12.000 24.800 6.000
    endloop
  endfacet
endsolid grille:h7-02-3
solid grille:h7-02-4
  facet normal 0 0 1
    outer loop
      vertex 12.000 24.800 6.000
      vertex 12.600 24.800 6.000
      vertex 12.600 25.400 6.000
    endloop
  endfacet
  facet normal 0 0 1
    outer loop
      vertex 12.000 24.800 6.000
      vertex 12.600 25.400 6.000
      vertex 12.000 25.400 6.000
    endloop
  endfacet
endsolid grille:h7-02-4
solid grille:h7-03-1
  facet normal 0 0 1
    outer loop
      vertex 12.600 23.000 6.000
      vertex 13.200 23.000 6.000
      vertex 13.200 23.600 6.000
    endloop
  endfacet
  facet normal 0 0 1
    outer loop
      vertex 12.600 23.000 6.000
      vertex 13.200 23.600 6.000
      vertex 12.600 23.600 6.000
    endloop
  endfacet
endsolid grille:h7-03-1
solid grille:h7-03-2
  facet normal 0 0 1
    outer loop
      vertex 12.600 23.600 6.000
      vertex 13.200 23.600 6.000
      vertex 13.200 24.200 6.000
    endloop
  endfacet
  facet normal 0 0 1
    outer loop
      vertex 12.600 23.600 6.000
      vertex 13.200 24.200 6.000
      vertex 12.600 24.200 6.000
    endloop
  endfacet
endsolid grille:h7-03-2
solid grille:h7-03-3
  facet normal 0 0 1
    outer loop
      vertex 12.600 24.200 6.000
      vertex 13.200 24.200 6.000
      vertex 13.200 24.800 6.000
    endloop
  endfacet
  facet normal 0 0 1
    outer loop
      vertex 12.600 24.200 6.000
      vertex 13.200 24.800 6.000
      vertex 12.600 24.800 6.000
    endloop
  endfacet
endsolid grille:h7-03-3
solid grille:h7-03-4
  facet normal 0 0 1
    outer loop
      vertex 12.600 24.800 6.000
      vertex 13.200 24.800 6.000
      vertex 13.200 25.400 6.000
    endloop
  endfacet
  facet normal 0 0 1
    outer loop
      vertex 12.600 24.800 6.000
      vertex 13.200 25.400 6.000
      vertex 12.600 25.400 6.000
    endloop
  endfacet
endsolid grille:h7-03-4
solid grille:h7-04-1
  facet normal 0 0 1
    outer loop
      vertex 13.200 23.000 6.000
      vertex 13.800 23.000 6.000
      vertex 13.800 23.600 6.000
    endloop
  endfacet
  facet normal 0 0 1
    outer loop
      vertex 13.200 23.000 6.000
      vertex 13.800 23.600 6.000
      vertex 13.200 23.600 6.000
    endloop
  endfacet
endsolid grille:h7-04-1
solid grille:h7-04-2
  facet normal 0 0 1
    outer loop
      vertex 13.200 23.600 6.000
      vertex 13.800 23.600 6.000
      vertex 13.800 24.200 6.000
    endloop
  endfacet
  facet normal 0 0 1
    outer loop
      vertex 13.200 23.600 6.000
      vertex 13.800 24.200 6.000
      vertex 13.200 24.200 6.000
    endloop
  endfacet
endsolid grille:h7-04-2
solid grille:h7-04-3
  facet normal 0 0 1
    outer loop
      vertex 13.200 24.200 6.000
      vertex 13.800 24.200 6.000
      vertex 13.800 24.800 6.000
    endloop
  endfacet
  facet normal 0 0 1
    outer loop
      vertex 13.200 24.200 6.000
      vertex 13.800 24.800 6.000
      vertex 13.200 24.800 6.000
    endloop
  endfacet
endsolid grille:h7-04-3
solid grille:h7-04-4
  facet normal 0 0 1
    outer loop
      vertex 13.200 24.800 6.000
      vertex 13.800 24.800 6.000
      vertex 13.800 25.400 6.000
    endloop
  endfacet
  facet normal 0 0 1
    outer loop
      vertex 13.200 24.800 6.000
      vertex 13.800 25.400 6.000
      vertex 13.200 25.400 6.000
    endloop
  endfacet
endsolid grille:h7-04-4
solid grille:h7-05-1
  facet normal 0 0 1
    outer loop
      vertex 13.800 23.000 6.000
      vertex 14.400 23.000 6.000
      vertex 14.400 23.600 6.000
    endloop
  endfacet
  facet normal 0 0 1
    outer loop
      vertex 13.800 23.000 6.000
      vertex 14.400 23.600 6.000
      vertex 13.800 23.600 6.000
    endloop
  endfacet
endsolid grille:h7-05-1
solid grille:h7-05-2
  facet normal 0 0 1
    outer loop
      vertex 13.800 23.600 6.000
      vertex 14.400 23.600 6.000
      vertex 14.400 24.200 6.000
    endloop
  endfacet
  facet normal 0 0 1
    outer loop
      vertex 13.800 23.600 6.000
      vertex 14.400 24.200 6.000
      vertex 13.800 24.200 6.000
    endloop
  endfacet
endsolid grille:h7-05-2
solid grille:h7-05-3
  facet normal 0 0 1
    outer loop
      vertex 13.800 24.200 6.000
      vertex 14.400 24.200 6.000
      vertex 14.400 24.800 6.000
    endloop
  endfacet
  facet normal 0 0 1
    outer loop
      vertex 13.800 24.200 6.000
      vertex 14.400 24.800 6.000
      vertex 13.800 24.800 6.000
    endloop
  endfacet
endsolid grille:h7-05-3
solid grille:h7-05-4
  facet normal 0 0 1
    outer loop
      vertex 13.800 24.800 6.000
      vertex 14.400 24.800 6.000
      vertex 14.400 25.400 6.000
    endloop
  endfacet
  facet normal 0 0 1
    outer loop
      vertex 13.800 24.800 6.000
      vertex 14.400 25.400 6.000
      vertex 13.800 25.400 6.000
    endloop
  endfacet
endsolid grille:h7-05-4
solid grille:h7-06-1
  facet normal 0 0 1
    outer loop
      vertex 14.400 23.000 6.000
      vertex 15.000 23.000 6.000
      vertex 15.000 23.600 6.000
    endloop
  endfacet
  facet normal 0 0 1
    outer loop
      vertex 14.400 23.000 6.000
      vertex 15.000 23.600 6.000
      vertex 14.400 23.600 6.000
    endloop
  endfacet
endsolid grille:h7-06-1
solid grille:h7-06-2
  facet normal 0 0 1
    outer loop
      vertex 14.400 23.600 6.000
      vertex 15.000 23.600 6.000
      vertex 15.000 24.200 6.000
    endloop
  endfacet
  facet normal 0 0 1
    outer loop
      vertex 14.400 23.600 6.000
      vertex 15.000 24.200 6.000
      vertex 14.400 24.200 6.000
    endloop
  endfacet
endsolid grille:h7-06-2
solid grille:h7-06-3
  facet normal 0 0 1
    outer loop
      vertex 14.400 24.200 6.000
      vertex 15.000 24.200 6.000
      vertex 15.000 24.800 6.000
    endloop
  endfacet
  facet normal 0 0 1
    outer loop
      vertex 14.400 24.200 6.000
      vertex 15.000 24.800 6.000
      vertex 14.400 24.800 6.000
    endloop
  endfacet
endsolid grille:h7-06-3
solid grille:h7-06-4
  facet normal 0 0 1
    outer loop
      vertex 14.400 24.800 6.000
      vertex 15.000 24.800 6.000
      vertex 15.000 25.400 6.000
    endloop
  endfacet
  facet normal 0 0 1
    outer loop
      vertex 14.400 24.800 6.000
      vertex 15.000 25.400 6.000
      vertex 14.400 25.400 6.000
    endloop
  endfacet
endsolid grille:h7-06-4
solid grille:h7-07-1
  facet normal 0 0 1
    outer loop
      vertex 15.000 23.000 6.000
      vertex 15.600 23.000 6.000
      vertex 15.600 23.600 6.000
    endloop
  endfacet
  facet normal 0 0 1
    outer loop
      vertex 15.000 23.000 6.000
      vertex 15.600 23.600 6.000
      vertex 15.000 23.600 6.000
    endloop
  endfacet
endsolid grille:h7-07-1
solid grille:h7-07-2
  facet normal 0 0 1
    outer loop
      vertex 15.000 23.600 6.000
      vertex 15.600 23.600 6.000
      vertex 15.600 24.200 6.000
    endloop
  endfacet
  facet normal 0 0 1
    outer loop
      vertex 15.000 23.600 6.000
      vertex 15.600 24.200 6.000
      vertex 15.000 24.200 6.000
    endloop
  endfacet
endsolid grille:h7-07-2
solid grille:h7-07-3
  facet normal 0 0 1
    outer loop
      vertex 15.000 24.200 6.000
      vertex 15.600 24.200 6.000
      vertex 15.600 24.800 6.000
    endloop
  endfacet
  facet normal 0 0 1
    outer loop
      vertex 15.000 24.200 6.000
      vertex 15.600 24.800 6.000
      vertex 15.000 24.800 6.000
    endloop
  endfacet
endsolid grille:h7-07-3
solid grille:h7-07-4
  facet normal 0 0 1
    outer loop
      vertex 15.000 24.800 6.000
      vertex 15.600 24.800 6.000
      vertex 15.600 25.400 6.000
    endloop
  endfacet
  facet normal 0 0 1
    outer loop
      vertex 15.000 24.800 6.000
      vertex 15.600 25.400 6.000
      vertex 15.000 25.400 6.000
    endloop
  endfacet
endsolid grille:h7-07-4
solid grille:h7-08-1
  facet normal 0 0 1
    outer loop
      vertex 15.600 23.000 6.000
      vertex 16.200 23.000 6.000
      vertex 16.200 23.600 6.000
    endloop
  endfacet
  facet normal 0 0 1
    outer loop
      vertex 15.600 23.000 6.000
      vertex 16.200 23.600 6.000
      vertex 15.600 23.600 6.000
    endloop
  endfacet
endsolid grille:h7-08-1
solid grille:h7-08-2
  facet normal 0 0 1
    outer loop
      vertex 15.600 23.600 6.000
      vertex 16.200 23.600 6.000
      vertex 16.200 24.200 6.000
    endloop
  endfacet
  facet normal 0 0 1
    outer loop
      vertex 15.600 23.600 6.000
      vertex 16.200 24.200 6.000
      vertex 15.600 24.200 6.000
    endloop
  endfacet
endsolid grille:h7-08-2
solid grille:h7-08-3
  facet normal 0 0 1
    outer loop
      vertex 15.600 24.200 6.000
      vertex 16.200 24.200 6.000
      vertex 16.200 24.800 6.000
    endloop
  endfacet
  facet normal 0 0 1
    outer loop
      vertex 15.600 24.200 6.000
      vertex 16.200 24.800 6.000
      vertex 15.600 24.800 6.000
    endloop
  endfacet
endsolid grille:h7-08-3
solid grille:h7-08-4
  facet normal 0 0 1
    outer loop
      vertex 15.600 24.800 6.000
      vertex 16.200 24.800 6.000
      vertex 16.200 25.400 6.000
    endloop
  endfacet
  facet normal 0 0 1
    outer loop
      vertex 15.600 24.800 6.000
      vertex 16.200 25.400 6.000
      vertex 15.600 25.400 6.000
    endloop
  endfacet
endsolid grille:h7-08-4
solid grille:h7-09-1
  facet normal 0 0 1
    outer loop
      vertex 16.200 23.000 6.000
      vertex 16.800 23.000 6.000
      vertex 16.800 23.600 6.000
    endloop
  endfacet
  facet normal 0 0 1
    outer loop
      vertex 16.200 23.000 6.000
      vertex 16.800 23.600 6.000
      vertex 16.200 23.600 6.000
    endloop
  endfacet
endsolid grille:h7-09-1
solid grille:h7-09-2
  facet normal 0 0 1
    outer loop
      vertex 16.200 23.600 6.000
      vertex 16.800 23.600 6.000
      vertex 16.800 24.200 6.000
    endloop
  endfacet
  facet normal 0 0 1
    outer loop
      vertex 16.200 23.600 6.000
      vertex 16.800 24.200 6.000
      vertex 16.200 24.200 6.000
    endloop
  endfacet
endsolid grille:h7-09-2
solid grille:h7-09-3
  facet normal 0 0 1
    outer loop
      vertex 16.200 24.200 6.000
      vertex 16.800 24.200 6.000
      vertex 16.800 24.800 6.000
    endloop
  endfacet
  facet normal 0 0 1
    outer loop
      vertex 16.200 24.200 6.000
      vertex 16.800 24.800 6.000
      vertex 16.200 24.800 6.000
    endloop
  endfacet
endsolid grille:h7-09-3
solid grille:h7-09-4
  facet normal 0 0 1
    outer loop
      vertex 16.200 24.800 6.000
      vertex 16.800 24.800 6.000
      vertex 16.800 25.400 6.000
    endloop
  endfacet
  facet normal 0 0 1
    outer loop
      vertex 16.200 24.800 6.000
      vertex 16.800 25.400 6.000
      vertex 16.200 25.400 6.000
    endloop
  endfacet
endsolid grille:h7-09-4
solid grille:h7-10-1
  facet normal 0 0 1
    outer loop
      vertex 16.800 23.000 6.000
      vertex 17.400 23.000 6.000
      vertex 17.400 23.600 6.000
    endloop
  endfacet
  facet normal 0 0 1
    outer loop
      vertex 16.800 23.000 6.000
      vertex 17.400 23.600 6.000
      vertex 16.800 23.600 6.000
    endloop
  endfacet
endsolid grille:h7-10-1
solid grille:h7-10-2
  facet normal 0 0 1
    outer loop
      vertex 16.800 23.600 6.000
      vertex 17.400 23.600 6.000
      vertex 17.400 24.200 6.000
    endloop
  endfacet
  facet normal 0 0 1
    outer loop
      vertex 16.800 23.600 6.000
      vertex 17.400 24.200 6.000
      vertex 16.800 24.200 6.000
    endloop
  endfacet
endsolid grille:h7-10-2
solid grille:h7-10-3
  facet normal 0 0 1
    outer loop
      vertex 16.800 24.200 6.000
      vertex 17.400 24.200 6.000
      vertex 17.400 24.800 6.000
    endloop
  endfacet
  facet normal 0 0 1
    outer loop
      vertex 16.800 24.200 6.000
      vertex 17.400 24.800 6.000
      vertex 16.800 24.800 6.000
    endloop
  endfacet
endsolid grille:h7-10-3
solid grille:h7-10-4
  facet normal 0 0 1
    outer loop
      vertex 16.800 24.800 6.000
      vertex 17.400 24.800 6.000
      vertex 17.400 25.400 6.000
    endloop
  endfacet
  facet normal 0 0 1
    outer loop
      vertex 16.800 24.800 6.000
      vertex 17.400 25.400 6.000
      vertex 16.800 25.400 6.000
    endloop
  endfacet
endsolid grille:h7-10-4
solid grille:h7-11-1
  facet normal 0 0 1
    outer loop
      vertex 17.400 23.000 6.000
      vertex 18.000 23.000 6.000
      vertex 18.000 23.600 6.000
    endloop
  endfacet
  facet normal 0 0 1
    outer loop
      vertex 17.400 23.000 6.000
      vertex 18.000 23.600 6.000
      vertex 17.400 23.600 6.000
    endloop
  endfacet
endsolid grille:h7-11-1
solid grille:h7-11-2
  facet normal 0 0 1
    outer loop
      vertex 17.400 23.600 6.000
      vertex 18.000 23.600 6.000
      vertex 18.000 24.200 6.000
    endloop
  endfacet
  facet normal 0 0 1
    outer loop
      vertex 17.400 23.600 6.000
      vertex 18.000 24.200 6.000
      vertex 17.400 24.200 6.000
    endloop
  endfacet
endsolid grille:h7-11-2
solid grille:h7-11-3
  facet normal 0 0 1
    outer loop
      vertex 17.400 24.200 6.000
      vertex 18.000 24.200 6.000
      vertex 18.000 24.800 6.000
    endloop
  endfacet
  facet normal 0 0 1
    outer loop
      vertex 17.400 24.200 6.000
      vertex 18.000 24.800 6.000
      vertex 17.400 24.800 6.000
    endloop
  endfacet
endsolid grille:h7-11-3
solid grille:h7-11-4
  facet normal 0 0 1
    outer loop
      vertex 17.400 24.800 6.000
      vertex 18.000 24.800 6.000
      vertex 18.000 25.400 6.000
    endloop
  endfacet
  facet normal 0 0 1
    outer loop
      vertex 17.400 24.800 6.000
      vertex 18.000 25.400 6.000
      vertex 17.400 25.400 6.000
    endloop
  endfacet
endsolid grille:h7-11-4
solid grille:h7-12-1
  facet normal 0 0 1
    outer loop
      vertex 18.000 23.000 6.000
      vertex 18.600 23.000 6.000
      vertex 18.600 23.600 6.000
    endloop
  endfacet
  facet normal 0 0 1
    outer loop
      vertex 18.000 23.000 6.000
      vertex 18.600 23.600 6.000
      vertex 18.000 23.600 6.000
    endloop
  endfacet
endsolid grille:h7-12-1
solid grille:h7-12-2
  facet normal 0 0 1
    outer loop
      vertex 18.000 23.600 6.000
      vertex 18.600 23.600 6.000
      vertex 18.600 24.200 6.000
    endloop
  endfacet
  facet normal 0 0 1
    outer loop
      vertex 18.000 23.600 6.000
      vertex 18.600 24.200 6.000
      vertex 18.000 24.200 6.000
    endloop
  endfacet
endsolid grille:h7-12-2
solid grille:h7-12-3
  facet normal 0 0 1
    outer loop
      vertex 18.000 24.200 6.000
      vertex 18.600 24.200 6.000
      vertex 18.600 24.800 6.000
    endloop
  endfacet
  facet normal 0 0 1
    outer loop
      vertex 18.000 24.200 6.000
      vertex 18.600 24.800 6.000
      vertex 18.000 24.800 6.000
    endloop
  endfacet
endsolid grille:h7-12-3
solid grille:h7-12-4
  facet normal 0 0 1
    outer loop
      vertex 18.000 24.800 6.000
      vertex 18.600 24.800 6.000
      vertex 18.600 25.400 6.000
    endloop
  endfacet
  facet normal 0 0 1
    outer loop
      vertex 18.000 24.800 6.000
      vertex 18.600 25.400 6.000
      vertex 18.000 25.400 6.000
    endloop
  endfacet
endsolid grille:h7-12-4
solid grille:h7-13-1
  facet normal 0 0 1
    outer loop
      vertex 18.600 23.000 6.000
      vertex 19.200 23.000 6.000
      vertex 19.200 23.600 6.000
    endloop
  endfacet
  facet normal 0 0 1
    outer loop
      vertex 18.600 23.000 6.000
      vertex 19.200 23.600 6.000
      vertex 18.600 23.600 6.000
    endloop
  endfacet
endsolid grille:h7-13-1
solid grille:h7-13-2
  facet normal 0 0 1
    outer loop
      vertex 18.600 23.600 6.000
      vertex 19.200 23.600 6.000
      vertex 19.200 24.200 6.000
    endloop
  endfacet
  facet normal 0 0 1
    outer loop
      vertex 18.600 23.600 6.000
      vertex 19.200 24.200 6.000
      vertex 18.600 24.200 6.000
    endloop
  endfacet
endsolid grille:h7-13-2
solid grille:h7-13-3
  facet normal 0 0 1
    outer loop
      vertex 18.600 24.200 6.000
      vertex 19.200 24.200 6.000
      vertex 19.200 24.800 6.000
    endloop
  endfacet
  facet normal 0 0 1
    outer loop
      vertex 18.600 24.200 6.000
      vertex 19.200 24.800 6.000
      vertex 18.600 24.800 6.000
    endloop
  endfacet
endsolid grille:h7-13-3
solid grille:h7-13-4
  facet normal 0 0 1
    outer loop
      vertex 18.600 24.800 6.000
      vertex 19.200 24.800 6.000
      vertex 19.200 25.400 6.000
    endloop
  endfacet
  facet normal 0 0 1
    outer loop
      vertex 18.600 24.800 6.000
      vertex 19.200 25.400 6.000
      vertex 18.600 25.400 6.000
    endloop
  endfacet
endsolid grille:h7-13-4
solid grille:h7-14-1
  facet normal 0 0 1
    outer loop
      vertex 19.200 23.000 6.000
      vertex 19.800 23.000 6.000
      vertex 19.800 23.600 6.000
    endloop
  endfacet
  facet normal 0 0 1
    outer loop
      vertex 19.200 23.000 6.000
      vertex 19.800 23.600 6.000
      vertex 19.200 23.600 6.000
    endloop
  endfacet
endsolid grille:h7-14-1
solid grille:h7-14-2
  facet normal 0 0 1
    outer loop
      vertex 19.200 23.600 6.000
      vertex 19.800 23.600 6.000
      vertex 19.800 24.200 6.000
    endloop
  endfacet
  facet normal 0 0 1
    outer loop
      vertex 19.200 23.600 6.000
      vertex 19.800 24.200 6.000
      vertex 19.200 24.200 6.000
    endloop
  endfacet
endsolid grille:h7-14-2
solid grille:h7-14-3
  facet normal 0 0 1
    outer loop
      vertex 19.200 24.200 6.000
      vertex 19.800 24.200 6.000
      vertex 19.800 24.800 6.000
    endloop
  endfacet
  facet normal 0 0 1
    outer loop
      vertex 19.200 24.200 6.000
      vertex 19.800 24.800 6.000
      vertex 19.200 24.800 6.000
    endloop
  endfacet
endsolid grille:h7-14-3
solid grille:h7-14-4
  facet normal 0 0 1
    outer loop
      vertex 19.200 24.800 6.000
      vertex 19.800 24.800 6.000
      vertex 19.800 25.400 6.000
    endloop
  endfacet
  facet normal 0 0 1
    outer loop
      vertex 19.200 24.800 6.000
      vertex 19.800 25.400 6.000
      vertex 19.200 25.400 6.000
    endloop
  endfacet
endsolid grille:h7-14-4
solid grille:h7-15-1
  facet normal 0 0 1
    outer loop
      vertex 19.800 23.000 6.000
      vertex 20.400 23.000 6.000
      vertex 20.400 23.600 6.000
    endloop
  endfacet
  facet normal 0 0 1
    outer loop
      vertex 19.800 23.000 6.000
      vertex 20.400 23.600 6.000
      vertex 19.800 23.600 6.000
    endloop
  endfacet
endsolid grille:h7-15-1
solid grille:h7-15-2
  facet normal 0 0 1
    outer loop
      vertex 19.800 23.600 6.000
      vertex 20.400 23.600 6.000
      vertex 20.400 24.200 6.000
    endloop
  endfacet
  facet normal 0 0 1
    outer loop
      vertex 19.800 23.600 6.000
      vertex 20.400 24.200 6.000
      vertex 19.800 24.200 6.000
    endloop
  endfacet
endsolid grille:h7-15-2
solid grille:h7-15-3
  facet normal 0 0 1
    outer loop
      vertex 19.800 24.200 6.000
      vertex 20.400 24.200 6.000
      vertex 20.400 24.800 6.000
    endloop
  endfacet
  facet normal 0 0 1
    outer loop
      vertex 19.800 24.200 6.000
      vertex 20.400 24.800 6.000
      vertex 19.800 24.800 6.000
    endloop
  endfacet
endsolid grille:h7-15-3
solid grille:h7-15-4
  facet normal 0 0 1
    outer loop
      vertex 19.800 24.800 6.000
      vertex 20.400 24.800 6.000
      vertex 20.400 25.400 6.000
    endloop
  endfacet
  facet normal 0 0 1
    outer loop
      vertex 19.800 24.800 6.000
      vertex 20.400 25.400 6.000
      vertex 19.800 25.400 6.000
    endloop
  endfacet
endsolid grille:h7-15-4
solid grille:h7-16-1
  facet normal 0 0 1
    outer loop
      vertex 20.400 23.000 6.000
      vertex 21.000 23.000 6.000
      vertex 21.000 23.600 6.000
    endloop
  endfacet
  facet normal 0 0 1
    outer loop
      vertex 20.400 23.000 6.000
      vertex 21.000 23.600 6.000
      vertex 20.400 23.600 6.000
    endloop
  endfacet
endsolid grille:h7-16-1
solid grille:h7-16-2
  facet normal 0 0 1
    outer loop
      vertex 20.400 23.600 6.000
      vertex 21.000 23.600 6.000
      vertex 21.000 24.200 6.000
    endloop
  endfacet
  facet normal 0 0 1
    outer loop
      vertex 20.400 23.600 6.000
      vertex 21.000 24.200 6.000
      vertex 20.400 24.200 6.000
    endloop
  endfacet
endsolid grille:h7-16-2
solid grille:h7-16-3
  facet normal 0 0 1
    outer loop
      vertex 20.400 24.200 6.000
      vertex 21.000 24.200 6.000
      vertex 21.000 24.800 6.000
    endloop
  endfacet
  facet normal 0 0 1
    outer loop
      vertex 20.400 24.200 6.000
      vertex 21.000 24.800 6.000
      vertex 20.400 24.800 6.000
    endloop
  endfacet
endsolid grille:h7-16-3
solid grille:h7-16-4
  facet normal 0 0 1
    outer loop
      vertex 20.400 24.800 6.000
      vertex 21.000 24.800 6.000
      vertex 21.000 25.400 6.000
    endloop
  endfacet
  facet normal 0 0 1
    outer loop
      vertex 20.400 24.800 6.000
      vertex 21.000 25.400 6.000
      vertex 20.400 25.400 6.000
    endloop
  endfacet
endsolid grille:h7-16-4
solid grille:h7-17-1
  facet normal 0 0 1
    outer loop
      vertex 21.000 23.000 6.000
      vertex 21.600 23.000 6.000
      vertex 21.600 23.600 6.000
    endloop
  endfacet
  facet normal 0 0 1
    outer loop
      vertex 21.000 23.000 6.000
      vertex 21.600 23.600 6.000
      vertex 21.000 23.600 6.000
    endloop
  endfacet
endsolid grille:h7-17-1
solid grille:h7-17-2
  facet normal 0 0 1
    outer loop
      vertex 21.000 23.600 6.000
      vertex 21.600 23.600 6.000
      vertex 21.600 24.200 6.000
    endloop
  endfacet
  facet normal 0 0 1
    outer loop
      vertex 21.000 23.600 6.000
      vertex 21.600 24.200 6.000
      vertex 21.000 24.200 6.000
    endloop
  endfacet
endsolid grille:h7-17-2
solid grille:h7-17-3
  facet normal 0 0 1
    outer loop
      vertex 21.000 24.200 6.000
      vertex 21.600 24.200 6.000
      vertex 21.600 24.800 6.000
    endloop
  endfacet
  facet normal 0 0 1
    outer loop
      vertex 21.000 24.200 6.000
      vertex 21.600 24.800 6.000
      vertex 21.000 24.800 6.000
    endloop
  endfacet
endsolid grille:h7-17-3
solid grille:h7-17-4
  facet normal 0 0 1
    outer loop
      vertex 21.000 24.800 6.000
      vertex 21.600 24.800 6.000
      vertex 21.600 25.400 6.000
    endloop
  endfacet
  facet normal 0 0 1
    outer loop
      vertex 21.000 24.800 6.000
      vertex 21.600 25.400 6.000
      vertex 21.000 25.400 6.000
    endloop
  endfacet
endsolid grille:h7-17-4
solid grille:h7-18-1
  facet normal 0 0 1
    outer loop
      vertex 21.600 23.000 6.000
      vertex 22.200 23.000 6.000
      vertex 22.200 23.600 6.000
    endloop
  endfacet
  facet normal 0 0 1
    outer loop
      vertex 21.600 23.000 6.000
      vertex 22.200 23.600 6.000
      vertex 21.600 23.600 6.000
    endloop
  endfacet
endsolid grille:h7-18-1
solid grille:h7-18-2
  facet normal 0 0 1
    outer loop
      vertex 21.600 23.600 6.000
      vertex 22.200 23.600 6.000
      vertex 22.200 24.200 6.000
    endloop
  endfacet
  facet normal 0 0 1
    outer loop
      vertex 21.600 23.600 6.000
      vertex 22.200 24.200 6.000
      vertex 21.600 24.200 6.000
    endloop
  endfacet
endsolid grille:h7-18-2
solid grille:h7-18-3
  facet normal 0 0 1
    outer loop
      vertex 21.600 24.200 6.000
      vertex 22.200 24.200 6.000
      vertex 22.200 24.800 6.000
    endloop
  endfacet
  facet normal 0 0 1
    outer loop
      vertex 21.600 24.200 6.000
      vertex 22.200 24.800 6.000
      vertex 21.600 24.800 6.000
    endloop
  endfacet
endsolid grille:h7-18-3
solid grille:h7-18-4
  facet normal 0 0 1
    outer loop
      vertex 21.600 24.800 6.000
      vertex 22.200 24.800 6.000
      vertex 22.200 25.400 6.000
    endloop
  endfacet
  facet normal 0 0 1
    outer loop
      vertex 21.600 24.800 6.000
      vertex 22.200 25.400 6.000
      vertex 21.600 25.400 6.000
    endloop
  endfacet
endsolid grille:h7-18-4
solid grille:h7-19-1
  facet normal 0 0 1
    outer loop
      vertex 22.200 23.000 6.000
      vertex 22.800 23.000 6.000
      vertex 22.800 23.600 6.000
    endloop
  endfacet
  facet normal 0 0 1
    outer loop
      vertex 22.200 23.000 6.000
      vertex 22.800 23.600 6.000
      vertex 22.200 23.600 6.000
    endloop
  endfacet
endsolid grille:h7-19-1
solid grille:h7-19-2
  facet normal 0 0 1
    outer loop
      vertex 22.200 23.600 6.000
      vertex 22.800 23.600 6.000
      vertex 22.800 24.200 6.000
    endloop
  endfacet
  facet normal 0 0 1
    outer loop
      vertex 22.200 23.600 6.000
      vertex 22.800 24.200 6.000
      vertex 22.200 24.200 6.000
    endloop
  endfacet
endsolid grille:h7-19-2
solid grille:h7-19-3
  facet normal 0 0 1
    outer loop
      vertex 22.200 24.200 6.000
      vertex 22.800 24.200 6.000
      vertex 22.800 24.800 6.000
    endloop
  endfacet
  facet normal 0 0 1
    outer loop
      vertex 22.200 24.200 6.000
      vertex 22.800 24.800 6.000
      vertex 22.200 24.800 6.000
    endloop
  endfacet
endsolid grille:h7-19-3
solid grille:h7-19-4
  facet normal 0 0 1
    outer loop
      vertex 22.200 24.800 6.000
      vertex 22.800 24.800 6.000
      vertex 22.800 25.400 6.000
    endloop
  endfacet
  facet normal 0 0 1
    outer loop
      vertex 22.200 24.800 6.000
      vertex 22.800 25.400 6.000
      vertex 22.200 25.400 6.000
    endloop
  endfacet
endsolid grille:h7-19-4
solid grille:h8-01-1
  facet normal 0 0 1
    outer loop
      vertex 11.400 30.800 6.000
      vertex 12.000 30.800 6.000
      vertex 12.000 31.400 6.000
    endloop
  endfacet
  facet normal 0 0 1
    outer loop
      vertex 11.400 30.800 6.000
      vertex 12.000 31.400 6.000
      vertex 11.400 31.400 6.000
    endloop
  endfacet
endsolid grille:h8-01-1
solid grille:h8-01-2
  facet normal 0 0 1
    outer loop
      vertex 11.400 31.400 6.000
      vertex 12.000 31.400 6.000
      vertex 12.000 32.000 6.000
    endloop
  endfacet
  facet normal 0 0 1
    outer loop
      vertex 11.400 31.400 6.000
      vertex 12.000 32.000 6.000
      vertex 11.400 32.000 6.000
    endloop
  endfacet
endsolid grille:h8-01-2
solid grille:h8-01-3
  facet normal 0 0 1
    outer loop
      vertex 11.400 32.000 6.000
      vertex 12.000 32.000 6.000
      vertex 12.000 32.600 6.000
    endloop
  endfacet
  facet normal 0 0 1
    outer loop
      vertex 11.400 32.000 6.000
      vertex 12.000 32.600 6.000
      vertex 11.400 32.600 6.000
    endloop
  endfacet
endsolid grille:h8-01-3
solid grille:h8-01-4
  facet normal 0 0 1
    outer loop
      vertex 11.400 32.600 6.000
      vertex 12.000 32.600 6.000
      vertex 12.000 33.200 6.000
    endloop
  endfacet
  facet normal 0 0 1
    outer loop
      vertex 11.400 32.600 6.000
      vertex 12.000 33.200 6.000
      vertex 11.400 33.200 6.000
    endloop
  endfacet
endsolid grille:h8-01-4
solid grille:h8-02-1
  facet normal 0 0 1
    outer loop
      vertex 12.000 30.800 6.000
      vertex 12.600 30.800 6.000
      vertex 12.600 31.400 6.000
    endloop
  endfacet
  facet normal 0 0 1
    outer loop
      vertex 12.000 30.800 6.000
      vertex 12.600 31.400 6.000
      vertex 12.000 31.400 6.000
    endloop
  endfacet
endsolid grille:h8-02-1
solid grille:h8-02-2
  facet normal 0 0 1
    outer loop
      vertex 12.000 31.400 6.000
      vertex 12.600 31.400 6.000
      vertex 12.600 32.000 6.000
    endloop
  endfacet
  facet normal 0 0 1
    outer loop
      vertex 12.000 31.400 6.000
      vertex 12.600 32.000 6.000
      vertex 12.000 32.000 6.000
    endloop
  endfacet
endsolid grille:h8-02-2
solid grille:h8-02-3
  facet normal 0 0 1
    outer loop
      vertex 12.000 32.000 6.000
      vertex 12.600 32.000 6.000
      vertex 12.600 32.600 6.000
    endloop
  endfacet
  facet normal 0 0 1
    outer loop
      vertex 12.000 32.000 6.000
      vertex 12.600 32.600 6.000
      vertex 12.000 32.600 6.000
    endloop
  endfacet
endsolid grille:h8-02-3
solid grille:h8-02-4
  facet normal 0 0 1
    outer loop
      vertex 12.000 32.600 6.000
      vertex 12.600 32.600 6.000
      vertex 12.600 33.200 6.000
    endloop
  endfacet
  facet normal 0 0 1
    outer loop
      vertex 12.000 32.600 6.000
      vertex 12.600 33.200 6.000
      vertex 12.000 33.200 6.000
    endloop
  endfacet
endsolid grille:h8-02-4
solid grille:h8-03-1
  facet normal 0 0 1
    outer loop
      vertex 12.600 30.800 6.000
      vertex 13.200 30.800 6.000
      vertex 13.200 31.400 6.000
    endloop
  endfacet
  facet normal 0 0 1
    outer loop
      vertex 12.600 30.800 6.000
      vertex 13.200 31.400 6.000
      vertex 12.600 31.400 6.000
    endloop
  endfacet
endsolid grille:h8-03-1
solid grille:h8-03-2
  facet normal 0 0 1
    outer loop
      vertex 12.600 31.400 6.000
      vertex 13.200 31.400 6.000
      vertex 13.200 32.000 6.000
    endloop
  endfacet
  facet normal 0 0 1
    outer loop
      vertex 12.600 31.400 6.000
      vertex 13.200 32.000 6.000
      vertex 12.600 32.000 6.000
    endloop
  endfacet
endsolid grille:h8-03-2
solid grille:h8-03-3
  facet normal 0 0 1
    outer loop
      vertex 12.600 32.000 6.000
      vertex 13.200 32.000 6.000
      vertex 13.200 32.600 6.000
    endloop
  endfacet
  facet normal 0 0 1
    outer loop
      vertex 12.600 32.000 6.000
      vertex 13.200 32.600 6.000
      vertex 12.600 32.600 6.000
    endloop
  endfacet
endsolid grille:h8-03-3
solid grille:h8-03-4
  facet normal 0 0 1
    outer loop
      vertex 12.600 32.600 6.000
      vertex 13.200 32.600 6.000
      vertex 13.200 33.200 6.000
    endloop
  endfacet
  facet normal 0 0 1
    outer loop
      vertex 12.600 32.600 6.000
      vertex 13.200 33.200 6.000
      vertex 12.600 33.200 6.000
    endloop
  endfacet
endsolid grille:h8-03-4
solid grille:h8-04-1
  facet normal 0 0 1
    outer loop
      vertex 13.200 30.800 6.000
      vertex 13.800 30.800 6.000
      vertex 13.800 31.400 6.000
    endloop
  endfacet
  facet normal 0 0 1
    outer loop
      vertex 13.200 30.800 6.000
      vertex 13.800 31.400 6.000
      vertex 13.200 31.400 6.000
    endloop
  endfacet
endsolid grille:h8-04-1
solid grille:h8-04-2
  facet normal 0 0 1
    outer loop
      vertex 13.200 31.400 6.000
      vertex 13.800 31.400 6.000
      vertex 13.800 32.000 6.000
    endloop
  endfacet
  facet normal 0 0 1
    outer loop
      vertex 13.200 31.400 6.000
      vertex 13.800 32.000 6.000
      vertex 13.200 32.000 6.000
    endloop
  endfacet
endsolid grille:h8-04-2
solid grille:h8-04-3
  facet normal 0 0 1
    outer loop
      vertex 13.200 32.000 6.000
      vertex 13.800 32.000 6.000
      vertex 13.800 32.600 6.000
    endloop
  endfacet
  facet normal 0 0 1
    outer loop
      vertex 13.200 32.000 6.000
      vertex 13.800 32.600 6.000
      vertex 13.200 32.600 6.000
    endloop
  endfacet
endsolid grille:h8-04-3
solid grille:h8-04-4
  facet normal 0 0 1
    outer loop
      vertex 13.200 32.600 6.000
      vertex 13.800 32.600 6.000
      vertex 13.800 33.200 6.000
    endloop
  endfacet
  facet normal 0 0 1
    outer loop
      vertex 13.200 32.600 6.000
      vertex 13.800 33.200 6.000
      vertex 13.200 33.200 6.000
    endloop
  endfacet
endsolid grille:h8-04-4
solid grille:h8-05-1
  facet normal 0 0 1
    outer loop
      vertex 13.800 30.800 6.000
      vertex 14.400 30.800 6.000
      vertex 14.400 31.400 6.000
    endloop
  endfacet
  facet normal 0 0 1
    outer loop
      vertex 13.800 30.800 6.000
      vertex 14.400 31.400 6.000
      vertex 13.800 31.400 6.000
    endloop
  endfacet
endsolid grille:h8-05-1
solid grille:h8-05-2
  facet normal 0 0 1
    outer loop
      vertex 13.800 31.400 6.000
      vertex 14.400 31.400 6.000
      vertex 14.400 32.000 6.000
    endloop
  endfacet
  facet normal 0 0 1
    outer loop
      vertex 13.800 31.400 6.000
      vertex 14.400 32.000 6.000
      vertex 13.800 32.000 6.000
    endloop
  endfacet
endsolid grille:h8-05-2
solid grille:h8-05-3
  facet normal 0 0 1
    outer loop
      vertex 13.800 32.000 6.000
      vertex 14.400 32.000 6.000
      vertex 14.400 32.600 6.000
    endloop
  endfacet
  facet normal 0 0 1
    outer loop
      vertex 13.800 32.000 6.000
      vertex 14.400 32.600 6.000
      vertex 13.800 32.600 6.000
    endloop
  endfacet
endsolid grille:h8-05-3
solid grille:h8-05-4
  facet normal 0 0 1
    outer loop
      vertex 13.800 32.600 6.000
      vertex 14.400 32.600 6.000
      vertex 14.400 33.200 6.000
    endloop
  endfacet
  facet normal 0 0 1
    outer loop
      vertex 13.800 32.600 6.000
      vertex 14.400 33.200 6.000
      vertex 13.800 33.200 6.000
    endloop
  endfacet
endsolid grille:h8-05-4
solid grille:h8-06-1
  facet normal 0 0 1
    outer loop
      vertex 14.400 30.800 6.000
      vertex 15.000 30.800 6.000
      vertex 15.000 31.400 6.000
    endloop
  endfacet
  facet normal 0 0 1
    outer loop
      vertex 14.400 30.800 6.000
      vertex 15.000 31.400 6.000
      vertex 14.400 31.400 6.000
    endloop
  endfacet
endsolid grille:h8-06-1
solid grille:h8-06-2
  facet normal 0 0 1
    outer loop
      vertex 14.400 31.400 6.000
      vertex 15.000 31.400 6.000
      vertex 15.000 32.000 6.000
    endloop
  endfacet
  facet normal 0 0 1
    outer loop
      vertex 14.400 31.400 6.000
      vertex 15.000 32.000 6.000
      vertex 14.400 32.000 6.000
    endloop
  endfacet
endsolid grille:h8-06-2
solid grille:h8-06-3
  facet normal 0 0 1
    outer loop
      vertex 14.400 32.000 6.000
      vertex 15.000 32.000 6.000
      vertex 15.000 32.600 6.000
    endloop
  endfacet
  facet normal 0 0 1
    outer loop
      vertex 14.400 32.000 6.000
      vertex 15.000 32.600 6.000
      vertex 14.400 32.600 6.000
    endloop
  endfacet
endsolid grille:h8-06-3
solid grille:h8-06-4
  facet normal 0 0 1
    outer loop
      vertex 14.400 32.600 6.000
      vertex 15.000 32.600 6.000
      vertex 15.000 33.200 6.000
    endloop
  endfacet
  facet normal 0 0 1
    outer loop
      vertex 14.400 32.600 6.000
      vertex 15.000 33.200 6.000
      vertex 14.400 33.200 6.000
    endloop
  endfacet
endsolid grille:h8-06-4
solid grille:h8-07-1
  facet normal 0 0 1
    outer loop
      vertex 15.000 30.800 6.000
      vertex 15.600 30.800 6.000
      vertex 15.600 31.400 6.000
    endloop
  endfacet
  facet normal 0 0 1
    outer loop
      vertex 15.000 30.800 6.000
      vertex 15.600 31.400 6.000
      vertex 15.000 31.400 6.000
    endloop
  endfacet
endsolid grille:h8-07-1
solid grille:h8-07-2
  facet normal 0 0 1
    outer loop
      vertex 15.000 31.400 6.000
      vertex 15.600 31.400 6.000
      vertex 15.600 32.000 6.000
    endloop
  endfacet
  facet normal 0 0 1
    outer loop
      vertex 15.000 31.400 6.000
      vertex 15.600 32.000 6.000
      vertex 15.000 32.000 6.000
    endloop
  endfacet
endsolid grille:h8-07-2
solid grille:h8-07-3
  facet normal 0 0 1
    outer loop
      vertex 15.000 32.000 6.000
      vertex 15.600 32.000 6.000
      vertex 15.600 32.600 6.000
    endloop
  endfacet
  facet normal 0 0 1
    outer loop
      vertex 15.000 32.000 6.000
      vertex 15.600 32.600 6.000
      vertex 15.000 32.600 6.000
    endloop
  endfacet
endsolid grille:h8-07-3
solid grille:h8-07-4
  facet normal 0 0 1
    outer loop
      vertex 15.000 32.600 6.000
      vertex 15.600 32.600 6.000
      vertex 15.600 33.200 6.000
    endloop
  endfacet
  facet normal 0 0 1
    outer loop
      vertex 15.000 32.600 6.000
      vertex 15.600 33.200 6.000
      vertex 15.000 33.200 6.000
    endloop
  endfacet
endsolid grille:h8-07-4
solid grille:h8-08-1
  facet normal 0 0 1
    outer loop
      vertex 15.600 30.800 6.000
      vertex 16.200 30.800 6.000
      vertex 16.200 31.400 6.000
    endloop
  endfacet
  facet normal 0 0 1
    outer loop
      vertex 15.600 30.800 6.000
      vertex 16.200 31.400 6.000
      vertex 15.600 31.400 6.000
    endloop
  endfacet
endsolid grille:h8-08-1
solid grille:h8-08-2
  facet normal 0 0 1
    outer loop
      vertex 15.600 31.400 6.000
      vertex 16.200 31.400 6.000
      vertex 16.200 32.000 6.000
    endloop
  endfacet
  facet normal 0 0 1
    outer loop
      vertex 15.600 31.400 6.000
      vertex 16.200 32.000 6.000
      vertex 15.600 32.000 6.000
    endloop
  endfacet
endsolid grille:h8-08-2
solid grille:h8-08-3
  facet normal 0 0 1
    outer loop
      vertex 15.600 32.000 6.000
      vertex 16.200 32.000 6.000
      vertex 16.200 32.600 6.000
    endloop
  endfacet
  facet normal 0 0 1
    outer loop
      vertex 15.600 32.000 6.000
      vertex 16.200 32.600 6.000
      vertex 15.600 32.600 6.000
    endloop
  endfacet
endsolid grille:h8-08-3
solid grille:h8-08-4
  facet normal 0 0 1
    outer loop
      vertex 15.600 32.600 6.000
      vertex 16.200 32.600 6.000
      vertex 16.200 33.200 6.000
    endloop
  endfacet
  facet normal 0 0 1
    outer loop
      vertex 15.600 32.600 6.000
      vertex 16.200 33.200 6.000
      vertex 15.600 33.200 6.000
    endloop
  endfacet
endsolid grille:h8-08-4
solid grille:h8-09-1
  facet normal 0 0 1
    outer loop
      vertex 16.200 30.800 6.000
      vertex 16.800 30.800 6.000
      vertex 16.800 31.400 6.000
    endloop
  endfacet
  facet normal 0 0 1
    outer loop
      vertex 16.200 30.800 6.000
      vertex 16.800 31.400 6.000
      vertex 16.200 31.400 6.000
    endloop
  endfacet
endsolid grille:h8-09-1
solid grille:h8-09-2
  facet normal 0 0 1
    outer loop
      vertex 16.200 31.400 6.000
      vertex 16.800 31.400 6.000
      vertex 16.800 32.000 6.000
    endloop
  endfacet
  facet normal 0 0 1
    outer loop
      vertex 16.200 31.400 6.000
      vertex 16.800 32.000 6.000
      vertex 16.200 32.000 6.000
    endloop
  endfacet
endsolid grille:h8-09-2
solid grille:h8-09-3
  facet normal 0 0 1
    outer loop
      vertex 16.200 32.000 6.000
      vertex 16.800 32.000 6.000
      vertex 16.800 32.600 6.000
    endloop
  endfacet
  facet normal 0 0 1
    outer loop
      vertex 16.200 32.000 6.000
      vertex 16.800 32.600 6.000
      vertex 16.200 32.600 6.000
    endloop
  endfacet
endsolid grille:h8-09-3
solid grille:h8-09-4
  facet normal 0 0 1
    outer loop
      vertex 16.200 32.600 6.000
      vertex 16.800 32.600 6.000
      vertex 16.800 33.200 6.000
    endloop
  endfacet
  facet normal 0 0 1
    outer loop
      vertex 16.200 32.600 6.000
      vertex 16.800 33.200 6.000
      vertex 16.200 33.200 6.000
    endloop
  endfacet
endsolid grille:h8-09-4
solid grille:h8-10-1
  facet normal 0 0 1
    outer loop
      vertex 16.800 30.800 6.000
      vertex 17.400 30.800 6.000
      vertex 17.400 31.400 6.000
    endloop
  endfacet
  facet normal 0 0 1
    outer loop
      vertex 16.800 30.800 6.000
      vertex 17.400 31.400 6.000
      vertex 16.800 31.400 6.000
    endloop
  endfacet
endsolid grille:h8-10-1
solid grille:h8-10-2
  facet normal 0 0 1
    outer loop
      vertex 16.800 31.400 6.000
      vertex 17.400 31.400 6.000
      vertex 17.400 32.000 6.000
    endloop
  endfacet
  facet normal 0 0 1
    outer loop
      vertex 16.800 31.400 6.000
      vertex 17.400 32.000 6.000
      vertex 16.800 32.000 6.000
    endloop
  endfacet
endsolid grille:h8-10-2
solid grille:h8-10-3
  facet normal 0 0 1
    outer loop
      vertex 16.800 32.000 6.000
      vertex 17.400 32.000 6.000
      vertex 17.400 32.600 6.000
    endloop
  endfacet
  facet normal 0 0 1
    outer loop
      vertex 16.800 32.000 6.000
      vertex 17.400 32.600 6.000
      vertex 16.800 32.600 6.000
    endloop
  endfacet
endsolid grille:h8-10-3
solid grille:h8-10-4
  facet normal 0 0 1
    outer loop
      vertex 16.800 32.600 6.000
      vertex 17.400 32.600 6.000
      vertex 17.400 33.200 6.000
    endloop
  endfacet
  facet normal 0 0 1
    outer loop
      vertex 16.800 32.600 6.000
      vertex 17.400 33.200 6.000
      vertex 16.800 33.200 6.000
    endloop
  endfacet
endsolid grille:h8-10-4
solid grille:h8-11-1
  facet normal 0 0 1
    outer loop
      vertex 17.400 30.800 6.000
      vertex 18.000 30.800 6.000
      vertex 18.000 31.400 6.000
    endloop
  endfacet
  facet normal 0 0 1
    outer loop
      vertex 17.400 30.800 6.000
      vertex 18.000 31.400 6.000
      vertex 17.400 31.400 6.000
    endloop
  endfacet
endsolid grille:h8-11-1
solid grille:h8-11-2
  facet normal 0 0 1
    outer loop
      vertex 17.400 31.400 6.000
      vertex 18.000 31.400 6.000
      vertex 18.000 32.000 6.000
    endloop
  endfacet
  facet normal 0 0 1
    outer loop
      vertex 17.400 31.400 6.000
      vertex 18.000 32.000 6.000
      vertex 17.400 32.000 6.000
    endloop
  endfacet
endsolid grille:h8-11-2
solid grille:h8-11-3
  facet normal 0 0 1
    outer loop
      vertex 17.400 32.000 6.000
      vertex 18.000 32.000 6.000
      vertex 18.000 32.600 6.000
    endloop
  endfacet
  facet normal 0 0 1
    outer loop
      vertex 17.400 32.000 6.000
      vertex 18.000 32.600 6.000
      vertex 17.400 32.600 6.000
    endloop
  endfacet
endsolid grille:h8-11-3
solid grille:h8-11-4
  facet normal 0 0 1
    outer loop
      vertex 17.400 32.600 6.000
      vertex 18.000 32.600 6.000
      vertex 18.000 33.200 6.000
    endloop
  endfacet
  facet normal 0 0 1
    outer loop
      vertex 17.400 32.600 6.000
      vertex 18.000 33.200 6.000
      vertex 17.400 33.200 6.000
    endloop
  endfacet
endsolid grille:h8-11-4
solid grille:h8-12-1
  facet normal 0 0 1
    outer loop
      vertex 18.000 30.800 6.000
      vertex 18.600 30.800 6.000
      vertex 18.600 31.400 6.000
    endloop
  endfacet
  facet normal 0 0 1
    outer loop
      vertex 18.000 30.800 6.000
      vertex 18.600 31.400 6.000
      vertex 18.000 31.400 6.000
    endloop
  endfacet
endsolid grille:h8-12-1
solid grille:h8-12-2
  facet normal 0 0 1
    outer loop
      vertex 18.000 31.400 6.000
      vertex 18.600 31.400 6.000
      vertex 18.600 32.000 6.000
    endloop
  endfacet
  facet normal 0 0 1
    outer loop
      vertex 18.000 31.400 6.000
      vertex 18.600 32.000 6.000
      vertex 18.000 32.000 6.000
    endloop
  endfacet
endsolid grille:h8-12-2
solid grille:h8-12-3
  facet normal 0 0 1
    outer loop
      vertex 18.000 32.000 6.000
      vertex 18.600 32.000 6.000
      vertex 18.600 32.600 6.000
    endloop
  endfacet
  facet normal 0 0 1
    outer loop
      vertex 18.000 32.000 6.000
      vertex 18.600 32.600 6.000
      vertex 18.000 32.600 6.000
    endloop
  endfacet
endsolid grille:h8-12-3
solid grille:h8-12-4
  facet normal 0 0 1
    outer loop
      vertex 18.000 32.600 6.000
      vertex 18.600 32.600 6.000
      vertex 18.600 33.200 6.000
    endloop
  endfacet
  facet normal 0 0 1
    outer loop
      vertex 18.000 32.600 6.000
      vertex 18.600 33.200 6.000
      vertex 18.000 33.200 6.000
    endloop
  endfacet
endsolid grille:h8-12-4
solid grille:h8-13-1
  facet normal 0 0 1
    outer loop
      vertex 18.600 30.800 6.000
      vertex 19.200 30.800 6.000
      vertex 19.200 31.400 6.000
    endloop
  endfacet
  facet normal 0 0 1
    outer loop
      vertex 18.600 30.800 6.000
      vertex 19.200 31.400 6.000
      vertex 18.600 31.400 6.000
    endloop
  endfacet
endsolid grille:h8-13-1
solid grille:h8-13-2
  facet normal 0 0 1
    outer loop
      vertex 18.600 31.400 6.000
      vertex 19.200 31.400 6.000
      vertex 19.200 32.000 6.000
    endloop
  endfacet
  facet normal 0 0 1
    outer loop
      vertex 18.600 31.400 6.000
      vertex 19.200 32.000 6.000
      vertex 18.600 32.000 6.000
    endloop
  endfacet
endsolid grille:h8-13-2
solid grille:h8-13-3
  facet normal 0 0 1
    outer loop
      vertex 18.600 32.000 6.000
      vertex 19.200 32.000 6.000
      vertex 19.200 32.600 6.000
    endloop
  endfacet
  facet normal 0 0 1
    outer loop
      vertex 18.600 32.000 6.000
      vertex 19.200 32.600 6.000
      vertex 18.600 32.600 6.000
    endloop
  endfacet
endsolid grille:h8-13-3
solid grille:h8-13-4
  facet normal 0 0 1
    outer loop
      vertex 18.600 32.600 6.000
      vertex 19.200 32.600 6.000
      vertex 19.200 33.200 6.000
    endloop
  endfacet
  facet normal 0 0 1
    outer loop
      vertex 18.600 32.600 6.000
      vertex 19.200 33.200 6.000
      vertex 18.600 33.200 6.000
    endloop
  endfacet
endsolid grille:h8-13-4
solid grille:h8-14-1
  facet normal 0 0 1
    outer loop
      vertex 19.200 30.800 6.000
      vertex 19.800 30.800 6.000
      vertex 19.800 31.400 6.000
    endloop
  endfacet
  facet normal 0 0 1
    outer loop
      vertex 19.200 30.800 6.000
      vertex 19.800 31.400 6.000
      vertex 19.200 31.400 6.000
    endloop
  endfacet
endsolid grille:h8-14-1
solid grille:h8-14-2
  facet normal 0 0 1
    outer loop
      vertex 19.200 31.400 6.000
      vertex 19.800 31.400 6.000
      vertex 19.800 32.000 6.000
    endloop
  endfacet
  facet normal 0 0 1
    outer loop
      vertex 19.200 31.400 6.000
      vertex 19.800 32.000 6.000
      vertex 19.200 32.000 6.000
    endloop
  endfacet
endsolid grille:h8-14-2
solid grille:h8-14-3
  facet normal 0 0 1
    outer loop
      vertex 19.200 32.000 6.000
      vertex 19.800 32.000 6.000
      vertex 19.800 32.600 6.000
    endloop
  endfacet
  facet normal 0 0 1
    outer loop
      vertex 19.200 32.000 6.000
      vertex 19.800 32.600 6.000
      vertex 19.200 32.600 6.000
    endloop
  endfacet
endsolid grille:h8-14-3
solid grille:h8-14-4
  facet normal 0 0 1
    outer loop
      vertex 19.200 32.600 6.000
      vertex 19.800 32.600 6.000
      vertex 19.800 33.200 6.000
    endloop
  endfacet
  facet normal 0 0 1
    outer loop
      vertex 19.200 32.600 6.000
      vertex 19.800 33.200 6.000
      vertex 19.200 33.200 6.000
    endloop
  endfacet
endsolid grille:h8-14-4
solid grille:h8-15-1
  facet normal 0 0 1
    outer loop
      vertex 19.800 30.800 6.000
      vertex 20.400 30.800 6.000
      vertex 20.400 31.400 6.000
    endloop
  endfacet
  facet normal 0 0 1
    outer loop
      vertex 19.800 30.800 6.000
      vertex 20.400 31.400 6.000
      vertex 19.800 31.400 6.000
    endloop
  endfacet
endsolid grille:h8-15-1
solid grille:h8-15-2
  facet normal 0 0 1
    outer loop
      vertex 19.800 31.400 6.000
      vertex 20.400 31.400 6.000
      vertex 20.400 32.000 6.000
    endloop
  endfacet
  facet normal 0 0 1
    outer loop
      vertex 19.800 31.400 6.000
      vertex 20.400 32.000 6.000
      vertex 19.800 32.000 6.000
    endloop
  endfacet
endsolid grille:h8-15-2
solid grille:h8-15-3
  facet normal 0 0 1
    outer loop
      vertex 19.800 32.000 6.000
      vertex 20.400 32.000 6.000
      vertex 20.400 32.600 6.000
    endloop
  endfacet
  facet normal 0 0 1
    outer loop
      vertex 19.800 32.000 6.000
      vertex 20.400 32.600 6.000
      vertex 19.800 32.600 6.000
    endloop
  endfacet
endsolid grille:h8-15-3
solid grille:h8-15-4
  facet normal 0 0 1
    outer loop
      vertex 19.800 32.600 6.000
      vertex 20.400 32.600 6.000
      vertex 20.400 33.200 6.000
    endloop
  endfacet
  facet normal 0 0 1
    outer loop
      vertex 19.800 32.600 6.000
      vertex 20.400 33.200 6.000
      vertex 19.800 33.200 6.000
    endloop
  endfacet
endsolid grille:h8-15-4
solid grille:h8-16-1
  facet normal 0 0 1
    outer loop
      vertex 20.400 30.800 6.000
      vertex 21.000 30.800 6.000
      vertex 21.000 31.400 6.000
    endloop
  endfacet
  facet normal 0 0 1
    outer loop
      vertex 20.400 30.800 6.000
      vertex 21.000 31.400 6.000
      vertex 20.400 31.400 6.000
    endloop
  endfacet
endsolid grille:h8-16-1
solid grille:h8-16-2
  facet normal 0 0 1
    outer loop
      vertex 20.400 31.400 6.000
      vertex 21.000 31.400 6.000
      vertex 21.000 32.000 6.000
    endloop
  endfacet
  facet normal 0 0 1
    outer loop
      vertex 20.400 31.400 6.000
      vertex 21.000 32.000 6.000
      vertex 20.400 32.000 6.000
    endloop
  endfacet
endsolid grille:h8-16-2
solid grille:h8-16-3
  facet normal 0 0 1
    outer loop
      vertex 20.400 32.000 6.000
      vertex 21.000 32.000 6.000
      vertex 21.000 32.600 6.000
    endloop
  endfacet
  facet normal 0 0 1
    outer loop
      vertex 20.400 32.000 6.000
      vertex 21.000 32.600 6.000
      vertex 20.400 32.600 6.000
    endloop
  endfacet
endsolid grille:h8-16-3
solid grille:h8-16-4
  facet normal 0 0 1
    outer loop
      vertex 20.400 32.600 6.000
      vertex 21.000 32.600 6.000
      vertex 21.000 33.200 6.000
    endloop
  endfacet
  facet normal 0 0 1
    outer loop
      vertex 20.400 32.600 6.000
      vertex 21.000 33.200 6.000
      vertex 20.400 33.200 6.000
    endloop
  endfacet
endsolid grille:h8-16-4
solid grille:h8-17-1
  facet normal 0 0 1
    outer loop
      vertex 21.000 30.800 6.000
      vertex 21.600 30.800 6.000
      vertex 21.600 31.400 6.000
    endloop
  endfacet
  facet normal 0 0 1
    outer loop
      vertex 21.000 30.800 6.000
      vertex 21.600 31.400 6.000
      vertex 21.000 31.400 6.000
    endloop
  endfacet
endsolid grille:h8-17-1
solid grille:h8-17-2
  facet normal 0 0 1
    outer loop
      vertex 21.000 31.400 6.000
      vertex 21.600 31.400 6.000
      vertex 21.600 32.000 6.000
    endloop
  endfacet
  facet normal 0 0 1
    outer loop
      vertex 21.000 31.400 6.000
      vertex 21.600 32.000 6.000
      vertex 21.000 32.000 6.000
    endloop
  endfacet
endsolid grille:h8-17-2
solid grille:h8-17-3
  facet normal 0 0 1
    outer loop
      vertex 21.000 32.000 6.000
      vertex 21.600 32.000 6.000
      vertex 21.600 32.600 6.000
    endloop
  endfacet
  facet normal 0 0 1
    outer loop
      vertex 21.000 32.000 6.000
      vertex 21.600 32.600 6.000
      vertex 21.000 32.600 6.000
    endloop
  endfacet
endsolid grille:h8-17-3
solid grille:h8-17-4
  facet normal 0 0 1
    outer loop
      vertex 21.000 32.600 6.000
      vertex 21.600 32.600 6.000
      vertex 21.600 33.200 6.000
    endloop
  endfacet
  facet normal 0 0 1
    outer loop
      vertex 21.000 32.600 6.000
      vertex 21.600 33.200 6.000
      vertex 21.000 33.200 6.000
    endloop
  endfacet
endsolid grille:h8-17-4
solid grille:h8-18-1
  facet normal 0 0 1
    outer loop
      vertex 21.600 30.800 6.000
      vertex 22.200 30.800 6.000
      vertex 22.200 31.400 6.000
    endloop
  endfacet
  facet normal 0 0 1
    outer loop
      vertex 21.600 30.800 6.000
      vertex 22.200 31.400 6.000
      vertex 21.600 31.400 6.000
    endloop
  endfacet
endsolid grille:h8-18-1
solid grille:h8-18-2
  facet normal 0 0 1
    outer loop
      vertex 21.600 31.400 6.000
      vertex 22.200 31.400 6.000
      vertex 22.200 32.000 6.000
    endloop
  endfacet
  facet normal 0 0 1
    outer loop
      vertex 21.600 31.400 6.000
      vertex 22.200 32.000 6.000
      vertex 21.600 32.000 6.000
    endloop
  endfacet
endsolid grille:h8-18-2
solid grille:h8-18-3
  facet normal 0 0 1
    outer loop
      vertex 21.600 32.000 6.000
      vertex 22.200 32.000 6.000
      vertex 22.200 32.600 6.000
    endloop
  endfacet
  facet normal 0 0 1
    outer loop
      vertex 21.600 32.000 6.000
      vertex 22.200 32.600 6.000
      vertex 21.600 32.600 6.000
    endloop
  endfacet
endsolid grille:h8-18-3
solid grille:h8-18-4
  facet normal 0 0 1
    outer loop
      vertex 21.600 32.600 6.000
      vertex 22.200 32.600 6.000
      vertex 22.200 33.200 6.000
    endloop
  endfacet
  facet normal 0 0 1
    outer loop
      vertex 21.600 32.600 6.000
      vertex 22.200 33.200 6.000
      vertex 21.600 33.200 6.000
    endloop
  endfacet
endsolid grille:h8-18-4
solid grille:h8-19-1
  facet normal 0 0 1
    outer loop
      vertex 22.200 30.800 6.000
      vertex 22.800 30.800 6.000
      vertex 22.800 31.400 6.000
    endloop
  endfacet
  facet normal 0 0 1
    outer loop
      vertex 22.200 30.800 6.000
      vertex 22.800 31.400 6.000
      vertex 22.200 31.400 6.000
    endloop
  endfacet
endsolid grille:h8-19-1
solid grille:h8-19-2
  facet normal 0 0 1
    outer loop
      vertex 22.200 31.400 6.000
      vertex 22.800 31.400 6.000
      vertex 22.800 32.000 6.000
    endloop
  endfacet
  facet normal 0 0 1
    outer loop
      vertex 22.200 31.400 6.000
      vertex 22.800 32.000 6.000
      vertex 22.200 32.000 6.000
    endloop
  endfacet
endsolid grille:h8-19-2
solid grille:h8-19-3
  facet normal 0 0 1
    outer loop
      vertex 22.200 32.000 6.000
      vertex 22.800 32.000 6.000
      vertex 22.800 32.600 6.000
    endloop
  endfacet
  facet normal 0 0 1
    outer loop
      vertex 22.200 32.000 6.000
      vertex 22.800 32.600 6.000
      vertex 22.200 32.600 6.000
    endloop
  endfacet
endsolid grille:h8-19-3
solid grille:h8-19-4
  facet normal 0 0 1
    outer loop
      vertex 22.200 32.600 6.000
      vertex 22.800 32.600 6.000
      vertex 22.800 33.200 6.000
    endloop
  endfacet
  facet normal 0 0 1
    outer loop
      vertex 22.200 32.600 6.000
      vertex 22.800 33.200 6.000
      vertex 22.200 33.200 6.000
    endloop
  endfacet
endsolid grille:h8-19-4
